58015,安徽,砀山,116.2,34.27,44.2
58016,安徽,萧县,116.58,34.11,34.7
58102,安徽,亳州,115.46,33.52,37.7
58107,安徽,临泉,115.17,33.01,35.8
58108,安徽,界首,115.2,33.14,34
58109,安徽,太和,115.37,33.11,33
58112,安徽,天柱山,116.27,30.44,968.2
58113,安徽,濉溪,116.45,33.56,31.6
58114,安徽,涡阳,116.11,33.29,30.4
58116,安徽,淮北,116.5,33.59,31.5
58117,安徽,利辛,116.12,33.08,27.9
58118,安徽,蒙城,116.31,33.16,26
58122,安徽,宿州,116.59,33.38,25.9
58125,安徽,灵璧,117.31,33.35,23.9
58126,安徽,泗县,117.52,33.28,19.5
58127,安徽,怀远,117.12,32.59,21.2
58128,安徽,固镇,117.21,33.2,19.3
58129,安徽,五河,117.5,33.09,17
58202,安徽,阜南,115.34,32.4,31.7
58203,安徽,阜阳,115.44,32.52,32.7
58210,安徽,颍上,116.14,32.39,25.2
58212,安徽,凤台,116.46,32.43,22
58214,安徽,霍邱,116.17,32.2,32.9
58215,安徽,寿县,116.47,32.26,22.7
58220,安徽,长丰,117.09,32.28,28.1
58221,安徽,蚌埠,117.18,32.51,21.9
58222,安徽,凤阳,117.33,32.51,24.6
58223,安徽,明光,117.59,32.48,31.4
58224,安徽,淮南,117.01,32.39,32.6
58225,安徽,定远,117.4,32.32,69.6
58234,安徽,来安,118.25,32.28,40.4
58236,安徽,滁州,118.15,32.21,33.5
58240,安徽,天长,119.01,32.41,21.3
58306,安徽,金寨,115.53,31.41,95.4
58311,安徽,六安,116.3,31.44,74.1
58314,安徽,霍山,116.19,31.24,86.4
58316,安徽,舒城,116.55,31.28,23.6
58317,安徽,岳西,116.22,30.52,434.2
58319,安徽,桐城,116.57,31.04,85.4
58320,安徽,肥西,117.08,31.44,21.8
58321,安徽,合肥,117.18,31.47,27
58323,安徽,肥东,117.28,31.53,25
58326,安徽,巢湖,117.5,31.35,30.9
58327,安徽,庐江,117.17,31.16,45.2
58329,安徽,无为,117.52,31.2,9.6
58330,安徽,含山,118.05,31.45,26
58331,安徽,和县,118.22,31.44,22.5
58334,安徽,芜湖,118.22,31.23,9.5
58335,安徽,当涂,118.31,31.34,23.2
58336,安徽,马鞍山,118.34,31.42,80
58337,安徽,繁昌,118.11,31.05,26.8
58338,安徽,芜湖县,118.35,31.09,17.1
58417,安徽,宿松,116.08,30.1,54.7
58429,安徽,铜陵,117.51,30.59,11
58431,安徽,南陵,118.19,30.54,39
58432,安徽,泾县,118.24,30.41,57.3
58433,安徽,宣城,118.45,30.56,31.2
58435,安徽,旌德,118.32,30.18,220.2
58436,安徽,宁国,118.59,30.37,87.3
58437,安徽,黄山,118.09,30.08,1840.4
58441,安徽,广德,119.25,30.52,43.1
58442,安徽,郎溪,119.11,31.1,16.5
58520,安徽,祁门,117.43,29.51,142
58523,安徽,黟县,117.56,29.56,227.5
58530,安徽,歙县,118.26,29.52,168.7
58531,安徽,屯溪,118.17,29.43,142.7
58534,安徽,休宁,118.11,29.47,170.2
54398,北京,顺义,116.37,40.08,28.6
54399,北京,海淀,116.17,39.59,45.8
54406,北京,延庆,115.58,40.27,487.9
54416,北京,密云,116.52,40.23,71.8
54419,北京,怀柔,116.38,40.22,75.7
54421,北京,密云上甸子,117.07,40.39,293.3
54424,北京,平谷,117.07,40.1,32.1
54431,北京,通州,116.38,39.55,43.3
54433,北京,朝阳,116.3,39.57,35.3
54499,北京,昌平,116.13,40.13,76.2
54501,北京,斋堂,115.41,39.58,440.3
54505,北京,门头沟,116.06,39.56,92.7
54511,北京,北京,116.28,39.48,31.3
54513,北京,石景山,116.12,39.57,65.6
54514,北京,丰台,116.15,39.52,55.2
54594,北京,大兴,116.21,39.43,37.6
54596,北京,房山,116.12,39.46,39.2
54597,北京,霞云岭,115.44,39.44,407.7
58724,福建,光泽,117.19,27.32,268.2
58725,福建,邵武,117.28,27.2,218
58730,福建,武夷山,118.02,27.46,222.1
58731,福建,浦城,118.32,27.55,276.9
58734,福建,建阳,118.07,27.2,196.9
58735,福建,松溪,118.45,27.31,205.4
58736,福建,政和,118.49,27.23,221.5
58737,福建,建瓯,118.19,27.03,154.9
58744,福建,寿宁,119.25,27.27,815.9
58747,福建,周宁,119.21,27.09,899.3
58748,福建,福安,119.39,27.06,50.5
58749,福建,柘荣,119.53,27.14,684.1
58754,福建,福鼎,120.12,27.2,36.2
58818,福建,宁化,116.38,26.14,358.9
58819,福建,清流,116.49,26.11,328.9
58820,福建,泰宁,117.1,26.54,342.9
58822,福建,建宁,116.51,26.5,342.3
58823,福建,顺昌,117.48,26.48,175.2
58824,福建,明溪,117.09,26.24,357.4
58826,福建,沙县,117.48,26.24,120.6
58828,福建,三明,117.37,26.16,208.2
58836,福建,古田,118.44,26.35,361.5
58837,福建,尤溪,118.09,26.09,137.2
58839,福建,闽清,118.51,26.14,40.8
58843,福建,霞浦,120.01,26.53,56.8
58844,福建,闽侯,119.09,26.09,57.8
58845,福建,罗源,119.32,26.3,60.5
58846,福建,宁德,119.31,26.4,32.4
58847,福建,福州,119.17,26.05,84
58848,福建,连江,119.33,26.12,13.4
58850,福建,三沙,120.14,26.55,92.2
58911,福建,长汀,116.22,25.51,310
58917,福建,武平,116.06,25.05,307
58918,福建,上杭,116.25,25.03,198
58923,福建,大田,117.5,25.42,400.1
58926,福建,漳平,117.25,25.18,205.3
58927,福建,龙岩,117.01,25.03,376
58928,福建,华安,117.32,25.01,166.5
58929,福建,安溪,118.09,25.04,68
58931,福建,九仙山,118.06,25.43,1653.5
58932,福建,永泰,118.56,25.52,85.6
58934,福建,永春,118.16,25.2,170.3
58935,福建,德化,118.14,25.29,521.4
58938,福建,秀屿,118.59,25.14,23.1
58941,福建,长乐,119.3,25.58,25.9
58942,福建,福清,119.23,25.43,39.2
58944,福建,平潭,119.47,25.31,32.4
58946,福建,莆田,119,25.27,81.1
59113,福建,永定,116.43,24.44,226.9
59122,福建,长泰,117.45,24.37,43
59124,福建,南靖,117.23,24.31,53.7
59125,福建,平和,117.18,24.23,108.5
59127,福建,龙海,117.5,24.26,32.1
59129,福建,漳浦,117.36,24.08,53
59130,福建,同安,118.09,24.44,30.8
59131,福建,南安,118.22,24.58,45.4
59133,福建,崇武,118.55,24.54,21.8
59134,福建,厦门,118.04,24.29,139.4
59320,福建,诏安,117.08,23.45,18.1
59322,福建,云霄,117.22,23.59,22.8
52323,甘肃,马鬃山,97.02,41.48,1770.4
52515,甘肃,肃北,94.52,39.31,2137.2
52533,甘肃,酒泉,98.29,39.46,1477.2
52546,甘肃,高台,99.5,39.22,1332.2
52557,甘肃,临泽,100.1,39.09,1453.7
52643,甘肃,肃南,99.37,38.5,2311.8
52652,甘肃,张掖,100.17,39.05,1461.1
52656,甘肃,民乐,100.49,38.26,2281.4
52674,甘肃,永昌,101.58,38.14,1976.9
52679,甘肃,武威,102.4,37.55,1531.5
52681,甘肃,民勤,103.05,38.38,1367.5
52784,甘肃,古浪,102.54,37.28,2072.4
52787,甘肃,乌鞘岭,102.52,37.12,3045.1
52797,甘肃,景泰,104.03,37.11,1630.9
52881,甘肃,天祝,103.11,36.59,2484.8
52884,甘肃,皋兰,103.57,36.21,1668.5
52885,甘肃,永登,103.15,36.45,2118.8
52895,甘肃,靖远,104.41,36.34,1398.2
52896,甘肃,白银,104.09,36.33,1738.7
52978,甘肃,夏河,102.31,35.12,2929.4
52980,甘肃,永靖,103.18,35.58,1648
52981,甘肃,东乡,103.23,35.41,2421
52982,甘肃,广河,103.33,35.29,1953.2
52983,甘肃,榆中,104.09,35.52,1874.4
52984,甘肃,临夏,103.11,35.35,1917.2
52985,甘肃,和政,103.2,35.25,2162.8
52986,甘肃,临洮,103.52,35.22,1893.8
52988,甘肃,康乐,103.43,35.22,2000.6
52993,甘肃,会宁,105.04,35.41,1739.4
52995,甘肃,安定,104.37,35.35,1897.2
52996,甘肃,华家岭,105.01,35.23,2450.6
52998,甘肃,渭源,104.12,35.08,2111
53821,甘肃,环县,107.18,36.34,1255.6
53829,甘肃,庆城,107.54,35.59,1093.7
53906,甘肃,静宁,105.43,35.31,1656.4
53908,甘肃,通渭,105.14,35.13,1768.2
53915,甘肃,崆峒,106.4,35.33,1346.6
53917,甘肃,庄浪,106.04,35.13,1631
53923,甘肃,西峰,107.38,35.44,1421
53924,甘肃,灵台,107.37,35.04,966.6
53925,甘肃,镇原,107.11,35.41,1172.5
53926,甘肃,泾川,107.21,35.21,1028.8
53927,甘肃,华亭,106.37,35.12,1477.6
53928,甘肃,崇信,107.01,35.18,1149.1
53930,甘肃,华池,107.59,36.27,1271
53934,甘肃,合水,107.59,35.47,1298.7
53935,甘肃,正宁,108.24,35.29,1442.7
53937,甘肃,宁县,107.55,35.31,979.4
56071,甘肃,碌曲,102.3,34.35,3105.7
56074,甘肃,玛曲,102.05,34,3471.4
56080,甘肃,合作,102.54,35,2910
56081,甘肃,临潭,103.21,34.42,2810.2
56082,甘肃,卓尼,103.3,34.35,2540.3
56084,甘肃,迭部,103.14,34.04,2374.2
56091,甘肃,漳县,104.28,34.51,1883.3
56092,甘肃,陇西,104.39,35,1728.2
56093,甘肃,岷县,104.01,34.26,2315
56094,甘肃,舟曲,104.22,33.47,1400
56095,甘肃,宕昌,104.23,34.02,1753.2
56096,甘肃,武都,104.55,33.24,1079.1
56192,甘肃,文县,104.4,32.57,1014.3
57001,甘肃,甘谷,105.2,34.45,1271.9
57002,甘肃,秦安,105.39,34.51,1216.1
57004,甘肃,武山,104.53,34.44,1495.4
57006,甘肃,天水,105.45,34.35,1141.6
57007,甘肃,礼县,105.11,34.11,1404.6
57008,甘肃,西和,105.18,34.02,1579
57011,甘肃,清水,106.09,34.45,1378.2
57012,甘肃,张家川,106.12,34.59,1664.5
57014,甘肃,麦积,105.52,34.34,1085.2
57102,甘肃,成县,105.43,33.45,970
57105,甘肃,康县,105.36,33.2,1221.2
57110,甘肃,徽县,106.05,33.47,930.8
57111,甘肃,两当,106.18,33.55,961.4
57988,广东,乐昌,113.21,25.09,102.6
57989,广东,仁化,113.46,25.04,98.3
57996,广东,南雄,114.15,25.05,134.7
59071,广东,连南,112.17,24.44,174.4
59072,广东,连州,112.22,24.48,131.5
59074,广东,连山,112.09,24.34,300.6
59075,广东,阳山,112.38,24.29,70.5
59081,广东,乳源,113.17,24.47,98
59082,广东,韶关,113.36,24.4,121.3
59087,广东,佛冈,113.31,23.53,97.2
59088,广东,英德,113.25,24.11,74.5
59090,广东,始兴,114.04,24.57,103.2
59094,广东,翁源,114.07,24.21,184.1
59096,广东,连平,114.29,24.22,214.8
59097,广东,新丰,114.12,24.03,198.6
59099,广东,和平,114.56,24.27,173.7
59106,广东,平远,115.54,24.35,152.6
59107,广东,龙川,115.17,24.07,99.2
59109,广东,兴宁,115.44,24.09,123.6
59114,广东,蕉岭,116.1,24.39,135.7
59116,广东,大埔,116.42,24.2,81
59117,广东,梅县,116.04,24.17,87.8
59264,广东,封开,111.3,23.24,83.6
59268,广东,郁南,111.32,23.15,29.2
59269,广东,德庆,111.47,23.1,47.2
59270,广东,怀集,112.11,23.55,84.8
59271,广东,广宁,112.26,23.38,57.3
59276,广东,四会,112.39,23.21,40.1
59278,广东,高要,112.27,23.02,41
59279,广东,三水,112.52,23.11,24.1
59280,广东,清远,113.05,23.43,79.2
59284,广东,花都,113.14,23.25,38.9
59285,广东,从化,113.36,23.34,38.3
59287,广东,广州,113.29,23.13,70.7
59288,广东,南海,113.01,23.09,29.5
59289,广东,东莞,113.44,22.58,56
59290,广东,龙门,114.15,23.47,70.3
59293,广东,河源,114.44,23.48,70.8
59294,广东,增城,113.5,23.2,30.8
59297,广东,博罗,114.17,23.11,17
59298,广东,惠阳,114.22,23.04,108.5
59303,广东,五华,115.45,23.55,135.9
59304,广东,紫金,115.11,23.38,176.8
59306,广东,揭西,115.51,23.27,80.8
59310,广东,丰顺,116.11,23.46,45.3
59312,广东,潮州,116.42,23.4,10.8
59313,广东,饶平,116.59,23.41,44.7
59314,广东,普宁,116.08,23.18,29
59315,广东,揭阳,116.24,23.35,43.2
59316,广东,汕头,116.41,23.24,2.9
59317,广东,惠来,116.18,23.02,14.4
59318,广东,潮阳,116.35,23.16,5.9
59319,广东,澄海,116.5,23.26,4.1
59324,广东,南澳,117.02,23.26,7.2
59456,广东,信宜,110.56,22.21,141.4
59462,广东,罗定,111.36,22.42,60
59469,广东,阳春,111.47,22.1,37.7
59470,广东,新兴,112.12,22.42,57.4
59471,广东,云浮,112.03,22.56,101.8
59473,广东,鹤山,112.58,22.46,19.8
59475,广东,开平,112.39,22.24,27.7
59476,广东,新会,113.02,22.32,36.3
59477,广东,恩平,112.14,22.16,25.1
59478,广东,台山,112.47,22.15,32.7
59480,广东,顺德,113.15,22.51,21.4
59481,广东,番禺,113.19,22.56,12.3
59485,广东,中山,113.24,22.3,33.7
59487,广东,斗门,113.18,22.14,23.4
59488,广东,珠海,113.34,22.17,51.5
59492,广东,惠东,114.44,22.58,47.4
59493,广东,深圳,114,22.32,63
59500,广东,海丰,115.19,22.58,6.5
59501,广东,汕尾,115.22,22.48,16.7
59502,广东,陆丰,115.39,22.57,5.6
59650,广东,遂溪,110.15,21.24,29.7
59653,广东,高州,110.51,21.56,31.3
59654,广东,廉江,110.18,21.38,29.3
59655,广东,化州,110.37,21.39,32.2
59656,广东,吴川,110.49,21.24,27.3
59658,广东,湛江,110.18,21.09,53.3
59659,广东,茂名,110.55,21.45,33.3
59663,广东,阳江,111.58,21.5,89.9
59664,广东,电白,110.59,21.32,31.6
59673,广东,上川岛,112.46,21.44,21.5
59750,广东,雷州,110.04,20.58,33.3
59754,广东,徐闻,110.11,20.2,55.9
57859,广西,资源,110.38,26.02,408.4
57927,广西,天峨,107.11,24.58,287.3
57941,广西,三江,109.36,25.47,197.3
57942,广西,龙胜,110,25.48,268
57947,广西,融安,109.24,25.13,121.3
57948,广西,融水,109.15,25.05,122.7
57949,广西,永福,110,24.59,156.8
57954,广西,临桂,110.11,25.14,157.6
57955,广西,兴安,110.4,25.37,224
57956,广西,灵川,110.19,25.25,167.9
57957,广西,桂林,110.18,25.19,164.4
57960,广西,全州,111.04,25.56,195.6
57964,广西,灌阳,111.09,25.3,263.1
59001,广西,隆林,105.2,24.47,672.2
59004,广西,西林,105.06,24.3,725.9
59012,广西,乐业,106.33,24.47,972.1
59015,广西,凌云,106.34,24.21,437.9
59017,广西,田林,106.16,24.16,278.2
59021,广西,凤山,107.02,24.33,509.4
59023,广西,河池,108.02,24.42,260.2
59025,广西,东兰,107.23,24.32,248.8
59027,广西,巴马,107.15,24.08,254.9
59031,广西,环江,108.16,24.49,208.5
59034,广西,宜州,108.4,24.29,150.7
59037,广西,都安,108.06,23.56,170.8
59038,广西,忻城,108.39,24.04,138.5
59041,广西,柳城,109.15,24.39,108.3
59044,广西,沙塘,109.23,24.28,97.5
59045,广西,鹿寨,109.45,24.29,94.7
59046,广西,柳州,109.24,24.21,96.8
59047,广西,柳江,109.2,24.15,100.9
59052,广西,恭城,110.49,24.5,169.6
59053,广西,平乐,110.4,24.37,105.8
59055,广西,荔浦,110.24,24.3,165.7
59057,广西,金秀,110.11,24.08,830.9
59058,广西,蒙山,110.31,24.12,145.7
59059,广西,昭平,110.48,24.11,105.8
59065,广西,贺州,111.3,24.25,148.7
59209,广西,那坡,105.5,23.25,794.1
59211,广西,百色,106.36,23.54,173.5
59215,广西,德保,106.38,23.2,680
59218,广西,靖西,106.25,23.08,739.9
59224,广西,田东,107.07,23.36,111.2
59227,广西,天等,107.08,23.07,437.1
59228,广西,平果,107.35,23.19,108.8
59229,广西,隆安,107.42,23.1,94.2
59230,广西,马山,108.1,23.43,168
59235,广西,上林,108.37,23.26,115.5
59237,广西,武鸣,108.17,23.1,111.7
59238,广西,宾阳,108.48,23.13,122.5
59241,广西,象州,109.41,23.58,90.5
59242,广西,来宾,109.14,23.45,84.9
59246,广西,武宣,109.4,23.36,70
59255,广西,平南,110.23,23.33,32.5
59256,广西,藤县,110.55,23.22,54.7
59265,广西,梧州,111.18,23.29,114.8
59266,广西,苍梧,111.14,23.25,42.5
59419,广西,凭祥,106.45,22.06,242.5
59421,广西,大新,107.12,22.5,255.1
59429,广西,上思,108.01,22.11,180
59431,广西,南宁,108.13,22.38,121.6
59432,广西,南宁城区,108.24,22.48,194.6
59435,广西,邕宁,108.29,22.46,74.7
59441,广西,横县,109.15,22.42,78.5
59446,广西,灵山,109.18,22.25,66.6
59448,广西,浦北,109.33,22.16,69.6
59449,广西,博白,109.59,22.18,85.9
59451,广西,北流,110.21,22.42,98.1
59452,广西,容县,110.32,22.5,101.1
59454,广西,岑溪,111,22.57,99.4
59457,广西,陆川,110.16,22.19,121.6
59632,广西,钦州,108.37,21.57,4.8
59635,广西,防城港,108.21,21.37,31.3
59640,广西,合浦,109.11,21.4,5.5
59644,广西,北海,109.08,21.27,12.8
56598,贵州,赫章,104.44,27.08,1535.1
56691,贵州,威宁,104.17,26.52,2237.5
56792,贵州,普安,104.58,25.47,1649.4
56793,贵州,盘县,104.28,25.43,1800
57606,贵州,桐梓,106.5,28.08,972
57623,贵州,道真,107.36,28.53,685.6
57625,贵州,正安,107.27,28.33,679.7
57634,贵州,务川,107.53,28.31,660.3
57636,贵州,沿河,108.3,28.34,334.6
57637,贵州,德江,108.06,28.15,523.1
57647,贵州,松桃,109.11,28.09,406.1
57707,贵州,毕节,105.17,27.18,1510.6
57708,贵州,大方,105.36,27.09,1700
57710,贵州,仁怀,106.24,27.48,890.3
57714,贵州,金沙,106.14,27.28,942
57717,贵州,遵义县,106.5,27.32,974.1
57718,贵州,息烽,106.43,27.06,1038.1
57719,贵州,开阳,106.58,27.04,1275.6
57722,贵州,湄潭,107.28,27.46,792.2
57723,贵州,凤冈,107.43,27.59,710.2
57728,贵州,瓮安,107.28,27.04,1096.7
57729,贵州,余庆,107.53,27.14,622.1
57731,贵州,思南,108.15,27.57,416.8
57732,贵州,印江,108.24,28.01,456.5
57734,贵州,石阡,108.14,27.34,467.5
57735,贵州,岑巩,108.49,27.11,404.3
57736,贵州,江口,108.51,27.42,369.2
57737,贵州,施秉,108.07,27.02,547.3
57738,贵州,镇远,108.25,27.03,516.3
57739,贵州,玉屏,108.55,27.14,394.8
57741,贵州,铜仁,109.11,27.43,282.7
57742,贵州,万山,109.12,27.31,884.3
57800,贵州,纳雍,105.22,26.46,1457.1
57803,贵州,黔西,106.01,27.02,1231.4
57805,贵州,织金,105.46,26.41,1319.3
57806,贵州,安顺,105.54,26.15,1431.1
57807,贵州,六枝,105.28,26.12,1361.9
57808,贵州,普定,105.45,26.19,1274.5
57809,贵州,镇宁,105.45,26.04,1251
57811,贵州,修文,106.36,26.5,1296.7
57814,贵州,平坝,106.16,26.25,1298.2
57816,贵州,贵阳,106.44,26.35,1223.8
57821,贵州,福泉,107.3,26.42,925
57822,贵州,黄平,107.54,26.54,835
57824,贵州,贵定,107.14,26.35,1001
57825,贵州,凯里,107.59,26.36,720.3
57827,贵州,都匀,107.32,26.19,969.1
57828,贵州,麻江,107.35,26.3,983.8
57829,贵州,丹寨,107.48,26.12,963.2
57832,贵州,三穗,108.4,26.58,626.9
57834,贵州,台江,108.18,26.41,641.3
57835,贵州,剑河,108.26,26.43,527.2
57837,贵州,雷山,108.04,26.24,839
57839,贵州,黎平,109.09,26.14,568.8
57840,贵州,天柱,109.12,26.54,401.4
57844,贵州,锦屏,109.11,26.41,343
57900,贵州,晴隆,105.13,25.5,1552.7
57902,贵州,兴仁,105.11,25.26,1378.5
57903,贵州,关岭,105.36,25.56,1142
57905,贵州,贞丰,105.38,25.24,1063.3
57906,贵州,望谟,106.05,25.11,566.8
57907,贵州,兴义,104.54,25.05,1299.6
57908,贵州,安龙,105.29,25.07,1394.5
57909,贵州,册亨,105.49,24.59,584.8
57910,贵州,紫云,106.05,25.46,1197.6
57911,贵州,白云,106.39,26.4,1323
57912,贵州,惠水,106.38,26.08,990.9
57913,贵州,龙里,106.59,26.27,1093.7
57914,贵州,花溪,106.4,26.25,1149
57915,贵州,乌当,106.46,26.38,1104
57916,贵州,罗甸,106.46,25.26,440.3
57921,贵州,平塘,107.19,25.5,708.7
57922,贵州,独山,107.33,25.5,1013.3
57923,贵州,三都,107.52,25.59,419
57926,贵州,荔波,107.53,25.25,428.7
57932,贵州,榕江,108.32,25.58,285.7
57936,贵州,从江,108.55,25.45,258.1
59757,海南,琼山,110.22,20,9.9
59758,海南,海口,110.15,20,63.5
59838,海南,东方,108.37,19.06,7.6
59842,海南,临高,109.41,19.54,31.7
59843,海南,澄迈,110,19.44,31.4
59845,海南,儋州,109.35,19.31,169
59847,海南,昌江,109.03,19.16,98.1
59848,海南,白沙,109.26,19.14,215.6
59849,海南,琼中,109.5,19.02,250.9
59851,海南,定安,110.2,19.4,24.2
59854,海南,屯昌,110.06,19.22,118.3
59855,海南,琼海,110.28,19.14,24
59856,海南,文昌,110.45,19.37,21.7
59941,海南,五指山,109.31,18.46,328.5
59945,海南,保亭,109.42,18.39,68.6
59951,海南,万宁,110.2,18.48,39.9
53392,河北,康保,114.36,41.51,1422.4
53397,河北,尚义,113.59,41.06,1376.5
53399,河北,张北,114.42,41.09,1393.3
53491,河北,怀安,114.23,40.4,837.7
53492,河北,阳原,114.09,40.06,937.6
53498,河北,宣化,115.02,40.34,629.3
53499,河北,万全,114.44,40.46,755.2
53593,河北,蔚县,114.34,39.5,909.5
53596,河北,顺平,115.08,38.51,52.2
53599,河北,涞源,114.41,39.22,884.4
53680,河北,灵寿,114.23,38.18,108.9
53682,河北,曲阳,114.41,38.38,104.1
53688,河北,行唐,114.33,38.25,96.2
53689,河北,晋州,115.04,38.01,42.4
53690,河北,阜平,114.11,38.51,281.9
53691,河北,正定,114.34,38.09,71
53692,河北,唐县,114.59,38.44,66.5
53693,河北,井陉,114.08,38.02,255.5
53694,河北,平山,114.13,38.16,131
53695,河北,新乐,114.41,38.21,70.8
53696,河北,定州,115.01,38.33,54.8
53697,河北,藁城,114.5,38.02,53.5
53699,河北,无极,114.57,38.11,45.4
53773,河北,临漳,114.37,36.2,64.6
53781,河北,沙河,114.28,36.52,67.9
53784,河北,赵县,114.47,37.45,38.5
53785,河北,柏乡,114.4,37.31,35
53789,河北,栾城,114.38,37.53,52.9
53790,河北,高邑,114.36,37.38,48.9
53791,河北,元氏,114.31,37.46,66.4
53792,河北,临城,114.29,37.27,113
53794,河北,隆尧,114.45,37.21,33.1
53795,河北,赞皇,114.22,37.39,137.4
53796,河北,宁晋,114.53,37.37,30.6
53797,河北,内邱,114.31,37.17,73.9
53798,河北,邢台,114.3,37.04,77.3
53799,河北,巨鹿,114.59,37.14,25.9
53883,河北,任县,114.42,37.08,36.5
53886,河北,涉县,113.4,36.34,470.4
53890,河北,武安,114.06,36.4,280.1
53891,河北,南和,114.41,37.01,43
53892,河北,邯郸,114.28,36.37,66.6
53893,河北,曲周,114.57,36.46,39.6
53894,河北,峰峰,114.12,36.24,149.3
53895,河北,永年,114.3,36.47,60.6
53896,河北,魏县,114.57,36.21,50.1
53897,河北,磁县,114.23,36.23,69.7
53899,河北,广平,114.58,36.29,48.5
53980,河北,肥乡,114.48,36.33,50.2
53996,河北,成安,114.39,36.27,57.9
54301,河北,沽源,115.4,41.4,1412
54304,河北,崇礼,115.16,40.57,1248
54308,河北,丰宁,116.38,41.12,735.1
54311,河北,围场,117.46,41.58,892.7
54318,河北,隆化,117.44,41.19,561.6
54319,河北,平泉,118.4,41,502.3
54401,河北,张家口,114.55,40.46,772.8
54404,河北,赤城,115.5,40.53,867.6
54405,河北,怀来,115.3,40.25,570.9
54408,河北,涿鹿,115.13,40.23,529.6
54420,河北,滦平,117.2,40.56,529
54423,河北,承德,117.55,40.58,422.3
54425,河北,兴隆,117.28,40.24,633.2
54429,河北,遵化,117.57,40.12,54.9
54430,河北,承德县,118.09,40.46,269.2
54432,河北,宽城,118.29,40.36,304.7
54434,河北,迁西,118.2,40.1,131.6
54436,河北,青龙,118.57,40.25,254.3
54437,河北,滦南,118.37,39.3,17.9
54438,河北,卢龙,118.53,39.53,65
54439,河北,迁安,118.43,40.01,50.9
54449,河北,秦皇岛,119.31,39.51,2.4
54502,河北,涿州,116.02,39.29,29.3
54503,河北,容城,115.49,39.04,12.8
54506,河北,高碑店,115.57,39.19,24.6
54507,河北,易县,115.31,39.2,49.3
54510,河北,大厂,116.57,39.55,16.9
54512,河北,固安,116.17,39.25,21.4
54515,河北,廊坊,116.42,39.3,13.7
54518,河北,霸州,116.24,39.1,8.9
54519,河北,永清,116.29,39.18,12.2
54520,河北,三河,117.05,39.58,18.1
54521,河北,香河,116.59,39.46,13
54522,河北,玉田,117.44,39.53,14.4
54531,河北,滦县,118.43,39.44,43
54532,河北,丰润,118.05,39.48,33.3
54533,河北,丰南,118.06,39.35,8.9
54534,河北,唐山,118.06,39.39,23.2
54535,河北,唐海,118.28,39.17,3.2
54539,河北,乐亭,118.53,39.26,10.5
54540,河北,昌黎,119.12,39.44,17.6
54541,河北,抚宁,119.14,39.54,24.3
54601,河北,徐水,115.39,38.59,13.1
54602,河北,保定,115.29,38.44,16.8
54603,河北,高阳,115.46,38.43,10
54604,河北,安国,115.2,38.25,29.6
54605,河北,安新,115.56,38.56,4.4
54606,河北,饶阳,115.44,38.14,19
54607,河北,望都,115.07,38.43,45
54608,河北,深州,115.33,38,26.1
54609,河北,安平,115.35,38.14,25.5
54610,河北,任丘,116.06,38.44,8.1
54611,河北,满城,115.19,38.56,44.8
54612,河北,文安,116.27,38.51,6.4
54613,河北,大城,116.37,38.42,6.9
54614,河北,河间,116.03,38.25,10.9
54615,河北,青县,116.51,38.35,8
54616,河北,沧州,116.51,38.21,8
54617,河北,献县,116.07,38.11,13.2
54618,河北,泊头,116.33,38.05,13.2
54620,河北,蠡县,115.34,38.29,18.5
54621,河北,深泽,115.11,38.11,38.1
54624,河北,黄骅,117.19,38.24,6.6
54626,河北,肃宁,115.49,38.25,13.9
54627,河北,盐山,117.14,38.02,8.2
54628,河北,海兴,117.29,38.09,6.4
54631,河北,广宗,115.09,37.04,32.4
54632,河北,平乡,115.02,37.04,34
54633,河北,新河,115.14,37.31,26.3
54636,河北,雄县,116.06,39.01,11.1
54640,河北,鸡泽,114.52,36.55,36
54644,河北,孟村,117.07,38.03,10.5
54700,河北,武强,115.56,38.02,16.2
54701,河北,辛集,115.12,37.56,35.9
54702,河北,衡水,115.42,37.44,20.7
54703,河北,武邑,115.53,37.48,21.3
54704,河北,冀州,115.34,37.31,24.8
54705,河北,南宫,115.23,37.22,27.4
54706,河北,清河,115.4,37.05,31.5
54707,河北,故城,115.59,37.21,27.4
54708,河北,枣强,115.44,37.3,23.6
54710,河北,阜城,116.1,37.52,18.6
54711,河北,景县,116.17,37.42,18.3
54713,河北,东光,116.32,37.53,14.4
54717,河北,吴桥,116.24,37.38,17.1
54719,河北,南皮,116.41,38.02,11.1
54800,河北,威县,115.15,37,33.3
54801,河北,临西,115.29,36.51,35.3
54804,河北,大名,115.08,36.18,44.9
54809,河北,馆陶,115.17,36.33,41.3
54820,河北,邱县,115.1,36.49,36.7
53889,河南,林州,113.49,36.04,306.8
53898,河南,安阳,114.08,36.03,62.9
53972,河南,沁阳,112.54,35.03,119.6
53974,河南,淇县,114.14,35.37,72.3
53978,河南,济源,112.38,35.05,140.1
53979,河南,博爱,113.05,35.09,120
53982,河南,焦作,113.16,35.14,112
53983,河南,封丘,114.25,35.02,69.6
53984,河南,修武,113.28,35.14,82.7
53985,河南,辉县,113.49,35.3,140.7
53986,河南,新乡,113.53,35.19,73.2
53987,河南,武陟,113.21,35.06,91
53988,河南,获嘉,113.4,35.16,77.6
53989,河南,原阳,113.59,35.05,76.6
53991,河南,汤阴,114.2,35.55,93
53992,河南,浚县,114.31,35.39,58.2
53993,河南,内黄,114.55,35.56,51.6
53994,河南,卫辉,114.04,35.23,70
53995,河南,滑县,114.3,35.33,62.5
53997,河南,延津,114.11,35.09,71.1
53998,河南,长垣,114.39,35.12,61.6
54817,河南,台前,115.52,35.59,42.1
54900,河南,濮阳,115.01,35.42,53.7
54901,河南,南乐,115.1,36.05,47.5
54902,河南,清丰,115.07,35.54,49.5
54903,河南,范县,115.29,35.51,45.7
57051,河南,三门峡,111.12,34.48,409.9
57056,河南,灵宝,110.51,34.32,390.4
57063,河南,渑池,111.46,34.46,523.6
57066,河南,洛宁,111.4,34.24,328.3
57070,河南,新安,112.07,34.44,364
57071,河南,孟津,112.26,34.49,333.3
57072,河南,孟州,112.45,34.55,127.5
57074,河南,伊川,112.24,34.25,252.2
57075,河南,汝州,112.52,34.1,203.1
57076,河南,偃师,112.47,34.44,189.5
57078,河南,汝阳,112.28,34.09,336.5
57079,河南,温县,113.02,34.57,106.4
57080,河南,巩义,112.58,34.44,165.2
57081,河南,荥阳,113.26,34.48,140.9
57082,河南,登封,113.01,34.28,427.1
57083,河南,郑州,113.39,34.43,110.4
57084,河南,嵩山,113.03,34.3,1178.4
57085,河南,新密,113.2,34.32,259.9
57086,河南,新郑,113.43,34.23,116.6
57087,河南,长葛,113.44,34.16,87.7
57088,河南,禹州,113.3,34.09,116.1
57089,河南,许昌,113.56,34.04,66.8
57090,河南,中牟,113.58,34.43,78.1
57091,河南,开封,114.18,34.47,73.7
57093,河南,兰考,114.49,34.51,73.3
57094,河南,尉氏,114.13,34.24,67.4
57095,河南,鄢陵,114.09,34.07,61.1
57096,河南,杞县,114.47,34.32,59.7
57098,河南,扶沟,114.24,34.05,58.3
57099,河南,太康,114.51,34.04,52.6
57156,河南,西峡,111.3,33.18,250.3
57162,河南,嵩县,112.04,34.08,325.8
57169,河南,内乡,111.52,33.03,159.1
57173,河南,鲁山,112.53,33.45,145.7
57175,河南,镇平,112.14,33.03,191.4
57176,河南,南召,112.25,33.29,231.1
57177,河南,舞钢,113.32,33.2,89.8
57178,河南,南阳,112.29,33.06,129.2
57179,河南,方城,113,33.17,160.4
57180,河南,郏县,113.12,33.59,117.5
57181,河南,宝丰,113.03,33.53,136.4
57182,河南,襄城,113.31,33.51,80.5
57183,河南,临颍,113.55,33.48,60
57184,河南,叶县,113.18,33.38,83.4
57185,河南,舞阳,113.35,33.27,91.1
57186,河南,漯河,114.03,33.36,58.7
57187,河南,社旗,112.56,33.04,118
57188,河南,西平,114.02,33.22,55.9
57189,河南,遂平,113.57,33.08,64.6
57190,河南,黄泛区农试站,114.24,33.45,50.5
57191,河南,通许,114.29,34.29,63.4
57192,河南,淮阳,114.51,33.44,45.5
57193,河南,西华,114.31,33.47,52.6
57194,河南,上蔡,114.16,33.17,59.8
57195,河南,川汇区,114.37,33.37,46.6
57196,河南,项城,114.52,33.28,42
57197,河南,汝南,114.21,32.58,48.9
57198,河南,商水,114.34,33.3,46.3
57261,河南,淅川,111.31,33.07,233
57271,河南,新野,112.23,32.31,87.9
57273,河南,唐河,112.51,32.41,109.5
57274,河南,邓州,112.07,32.42,107.6
57281,河南,泌阳,113.18,32.42,142.2
57285,河南,桐柏,113.25,32.23,153
57290,河南,驻马店,113.55,32.56,82.7
57292,河南,平舆,114.38,32.58,44.4
57293,河南,新蔡,114.59,32.44,38
57294,河南,确山,114.01,32.5,83.6
57295,河南,正阳,114.21,32.37,78.5
57296,河南,息县,114.44,32.21,48.9
57297,河南,信阳,114.03,32.08,114.5
57298,河南,罗山,114.33,32.13,55.4
57299,河南,光山,114.54,32.01,49.4
57390,河南,鸡公山,114.04,31.48,733.5
57396,河南,新县,114.51,31.38,128.7
58001,河南,睢县,115.06,34.26,56.3
58004,河南,民权,115.09,34.39,60.6
58005,河南,商丘,115.4,34.27,50.1
58006,河南,虞城,115.53,34.23,46.3
58007,河南,柘城,115.18,34.04,47.2
58008,河南,宁陵,115.2,34.28,54.4
58017,河南,夏邑,116.08,34.15,41
58100,河南,郸城,115.1,33.39,41.4
58101,河南,鹿邑,115.29,33.52,41.3
58104,河南,沈丘,115.04,33.24,41.2
58111,河南,永城,116.27,33.58,32.5
58205,河南,淮滨,115.26,32.28,34.9
58207,河南,潢川,115.03,32.1,42.8
58208,河南,固始,115.37,32.1,42.9
58301,河南,商城,115.23,31.49,92.1
50136,黑龙江,漠河,122.31,52.58,433
50137,黑龙江,北极村,122.22,53.28,296
50246,黑龙江,塔河,124.43,52.21,361.9
50247,黑龙江,呼中,123.34,52.02,514.5
50349,黑龙江,新林,124.24,51.4,501.5
50353,黑龙江,呼玛,126.38,51.44,177.4
50442,黑龙江,加格达奇,124.07,50.24,371.7
50468,黑龙江,爱辉,127.27,50.15,166.4
50557,黑龙江,嫩江,125.14,49.1,242.2
50564,黑龙江,孙吴,127.21,49.26,234.5
50566,黑龙江,逊克,128.28,49.33,116
50646,黑龙江,讷河,124.51,48.29,202.8
50655,黑龙江,五大连池,126.11,48.3,266.8
50656,黑龙江,北安,126.3,48.15,277.1
50658,黑龙江,克山,125.53,48.03,236
50659,黑龙江,克东,126.15,48.02,291.8
50673,黑龙江,嘉荫,130.24,48.53,90.4
50674,黑龙江,乌伊岭,129.26,48.34,404.5
50739,黑龙江,龙江,123.11,47.2,190
50741,黑龙江,甘南,123.3,47.56,185.2
50742,黑龙江,富裕,124.29,47.48,162.7
50745,黑龙江,齐齐哈尔,123.55,47.23,147.1
50749,黑龙江,林甸,124.5,47.11,154.6
50750,黑龙江,依安,125.18,47.54,226.4
50755,黑龙江,拜泉,126.06,47.36,230.7
50756,黑龙江,海伦,126.58,47.27,239.2
50758,黑龙江,明水,125.54,47.11,246
50767,黑龙江,绥棱,127.06,47.14,202.7
50772,黑龙江,五营,129.14,48.06,288
50774,黑龙江,伊春,128.5,47.42,240.9
50775,黑龙江,鹤岗,130.12,47.2,227.9
50776,黑龙江,萝北,130.5,47.34,83.3
50778,黑龙江,同江,132.32,47.4,57.5
50779,黑龙江,抚远,134.17,48.22,40
50787,黑龙江,绥滨,131.5,47.19,61.8
50788,黑龙江,富锦,131.59,47.14,66.4
50842,黑龙江,杜蒙,124.25,46.5,145.4
50844,黑龙江,泰来,123.27,46.24,138.8
50850,黑龙江,大庆,125.08,46.34,147.2
50851,黑龙江,青冈,126.05,46.41,207.4
50852,黑龙江,望奎,126.27,46.5,169.1
50853,黑龙江,北林,126.58,46.37,179.6
50854,黑龙江,安达,125.19,46.23,149.3
50858,黑龙江,肇东,125.56,46.04,135
50859,黑龙江,兰西,126.17,46.17,159.1
50861,黑龙江,庆安,127.29,46.53,184.8
50862,黑龙江,铁力,127.59,46.59,206
50867,黑龙江,巴彦,127.21,46.05,134.1
50871,黑龙江,汤原,129.53,46.44,95.1
50873,黑龙江,佳木斯,130.18,46.47,82
50877,黑龙江,依兰,129.35,46.18,100.1
50878,黑龙江,桦川,130.43,47,78.2
50879,黑龙江,桦南,130.33,46.13,187
50880,黑龙江,集贤,131.07,46.44,102.3
50884,黑龙江,双鸭山,131.09,46.38,175.3
50888,黑龙江,宝清,132.11,46.19,83
50892,黑龙江,饶河,134,46.48,54.4
50950,黑龙江,肇州,125.15,45.42,148.7
50953,黑龙江,哈尔滨,126.34,45.56,142.3
50954,黑龙江,肇源,125.05,45.3,127.5
50956,黑龙江,呼兰,126.46,46.05,118.3
50958,黑龙江,阿城,126.56,45.32,174.3
50960,黑龙江,宾县,127.23,45.44,192.2
50962,黑龙江,木兰,128.02,45.57,112.1
50963,黑龙江,通河,128.44,45.58,108.6
50964,黑龙江,方正,128.48,45.5,119.3
50965,黑龙江,延寿,128.16,45.26,155.3
50968,黑龙江,尚志,127.58,45.13,189.7
50971,黑龙江,七台河,131.01,45.46,223.5
50973,黑龙江,勃利,130.36,45.45,234.4
50978,黑龙江,鸡西,130.55,45.18,280.8
50979,黑龙江,林口,130.14,45.16,274.7
50983,黑龙江,虎林,132.58,45.46,100.2
50985,黑龙江,密山,131.52,45.33,151.7
50987,黑龙江,鸡东,131.06,45.16,219.9
54080,黑龙江,五常,127.09,44.54,194.6
54092,黑龙江,海林,129.24,44.36,292.1
54093,黑龙江,穆棱,130.33,44.56,266.3
54094,黑龙江,牡丹江,129.4,44.3,241.4
54096,黑龙江,绥芬河,131.1,44.23,567.8
54098,黑龙江,宁安,129.28,44.2,267.9
54099,黑龙江,东宁,131.08,44.05,148.6
57249,湖北,竹溪,109.41,32.19,448.2
57251,湖北,郧西,110.25,33,249.1
57253,湖北,郧县,110.49,32.51,201.9
57256,湖北,十堰,110.47,32.39,286.5
57257,湖北,竹山,110.14,32.14,307
57259,湖北,房县,110.45,32.03,426.9
57260,湖北,丹江口,111.31,32.34,133.4
57265,湖北,老河口,111.44,32.26,90
57268,湖北,谷城,111.37,32.16,120
57278,湖北,襄樊,112.05,32,68.6
57279,湖北,枣阳,112.45,32.09,125.5
57355,湖北,巴东,110.22,31.02,334
57359,湖北,兴山,110.44,31.21,336.8
57361,湖北,保康,111.16,31.53,327.7
57362,湖北,神农架,110.4,31.45,935.2
57363,湖北,南漳,111.5,31.48,151
57370,湖北,宜城,112.13,31.44,67.8
57377,湖北,荆门,112.13,31,191.9
57378,湖北,钟祥,112.34,31.1,65.8
57381,湖北,随州,113.2,31.37,116.3
57386,湖北,孝昌,114,31.15,51.6
57387,湖北,京山,113.08,31,84.6
57388,湖北,安陆,113.42,31.16,53.7
57389,湖北,云梦,113.45,31.02,32.2
57395,湖北,大悟,114.07,31.34,74.9
57398,湖北,红安,114.37,31.17,74.3
57399,湖北,麻城,114.57,31.08,59.3
57439,湖北,利川,108.56,30.17,1074.1
57445,湖北,建始,109.43,30.36,609.2
57447,湖北,恩施,109.28,30.17,457.1
57453,湖北,夷陵区,111.19,30.46,115.2
57458,湖北,五峰,110.4,30.12,619.9
57461,湖北,宜昌,111.22,30.44,133.1
57464,湖北,长阳,111.11,30.28,142.6
57465,湖北,宜都,111.27,30.23,74.1
57469,湖北,松滋,111.46,30.11,69.5
57475,湖北,潜江,112.54,30.24,31.2
57476,湖北,荆州,112.09,30.21,31.8
57477,湖北,公安,112.13,30.04,38.4
57481,湖北,应城,113.34,30.57,30.4
57482,湖北,孝感,113.57,30.54,25.5
57483,湖北,天门,113.08,30.4,31.9
57485,湖北,仙桃,113.29,30.18,23.7
57486,湖北,汉川,113.51,30.39,25
57489,湖北,蔡甸,114,30.35,38.4
57492,湖北,新洲,114.5,30.5,26.4
57494,湖北,武汉,114.03,30.36,23.6
57495,湖北,团风,114.53,30.4,28.1
57496,湖北,鄂州,114.52,30.22,31.3
57498,湖北,黄冈,114.54,30.26,21.4
57499,湖北,大冶,114.53,30.04,40.3
57540,湖北,咸丰,109.09,29.41,776.9
57541,湖北,宣恩,109.29,30,532.5
57543,湖北,鹤峰,110.02,29.54,539.8
57545,湖北,来凤,109.25,29.32,502.8
57571,湖北,石首,112.24,29.42,35.7
57573,湖北,监利,112.54,29.5,30
57581,湖北,洪湖,113.27,29.49,27.4
57582,湖北,赤壁,113.53,29.43,46.9
57583,湖北,嘉鱼,113.58,29.55,61.7
57586,湖北,崇阳,114.02,29.32,78.5
57589,湖北,通城,113.53,29.16,102.6
57590,湖北,咸宁,114.22,29.51,98.8
57596,湖北,金沙,114.12,29.38,751.4
58401,湖北,罗田,115.24,30.45,123.1
58402,湖北,英山,115.4,30.44,123.8
58404,湖北,浠水,115.13,30.28,61.8
58408,湖北,蕲春,115.26,30.14,35.1
58409,湖北,黄梅,115.56,30.06,32
58500,湖北,阳新,115.12,29.51,45.8
58501,湖北,武穴,115.38,29.55,23.5
57544,湖南,龙山,109.27,29.28,488.7
57554,湖南,桑植,110.1,29.24,322.2
57558,湖南,张家界,110.28,29.08,183.5
57562,湖南,石门,111.22,29.35,116.9
57564,湖南,慈利,111.08,29.26,103
57565,湖南,澧县,111.44,29.4,38.1
57566,湖南,临澧,111.39,29.27,51.5
57574,湖南,南县,112.24,29.22,36
57575,湖南,华容,112.34,29.31,31
57577,湖南,安乡,112.1,29.24,36.9
57584,湖南,岳阳,113.05,29.23,53
57585,湖南,临湘,113.27,29.29,60.4
57640,湖南,花垣,109.27,28.35,341
57642,湖南,保靖,109.38,28.42,325.3
57643,湖南,永顺,109.5,29,268.2
57646,湖南,古丈,109.57,28.37,302.1
57649,湖南,吉首,109.41,28.14,208.4
57655,湖南,沅陵,110.24,28.28,151.6
57657,湖南,泸溪,110.12,28.13,186
57658,湖南,辰溪,110.12,28.01,152.8
57661,湖南,桃源,111.29,28.55,48.7
57662,湖南,常德,111.41,29.07,150.6
57663,湖南,汉寿,111.57,28.55,31.9
57666,湖南,桃江,112.08,28.31,52.1
57669,湖南,安化,111.13,28.23,128.3
57671,湖南,沅江,112.22,28.51,37
57673,湖南,湘阴,112.53,28.41,53.2
57674,湖南,赫山,112.23,28.34,46.3
57678,湖南,宁乡,112.33,28.15,74.7
57679,湖南,马坡岭,112.47,28.07,44.9
57680,湖南,汨罗,113.04,28.48,46.7
57682,湖南,平江,113.34,28.43,106.3
57687,湖南,长沙,112.55,28.13,68
57688,湖南,浏阳,113.38,28.09,101.1
57740,湖南,凤凰,109.36,27.57,349.6
57743,湖南,麻阳,109.48,27.53,176.6
57744,湖南,新晃,109.1,27.22,355.5
57745,湖南,芷江,109.41,27.27,272.2
57752,湖南,溆浦,110.36,27.55,204
57754,湖南,洪江,110.09,27.21,170.9
57760,湖南,冷水江,111.26,27.42,249.2
57761,湖南,新化,111.18,27.45,211.9
57762,湖南,涟源,111.42,27.41,165
57763,湖南,娄底,112,27.41,205.8
57771,湖南,韶山,112.32,27.56,88.3
57772,湖南,湘乡,112.3,27.45,86.9
57773,湖南,湘潭,112.49,27.52,63.8
57774,湖南,双峰,112.1,27.27,100
57776,湖南,南岳,112.42,27.18,1265.9
57777,湖南,衡山,112.52,27.14,63.3
57778,湖南,衡东,112.57,27.06,70.3
57779,湖南,攸县,113.21,27,102.5
57780,湖南,株洲,113.1,27.52,74.6
57781,湖南,醴陵,113.3,27.39,74.4
57845,湖南,通道,109.47,26.1,397.5
57865,湖南,冷水滩,111.35,26.28,166.1
57866,湖南,永州,111.37,26.14,172.6
57867,湖南,东安,111.17,26.24,169
57868,湖南,祁阳,111.52,26.36,113.2
57870,湖南,祁东,112.06,26.48,151.6
57871,湖南,衡阳县,112.22,26.59,90.8
57872,湖南,衡阳,112.36,26.54,104.9
57874,湖南,常宁,112.24,26.25,116.6
57875,湖南,衡南,112.41,26.45,137
57876,湖南,耒阳,112.5,26.26,135
57881,湖南,安仁,113.15,26.43,101.8
57882,湖南,茶陵,113.33,26.47,136.2
57886,湖南,炎陵,113.48,26.29,268.8
57887,湖南,永兴,113.07,26.07,123.9
57889,湖南,桂东,113.57,26.05,835.9
57962,湖南,双牌,111.39,25.58,167.8
57965,湖南,道县,111.36,25.32,192.2
57966,湖南,宁远,111.58,25.36,244.2
57969,湖南,江永,111.2,25.16,227.2
57971,湖南,新田,112.12,25.55,224.2
57972,湖南,郴州,113.02,25.48,184.9
57973,湖南,桂阳,112.43,25.45,329.1
57974,湖南,嘉禾,112.22,25.35,214.5
57975,湖南,蓝山,112.12,25.23,277
57976,湖南,宜章,112.57,25.25,222.8
57978,湖南,临武,112.33,25.17,292
57981,湖南,资兴,113.13,25.59,139.3
57985,湖南,汝城,113.41,25.34,609.8
59063,湖南,江华,111.27,25.11,265.7
50936,吉林,白城,122.5,45.38,155.3
50939,吉林,洮南,122.49,45.2,150.8
50940,吉林,镇赉,123.1,45.51,141.1
50945,吉林,大安,124.16,45.3,137.6
50946,吉林,松原,124.5,45.11,139.8
50948,吉林,乾安,124.01,45,146.3
50949,吉林,前郭,124.52,45.05,136.2
54041,吉林,通榆,123.04,44.48,150
54049,吉林,长岭,123.58,44.15,188.9
54063,吉林,扶余,126,44.58,196.8
54064,吉林,农安,125.09,44.23,170.2
54065,吉林,德惠,125.39,44.32,169.1
54069,吉林,九台,125.48,44.1,174.5
54072,吉林,榆树,126.31,44.51,196.5
54076,吉林,舒兰,126.56,44.23,268.1
54142,吉林,双辽,123.32,43.3,114.9
54154,吉林,梨树,124.18,43.21,160.2
54155,吉林,孤家子,124.14,43.4,144.2
54157,吉林,四平,124.2,43.1,165.7
54161,吉林,长春,125.13,43.54,236.8
54164,吉林,伊通,125.17,43.21,248.1
54165,吉林,双阳,125.38,43.33,219.5
54169,吉林,烟筒山,126.01,43.18,271.6
54171,吉林,永吉,126.31,43.42,229.5
54172,吉林,吉林城郊,126.32,43.52,198.8
54181,吉林,蛟河,127.2,43.42,295
54186,吉林,敦化,128.12,43.22,524.9
54187,吉林,安图,128.55,43.07,366.6
54192,吉林,罗子沟,130.16,43.42,384.6
54195,吉林,汪清,129.47,43.18,244.8
54260,吉林,辽源,125.05,42.55,252.9
54261,吉林,东丰,125.28,42.4,345.3
54263,吉林,磐石,126.03,42.58,336.7
54266,吉林,梅河口,125.38,42.32,340.5
54267,吉林,柳河,125.44,42.15,362.3
54273,吉林,桦甸,126.45,42.59,263.3
54274,吉林,辉南,125.59,42.41,299.3
54276,吉林,靖宇,126.48,42.24,570
54279,吉林,江源,126.35,42.03,544.4
54284,吉林,东岗,127.3,42.09,774.2
54285,吉林,二道,128.07,42.25,721.4
54286,吉林,和龙,129,42.32,475.6
54290,吉林,龙井,129.24,42.46,241.1
54291,吉林,珲春,130.17,42.54,36.5
54292,吉林,延吉,129.3,42.52,257.3
54293,吉林,图们,129.5,42.57,142.8
54362,吉林,通化县,125.44,41.4,380.1
54363,吉林,通化,125.54,41.41,402.9
54371,吉林,白山,126.26,41.56,520.6
54374,吉林,临江,126.53,41.48,379.7
54377,吉林,集安,126.13,41.09,225.1
54386,吉林,长白,128.11,41.25,775
58012,江苏,丰县,116.35,34.41,40.1
58013,江苏,沛县,116.54,34.45,36.5
58026,江苏,邳州,118.01,34.24,25.5
58027,江苏,徐州,117.09,34.17,41.2
58035,江苏,新沂,118.21,34.2,29.3
58036,江苏,东海,118.43,34.33,34.7
58038,江苏,沭阳,118.47,34.05,10.4
58040,江苏,赣榆,119.08,34.51,5.3
58041,江苏,西连岛,119.26,34.47,26.9
58044,江苏,连云港,119.14,34.32,4.7
58045,江苏,响水,119.36,34.12,4.8
58047,江苏,灌云,119.14,34.15,4.8
58048,江苏,灌南,119.21,34.07,4.2
58049,江苏,滨海,119.48,34.01,4.1
58130,江苏,睢宁,117.57,33.56,23.8
58131,江苏,宿豫,118.13,33.58,27.8
58132,江苏,泗阳,118.41,33.43,14.5
58135,江苏,泗洪,118.13,33.29,16.9
58138,江苏,盱眙,118.31,32.59,40.8
58139,江苏,洪泽,118.55,33.18,10.6
58140,江苏,涟水,119.18,33.46,9.1
58141,江苏,淮安,118.56,33.38,14.4
58143,江苏,阜宁,119.51,33.48,4.8
58145,江苏,楚州,119.09,33.3,7.4
58146,江苏,建湖,119.46,33.28,3
58147,江苏,金湖,118.58,32.59,24.2
58148,江苏,宝应,119.18,33.14,4.3
58150,江苏,射阳,120.18,33.45,2
58154,江苏,盐城郊区,120.12,33.26,2.5
58158,江苏,大丰,120.29,33.12,3.1
58235,江苏,六合,118.51,32.22,10.4
58237,江苏,浦口,118.35,32.04,8.9
58238,江苏,南京,118.54,31.56,35.2
58241,江苏,高邮,119.27,32.48,5.4
58242,江苏,仪征,119.1,32.18,10.5
58243,江苏,兴化,119.49,32.57,3
58244,江苏,江都,119.35,32.27,5.2
58245,江苏,扬州,119.25,32.25,9.9
58246,江苏,泰州,120,32.33,5
58247,江苏,扬中,119.48,32.16,5.4
58249,江苏,泰兴,120,32.1,4.4
58250,江苏,姜堰,120.09,32.31,6.2
58251,江苏,东台,120.17,32.51,3.3
58252,江苏,丹徒,119.28,32.11,27.3
58254,江苏,海安,120.27,32.31,5.4
58255,江苏,如皋,120.34,32.22,6.4
58257,江苏,靖江,120.15,31.59,4.3
58259,江苏,南通,120.59,32.05,4.8
58264,江苏,如东,121.11,32.2,3.4
58265,江苏,吕泗,121.36,32.04,3.6
58268,江苏,通州,121.05,32.06,4.4
58269,江苏,启东,121.39,31.47,3.3
58339,江苏,高淳,118.54,31.2,15.2
58340,江苏,溧水,119.02,31.39,25.5
58341,江苏,丹阳,119.36,31.59,6.6
58342,江苏,金坛,119.33,31.43,6.9
58344,江苏,句容,119.12,31.58,36
58345,江苏,溧阳,119.29,31.26,5.9
58346,江苏,宜兴,119.49,31.2,16.4
58349,江苏,吴中,120.34,31.25,2.3
58351,江苏,江阴,120.18,31.54,4.2
58352,江苏,常熟,120.46,31.39,4.5
58353,江苏,张家港,120.34,31.52,8.7
58354,江苏,无锡,120.21,31.37,3.2
58356,江苏,昆山,121,31.24,3.2
58358,江苏,东山,120.26,31.04,16.7
58359,江苏,吴江,120.37,31.08,4.7
58360,江苏,海门,121.12,31.55,3.3
58377,江苏,太仓,121.06,31.31,2.4
57598,江西,修水,114.35,29.02,146.8
57694,江西,铜鼓,114.23,28.32,259.8
57696,江西,宜丰,114.47,28.24,91.7
57698,江西,万载,114.27,28.07,98.4
57699,江西,上高,114.55,28.14,66.6
57786,江西,萍乡,113.51,27.38,117.5
57789,江西,莲花,113.57,27.08,194.5
57792,江西,分宜,114.41,27.49,93.7
57793,江西,宜春,114.23,27.48,131.3
57796,江西,新余,114.53,27.5,82
57798,江西,安福,114.36,27.24,85.9
57799,江西,吉安县,114.55,27.03,71.2
57883,江西,夏坪,114.17,26.45,253
57891,江西,永新,114.15,26.56,153
57894,江西,井冈山,114.1,26.35,843
57895,江西,万安,114.47,26.28,101.6
57896,江西,遂川,114.3,26.2,126.1
57899,江西,泰和,114.55,26.48,71.4
57990,江西,崇义,114.18,25.42,246.9
57991,江西,上犹,114.33,25.48,140.2
57992,江西,南康,114.45,25.4,127
57993,江西,赣县,115,25.52,137.5
57994,江西,大余,114.21,25.24,215.6
57995,江西,信丰,114.56,25.24,164.2
58502,江西,九江,116,29.44,36.1
58503,江西,瑞昌,115.4,29.42,41.2
58506,江西,庐山,115.59,29.35,1164.5
58507,江西,武宁,115.07,29.15,116
58508,江西,德安,115.46,29.2,41.3
58509,江西,永修,115.49,29.03,36.6
58510,江西,湖口,116.14,29.44,40.1
58512,江西,彭泽,116.33,29.54,71.3
58514,江西,星子,116.03,29.27,37.1
58517,江西,都昌,116.12,29.16,35.5
58519,江西,波阳,116.41,29,40.1
58527,江西,景德镇,117.12,29.18,61.5
58529,江西,婺源,117.51,29.16,80.9
58600,江西,靖安,115.22,28.52,78.9
58601,江西,奉新,115.23,28.42,53.7
58602,江西,安义,115.33,28.51,38.8
58605,江西,高安,115.23,28.25,46.8
58606,江西,南昌,115.55,28.36,46.9
58607,江西,南昌县,115.57,28.33,31.9
58608,江西,樟树,115.33,28.04,30.4
58609,江西,丰城,115.49,28.13,27
58612,江西,余干,116.41,28.42,21.1
58614,江西,进贤,116.16,28.23,34.2
58615,江西,万年,117.05,28.41,56
58616,江西,余江,116.49,28.12,40.9
58618,江西,东乡,116.36,28.16,50.6
58619,江西,临川,116.22,28,49.3
58620,江西,乐平,117.06,29.01,34.5
58622,江西,德兴,117.35,28.57,88.5
58623,江西,上饶县,117.55,28.28,90.6
58624,江西,弋阳,117.26,28.24,70
58625,江西,横峰,117.36,28.25,79
58626,江西,贵溪,117.15,28.19,60.8
58627,江西,鹰潭,117.02,28.15,55.8
58629,江西,铅山,117.42,28.17,55.1
58634,江西,玉山,118.15,28.41,116.3
58635,江西,广丰,118.12,28.26,95.3
58637,江西,上饶,117.59,28.27,118.2
58693,江西,新建,115.5,28.42,40
58701,江西,新干,115.24,27.46,46.5
58704,江西,峡江,115.21,27.37,52.8
58705,江西,永丰,115.25,27.2,85.7
58706,江西,乐安,115.5,27.26,181.8
58707,江西,吉水,115.08,27.13,66.2
58710,江西,崇仁,116.03,27.46,78.6
58712,江西,金溪,116.47,27.55,130.2
58713,江西,资溪,117.04,27.43,225.1
58714,江西,宜黄,116.14,27.33,120.4
58715,江西,南城,116.39,27.35,80.8
58718,江西,南丰,116.32,27.13,111.5
58719,江西,黎川,116.56,27.18,131.1
58804,江西,兴国,115.21,26.21,151
58806,江西,宁都,116.01,26.29,209.1
58813,江西,广昌,116.2,26.51,143.8
58814,江西,石城,116.21,26.21,247.4
58903,江西,瑞金,116.02,25.54,208
58905,江西,于都,115.25,25.58,133.2
58906,江西,会昌,115.48,25.36,167.4
58907,江西,安远,115.24,25.09,305
59091,江西,全南,114.31,24.45,252
59092,江西,龙南,114.49,24.55,206.3
59093,江西,定南,115.02,24.47,253
59102,江西,寻乌,115.39,24.57,303.9
54236,辽宁,彰武,122.33,42.23,79.4
54243,辽宁,昌图,124.07,42.47,165.1
54244,辽宁,康平,123.2,42.45,118.6
54245,辽宁,法库,123.24,42.3,97.8
54248,辽宁,新城子,123.32,42.02,61.6
54249,辽宁,铁岭,123.52,42.18,85.4
54252,辽宁,西丰,124.45,42.44,196.1
54254,辽宁,开原,124.03,42.32,98.2
54259,辽宁,清原,124.52,42.04,237.2
54321,辽宁,建平镇,119.38,41.52,661.8
54323,辽宁,北票,120.47,41.49,253.8
54324,辽宁,朝阳,120.26,41.33,174.3
54325,辽宁,羊山,120.21,41.11,183.8
54326,辽宁,建平县,119.37,41.25,422
54327,辽宁,凌源,119.21,41.14,417.1
54328,辽宁,喀左,119.43,41.05,296.8
54332,辽宁,辽中,122.43,41.31,12.2
54333,辽宁,新民,122.51,41.58,30.9
54336,辽宁,台安,122.25,41.25,8.3
54338,辽宁,盘山,121.57,41.17,3.2
54339,辽宁,鞍山,123,41.05,77.3
54340,辽宁,苏家屯,123.19,41.4,35.8
54342,辽宁,沈阳,123.31,41.44,49
54345,辽宁,辽阳县,123.04,41.12,30.7
54346,辽宁,本溪,123.47,41.19,185.4
54347,辽宁,辽阳,123.1,41.14,24.8
54348,辽宁,灯塔,123.2,41.25,36.8
54351,辽宁,抚顺,124.05,41.55,118.5
54353,辽宁,新宾,125.03,41.44,328.4
54452,辽宁,建昌,119.49,40.48,365.5
54453,辽宁,连山区,120.53,40.47,38.5
54454,辽宁,绥中,120.18,40.2,29
54455,辽宁,兴城,120.39,40.37,20.5
54470,辽宁,大洼,122.04,41.01,5.5
54471,辽宁,营口,122.1,40.39,3.8
54474,辽宁,盖州,122.21,40.25,24.8
54475,辽宁,大石桥,122.29,40.37,11.5
54476,辽宁,熊岳,122.09,40.1,20.4
54483,辽宁,草河口,123.54,40.53,233.6
54486,辽宁,岫岩,123.17,40.17,79.8
54493,辽宁,宽甸,124.47,40.43,260.1
54494,辽宁,凤城,124.04,40.28,72.6
54497,辽宁,丹东,124.2,40.03,13.8
54563,辽宁,瓦房店,122.01,39.38,118.7
54568,辽宁,金州,121.45,39.04,42.7
54569,辽宁,普兰店,121.57,39.25,31.5
54575,辽宁,皮口,122.22,39.25,43.2
54579,辽宁,长海,122.35,39.16,35.5
54584,辽宁,庄河,122.57,39.43,34.8
54590,辽宁,东港,124.1,39.53,4.2
54662,辽宁,大连,121.38,38.54,91.5
50425,内蒙古,额尔古纳市,120.11,50.15,581.4
50431,内蒙古,根河市,121.31,50.47,717
50434,内蒙古,图里河,121.41,50.29,732.6
50445,内蒙古,鄂伦春自治旗,123.44,50.35,423.7
50514,内蒙古,满洲里,117.19,49.35,661.8
50524,内蒙古,陈巴尔虎旗,119.26,49.19,576.6
50525,内蒙古,鄂温克族自治旗,119.45,49.09,620.8
50526,内蒙古,牙克石市,120.42,49.17,668.8
50527,内蒙古,海拉尔,119.42,49.15,649.6
50548,内蒙古,小二沟,123.43,49.12,286.1
50603,内蒙古,新巴尔虎右旗,116.49,48.4,554.2
50618,内蒙古,新巴尔虎左旗,118.16,48.13,642
50639,内蒙古,扎兰屯,122.44,48,306.5
50645,内蒙古,莫力达瓦达斡尔族自治旗,124.29,48.29,195
50647,内蒙古,阿荣旗,123.29,48.08,236.2
50727,内蒙古,阿尔山,119.56,47.1,997.2
50834,内蒙古,索伦,121.13,46.36,499.7
50913,内蒙古,乌拉盖,118.5,45.43,865
50915,内蒙古,东乌珠穆沁,116.58,45.31,838.7
50924,内蒙古,霍林郭勒,119.4,45.32,823.7
50928,内蒙古,巴雅尔吐胡硕,120.2,45.04,628.3
50934,内蒙古,突泉,121.35,45.23,311.7
50937,内蒙古,科尔沁右翼中旗,121.29,45.04,249.9
53068,内蒙古,二连浩特,111.56,43.38,963.1
53083,内蒙古,那仁宝力格,114.09,44.37,1181.6
53149,内蒙古,满都拉气象站,110.08,42.32,1225.2
53192,内蒙古,阿巴嘎旗,114.57,44.01,1126.1
53231,内蒙古,海力素,106.24,41.24,1509.6
53289,内蒙古,镶黄旗,113.5,42.14,1322.1
53336,内蒙古,乌拉特中旗,108.31,41.34,1288
53337,内蒙古,五原,108.16,41.06,1023.7
53348,内蒙古,大佘太,109.08,41.01,1078.7
53352,内蒙古,达茂旗气象局,110.26,41.42,1376.6
53357,内蒙古,固阳县气象局,110.03,41.02,1360.4
53362,内蒙古,四子王,111.41,41.32,1490.1
53367,内蒙古,希拉穆仁气侯站,111.14,41.19,1602.3
53368,内蒙古,武川县,111.28,41.05,1637.3
53378,内蒙古,察右中旗,112.37,41.17,1737.3
53384,内蒙古,察右后旗,113.11,41.27,1423.5
53385,内蒙古,商都,113.32,41.36,1385.2
53391,内蒙古,化德,114,41.54,1482.7
53419,内蒙古,磴口,107,40.2,1055.3
53420,内蒙古,杭锦后旗,107.07,40.51,1024
53433,内蒙古,乌拉特前旗,108.39,40.44,1020.4
53446,内蒙古,包头市,109.53,40.32,1067.2
53455,内蒙古,土右旗气象局,110.32,40.33,998.6
53457,内蒙古,达拉特旗,110.02,40.24,1011
53463,内蒙古,呼和浩特,111.34,40.51,1063
53464,内蒙古,土默特左旗,111.1,40.43,1042.7
53466,内蒙古,呼和浩特郊区站,111.42,40.45,1045.4
53467,内蒙古,托克托县,111.11,40.16,1016
53469,内蒙古,和林格尔县,111.49,40.24,1166.7
53472,内蒙古,卓资,112.34,40.52,1451.7
53475,内蒙古,凉城,112.28,40.31,1268.9
53480,内蒙古,集宁,113.04,41.02,1419.3
53481,内蒙古,察右前旗,113.13,40.48,1316.8
53483,内蒙古,兴和,113.5,40.52,1268.7
53484,内蒙古,丰镇,113.09,40.27,1191.5
53512,内蒙古,乌海,106.48,39.48,1105.6
53513,内蒙古,临河,107.22,40.44,1041.1
53522,内蒙古,伊克乌素,107.5,40.03,1180.3
53529,内蒙古,鄂托克旗,107.58,39.05,1381.4
53533,内蒙古,杭锦旗,108.43,39.49,1389.5
53543,内蒙古,东胜,109.59,39.5,1461.9
53545,内蒙古,伊金霍洛旗,109.43,39.34,1367
53553,内蒙古,准格尔旗,111.13,39.52,1221.4
53562,内蒙古,清水河县,111.4,39.55,1187.4
53644,内蒙古,乌审旗,108.5,38.36,1307.2
53730,内蒙古,鄂托克前旗,107.29,38.11,1333.3
53732,内蒙古,河南,108.43,37.51,1209.9
54012,内蒙古,西乌珠穆沁,117.36,44.35,1001.7
54024,内蒙古,富河,119.18,44.27,710
54026,内蒙古,扎鲁特,120.54,44.34,265
54027,内蒙古,巴林左旗,119.24,43.59,486.2
54031,内蒙古,高力板,121.49,44.54,198.3
54039,内蒙古,舍伯吐,122.01,44.02,181.6
54047,内蒙古,科左中旗,123.17,44.08,145.8
54102,内蒙古,锡林浩特,116.07,43.57,1003
54113,内蒙古,巴林右旗,118.39,43.32,621.4
54115,内蒙古,林西县,118.02,43.38,799.5
54117,内蒙古,克什克腾旗,117.32,43.15,1003.3
54122,内蒙古,阿鲁科尔沁旗,120.03,43.53,374.9
54132,内蒙古,青龙山,121.04,42.24,400
54134,内蒙古,开鲁,121.17,43.36,241
54135,内蒙古,通辽,122.16,43.36,178.7
54204,内蒙古,正镶白旗,115,42.18,1346.3
54205,内蒙古,正蓝旗,116,42.14,1315.5
54208,内蒙古,多伦县,116.28,42.11,1245.4
54213,内蒙古,翁牛特旗,119.01,42.56,634.3
54214,内蒙古,岗子,118.25,42.35,960
54218,内蒙古,赤峰,118.5,42.18,668.6
54223,内蒙古,奈曼,120.39,42.51,362.9
54225,内蒙古,敖汉旗,119.57,42.18,588.2
54226,内蒙古,宝国吐,120.42,42.2,400.5
54231,内蒙古,科左后旗,122.21,42.58,248.1
54234,内蒙古,库伦,121.45,42.44,297.8
54305,内蒙古,太仆寺旗,115.16,41.53,1468.9
54313,内蒙古,喀喇沁旗,118.42,41.56,733.7
54316,内蒙古,八里罕,118.45,41.31,679.3
54320,内蒙古,宁城县,119.18,41.36,544.2
53517,宁夏,石炭井,106.2,39.16,1464.5
53518,宁夏,石嘴山,106.21,39.02,1117.7
53519,宁夏,惠农,106.46,39.13,1092.5
53603,宁夏,沙湖,106.22,38.5,1095
53610,宁夏,贺兰,106.21,38.34,1106.2
53611,宁夏,平罗,106.33,38.53,1098.7
53612,宁夏,吴忠,106.11,37.59,1128.8
53614,宁夏,银川,106.12,38.28,1110.9
53615,宁夏,陶乐,106.42,38.48,1101.6
53617,宁夏,青铜峡,106.05,38.02,1118
53618,宁夏,永宁,106.15,38.17,1113.7
53619,宁夏,灵武,106.18,38.07,1115.9
53704,宁夏,中卫,105.11,37.32,1225.7
53705,宁夏,中宁,105.41,37.29,1183.4
53707,宁夏,兴仁,105.15,36.56,1697.9
53723,宁夏,盐池,107.23,37.48,1349.3
53727,宁夏,麻黄山,107.07,37.1,1712.5
53806,宁夏,海原,105.39,36.34,1854.2
53810,宁夏,同心,105.54,36.58,1339.3
53817,宁夏,固原,106.16,36,1753
53881,宁夏,韦州,106.29,37.17,1382.2
53903,宁夏,西吉,105.43,35.58,1916.5
53910,宁夏,六盘山,106.12,35.4,2841.2
53914,宁夏,隆德,106.07,35.37,2078.6
53916,宁夏,泾源,106.19,35.3,1948.6
52602,青海,冷湖,93.2,38.45,2770
52707,青海,小灶火,93.41,36.48,2767
52818,青海,格尔木,94.55,36.25,2807.6
52825,青海,诺木洪,96.26,36.26,2790.4
52836,青海,都兰,98.06,36.18,3189
52854,青海,江西沟,100.29,36.35,3200.8
52856,青海,共和,100.37,36.16,2835
52863,青海,互助,101.57,36.49,2480
52866,青海,西宁,101.45,36.44,2295.2
52868,青海,贵德,101.22,36.01,2237.1
52869,青海,湟中,101.35,36.3,2667.5
52875,青海,平安,102.06,36.3,2125
52876,青海,民和,102.5,36.2,1813.9
52877,青海,化隆,102.15,36.06,2834.7
52908,青海,五道梁,93.05,35.13,4612.2
52941,青海,沙珠玉,100.16,36.16,2872
52943,青海,兴海,99.59,35.35,3323.2
52955,青海,贵南,100.44,35.35,3120
52957,青海,同德,100.36,35.15,3148.2
52963,青海,尖扎,102.01,35.56,2085.7
52968,青海,泽库,101.28,35.02,3662.8
52972,青海,循化,102.27,35.51,1921
52974,青海,同仁,102.01,35.31,2491.4
56004,青海,沱沱河,92.26,34.13,4533.1
56016,青海,治多,95.37,33.51,4179.1
56018,青海,杂多,95.17,32.53,4066.4
56021,青海,曲麻莱,95.48,34.07,4175
56029,青海,玉树,96.58,33,3716.9
56033,青海,玛多,98.13,34.55,4272.3
56034,青海,清水河,97.08,33.48,4415.4
56043,青海,玛沁,100.14,34.29,3719
56045,青海,甘德,99.54,33.58,4050
56046,青海,达日,99.39,33.45,3967.5
56065,青海,河南,101.36,34.44,3500
56067,青海,久治,101.29,33.26,3628.5
56125,青海,囊谦,96.28,32.12,3643.7
56151,青海,班玛,100.45,32.56,3530
54709,山东,武城,116.04,37.13,25.7
54712,山东,临邑,116.49,37.12,18.5
54714,山东,德州,116.2,37.27,23.6
54715,山东,陵县,116.34,37.19,18.6
54716,山东,宁津,116.48,37.4,16.3
54722,山东,无棣,117.38,37.45,6.8
54723,山东,阳信,117.34,37.39,10.1
54724,山东,商河,117.08,37.19,14.8
54725,山东,惠民,117.32,37.3,11.7
54726,山东,乐陵,117.11,37.42,11.5
54727,山东,章丘,117.33,36.41,121.8
54728,山东,庆云,117.23,37.46,8.4
54729,山东,高青,117.52,37.1,11
54734,山东,滨州,118,37.21,12.2
54736,山东,东营,118.4,37.26,6
54744,山东,垦利,118.33,37.35,8.5
54749,山东,莱州,119.57,37.11,48.4
54751,山东,长岛,120.44,37.56,39.7
54752,山东,蓬莱,120.46,37.48,60.7
54753,山东,龙口,120.2,37.38,4.8
54755,山东,招远,120.23,37.2,112.3
54759,山东,栖霞,120.51,37.19,205.5
54764,山东,福山,121.14,37.29,53.9
54765,山东,烟台,121.26,37.29,82
54776,山东,成山头,122.42,37.24,47.7
54777,山东,文登,122.04,37.12,118
54802,山东,临清,115.44,36.49,34
54806,山东,聊城,115.58,36.25,33
54807,山东,阳谷,115.46,36.09,41.3
54808,山东,莘县,115.38,36.14,37.8
54812,山东,齐河,116.45,36.47,22.7
54814,山东,茌平,116.15,36.32,29.7
54815,山东,东阿,116.16,36.23,31.4
54816,山东,长清,116.48,36.31,98.9
54818,山东,平阴,116.25,36.15,79.9
54819,山东,肥城,116.48,36.11,113.6
54821,山东,济阳,117.12,37,20.4
54822,山东,邹平,117.44,36.52,47.4
54823,山东,济南,117,36.36,170.3
54824,山东,淄川,117.57,36.38,95
54825,山东,博山,117.51,36.31,189.7
54826,山东,泰山,117.06,36.15,1533.7
54827,山东,泰安,117.09,36.1,128.6
54828,山东,莱芜,117.41,36.14,229.3
54829,山东,周村,117.52,36.46,85.7
54830,山东,淄博,117.56,36.49,34.4
54831,山东,青州,118.3,36.39,102.5
54832,山东,寿光,118.44,36.53,25.8
54833,山东,桓台,118.05,36.58,15.1
54834,山东,临淄,118.17,36.52,46.3
54835,山东,临朐,118.33,36.3,106.5
54836,山东,沂源,118.1,36.11,305.1
54837,山东,昌乐,118.5,36.41,78.8
54841,山东,昌邑,119.25,36.52,23.5
54842,山东,平度,120,36.47,48.6
54843,山东,潍坊,119.12,36.45,22.2
54844,山东,安丘,119.11,36.25,62.7
54846,山东,高密,119.44,36.23,36.4
54848,山东,诸城,119.25,35.59,82.6
54849,山东,胶州,120.02,36.13,84.4
54851,山东,莱西,120.34,36.54,76.9
54852,山东,莱阳,120.44,36.58,54.4
54853,山东,崂山,120.25,36.1,42.6
54855,山东,即墨,120.28,36.23,26.2
54857,山东,青岛,120.2,36.04,76
54861,山东,乳山,121.32,36.56,45.4
54863,山东,海阳,121.11,36.47,40.9
54871,山东,石岛,122.29,36.56,9.8
54904,山东,鄄城,115.31,35.35,50.1
54905,山东,郓城,115.56,35.35,46.2
54906,山东,菏泽,115.25,35.15,49.9
54907,山东,鱼台,116.39,34.59,34.3
54908,山东,东明,115.06,35.16,57.3
54909,山东,定陶,115.31,35.05,51.5
54910,山东,梁山,116.03,35.49,40.9
54911,山东,东平,116.24,35.56,44
54912,山东,汶上,116.3,35.46,41.8
54913,山东,宁阳,116.49,35.45,62.2
54914,山东,巨野,116.05,35.25,40.6
54915,山东,济宁,116.36,35.26,33.3
54916,山东,兖州,116.51,35.34,51.7
54917,山东,金乡,116.19,35.06,36.7
54918,山东,曲阜,116.58,35.36,62.3
54919,山东,邹城,116.59,35.23,88.7
54920,山东,泗水,117.17,35.39,110.4
54921,山东,嘉祥,116.2,35.25,38.1
54922,山东,新泰,117.47,35.53,224
54923,山东,蒙阴,117.56,35.43,202.2
54925,山东,平邑,117.38,35.31,167.2
54927,山东,滕州,117.12,35.06,74.9
54929,山东,费县,117.58,35.16,121.2
54932,山东,沂水,118.39,35.46,186.7
54935,山东,沂南,118.26,35.32,119.4
54936,山东,莒县,118.5,35.34,107.4
54938,山东,临沂,118.24,35.03,65.2
54939,山东,莒南,118.49,35.1,113.8
54940,山东,五莲,119.12,35.45,148.2
54943,山东,胶南,120,35.53,10.4
54945,山东,日照,119.32,35.26,36.9
58002,山东,曹县,115.35,34.51,49
58003,山东,成武,115.53,34.57,45.4
58011,山东,单县,116.04,34.48,46.2
58020,山东,微山,117.08,34.48,35.1
58021,山东,薛城,117.17,34.47,80.5
58022,山东,峄城,117.34,34.45,48.3
58024,山东,枣庄,117.35,34.52,77.7
58025,山东,台儿庄,117.44,34.34,27.6
58030,山东,苍山,118.01,34.53,45.9
58032,山东,临沭,118.39,34.56,70.1
53478,山西,右玉,112.27,40,1345.8
53486,山西,阳高,113.46,40.22,1050.3
53487,山西,大同,113.25,40.05,1067.2
53488,山西,大同县,113.35,40.02,1034.3
53490,山西,天镇,114.03,40.26,1014.7
53564,山西,河曲,111.09,39.23,861.5
53565,山西,偏关,111.3,39.26,1051.7
53573,山西,左云,112.42,40,1336.3
53574,山西,平鲁,112.16,39.31,1409.4
53575,山西,神池,112.12,39.06,1525.4
53576,山西,山阴,112.49,39.3,1045
53577,山西,宁武,112.18,39,1437.4
53578,山西,朔州,112.26,39.22,1114.8
53579,山西,代县,112.54,39.01,859.7
53582,山西,浑源,113.4,39.43,1079.2
53584,山西,应县,113.1,39.34,1000.7
53585,山西,繁峙,113.16,39.1,933.9
53588,山西,五台山,113.31,38.57,2208.3
53590,山西,广灵,114.16,39.45,977.8
53594,山西,灵丘,114.11,39.27,938.7
53659,山西,临县,111,37.58,1163.3
53660,山西,保德,111.05,39.01,894.4
53662,山西,岢岚,111.35,38.43,1396.7
53663,山西,五寨,111.49,38.55,1401
53664,山西,兴县,111.08,38.28,1012.6
53665,山西,岚县,111.39,38.17,1185.1
53666,山西,静乐,111.56,38.21,1212.2
53669,山西,娄烦,111.48,38.05,1150.3
53673,山西,原平,112.43,38.44,828.2
53674,山西,忻州,112.42,38.24,797.7
53676,山西,定襄,112.59,38.3,759.4
53677,山西,太原北郊,112.29,37.56,806.5
53678,山西,阳曲,112.39,38.04,897.1
53679,山西,太原南郊,112.33,37.45,775.4
53681,山西,五台县豆村,113.22,38.5,1096.2
53685,山西,盂县,113.25,38.04,953.2
53687,山西,平定,113.38,37.47,753
53753,山西,柳林,110.53,37.26,860.1
53759,山西,石楼,110.5,36.59,1109.1
53760,山西,方山,111.14,37.53,1212.4
53763,山西,太原古交区,112.1,37.55,1006.8
53764,山西,离石,111.06,37.3,950.8
53767,山西,中阳,111.1,37.2,1213.1
53768,山西,孝义,111.45,37.09,773.4
53769,山西,汾阳,111.47,37.15,747.7
53770,山西,祁县,112.21,37.21,768.8
53771,山西,文水,112.03,37.25,750
53772,山西,太原,112.35,37.37,778.3
53774,山西,清徐,112.22,37.35,773.7
53775,山西,太谷,112.36,37.25,781.9
53776,山西,榆次,112.46,37.41,831.2
53777,山西,交城,112.09,37.32,759.3
53778,山西,平遥,112.13,37.1,780.3
53780,山西,寿阳,113.09,37.54,1066.1
53782,山西,阳泉,113.37,37.56,767.2
53783,山西,昔阳,113.42,37.36,876.2
53786,山西,左权,113.2,37.05,1134.6
53787,山西,榆社,112.59,37.04,1041.4
53788,山西,和顺,113.34,37.2,1265.7
53852,山西,永和,110.38,36.46,916.6
53853,山西,隰县,110.57,36.42,1052.7
53856,山西,大宁,110.45,36.28,765.9
53859,山西,吉县,110.4,36.06,851.3
53860,山西,交口,111.1,36.59,1406.7
53861,山西,襄汾,111.23,35.53,463.5
53862,山西,灵石,111.48,36.51,811.7
53863,山西,介休,111.55,37.02,743.9
53864,山西,蒲县,111.06,36.24,1030.6
53865,山西,汾西,111.33,36.39,1011.9
53866,山西,洪洞,111.4,36.14,462.8
53868,山西,临汾,111.3,36.04,449.5
53869,山西,霍州,111.42,36.35,550
53871,山西,武乡,112.51,36.5,964.1
53872,山西,沁县,112.41,36.46,960.7
53873,山西,长子,112.52,36.06,951.1
53874,山西,古县,111.54,36.15,648.7
53875,山西,沁源,112.21,36.31,1000
53877,山西,安泽,112.15,36.1,860.1
53878,山西,黎城,113.23,36.31,767.9
53879,山西,屯留,112.53,36.19,952.3
53880,山西,潞城,113.14,36.2,947.6
53882,山西,长治,113.02,36.04,991.8
53884,山西,襄垣,113.02,36.31,877.9
53885,山西,壶关,113.12,36.07,1030.2
53888,山西,平顺,113.26,36.12,1089.2
53953,山西,乡宁,110.51,35.58,965.3
53954,山西,稷山,110.58,35.37,433.5
53956,山西,万荣,110.5,35.24,588.4
53957,山西,河津,110.43,35.37,459.2
53958,山西,临猗,110.47,35.1,387.9
53959,山西,运城,111.03,35.03,365
53961,山西,曲沃,111.29,35.39,472.6
53962,山西,翼城,111.42,35.44,584.5
53963,山西,侯马,111.22,35.39,433.8
53964,山西,新绛,111.13,35.37,430.8
53965,山西,绛县,111.34,35.31,761
53966,山西,浮山,111.5,35.59,817.2
53967,山西,闻喜,111.12,35.2,468.3
53968,山西,垣曲,111.4,35.17,505
53970,山西,沁水,112.12,35.42,887.3
53973,山西,高平,112.57,35.46,837.3
53975,山西,阳城,112.24,35.29,659.5
53976,山西,晋城,112.52,35.3,752.6
53981,山西,陵川,113.16,35.47,1311.6
57052,山西,永济,110.27,34.53,354.1
57053,山西,芮城,110.43,34.42,505.7
57060,山西,夏县,111.14,35.1,402.9
57061,山西,平陆,111.12,34.5,410.7
53567,陕西,府谷,111,39.01,981
53646,陕西,榆林,109.47,38.16,1157
53651,陕西,神木,110.28,38.49,941.1
53658,陕西,佳县,110.29,38.02,894.4
53725,陕西,定边,107.35,37.35,1360.3
53735,陕西,靖边,108.48,37.37,1336.7
53738,陕西,吴旗,108.1,36.55,1331.4
53740,陕西,横山,109.14,37.56,1111
53748,陕西,子长,109.42,37.11,1063.3
53750,陕西,米脂,110.11,37.46,931
53751,陕西,子洲,110.03,37.36,894.6
53754,陕西,绥德,110.13,37.3,929.7
53756,陕西,吴堡,110.43,37.31,744
53757,陕西,清涧,110.07,37.07,938
53832,陕西,志丹,108.46,36.46,1218.8
53841,陕西,安塞,109.19,36.53,1068.3
53848,陕西,甘泉,109.21,36.16,1005.5
53850,陕西,延川,110.11,36.53,804.9
53854,陕西,延长,110.04,36.35,804.8
53857,陕西,宜川,110.11,36.04,840.3
53929,陕西,长武,107.48,35.12,1206.5
53931,陕西,富县,109.22,36,984
53938,陕西,旬邑,108.18,35.1,1277
53941,陕西,白水,109.35,35.11,804.4
53942,陕西,洛川,109.25,35.46,1159.8
53944,陕西,黄陵,109.15,35.34,863
53945,陕西,宜君,109.04,35.26,1395.2
53946,陕西,黄龙,109.49,35.36,1091
53947,陕西,铜川,109.04,35.05,978.9
53948,陕西,蒲城,109.35,34.57,499.2
53949,陕西,澄城,109.55,35.11,679.1
53950,陕西,合阳,110.09,35.14,708.8
57003,陕西,陇县,106.5,34.54,924.2
57016,陕西,宝鸡,107.08,34.21,612.4
57020,陕西,宝鸡县,107.24,34.22,563
57021,陕西,千阳,107.08,34.39,751.6
57022,陕西,麟游,107.47,34.41,1026.3
57023,陕西,彬县,108.07,35.01,840.7
57024,陕西,岐山,107.39,34.27,669.6
57025,陕西,凤翔,107.23,34.31,781.1
57026,陕西,扶风,107.53,34.22,585.9
57027,陕西,眉县,107.44,34.16,517.6
57028,陕西,太白,107.19,34.02,1543.6
57029,陕西,礼泉,108.29,34.3,543.2
57030,陕西,永寿,108.09,34.42,994.6
57031,陕西,淳化,108.33,34.49,1012.7
57033,陕西,泾阳,108.49,34.33,428.1
57034,陕西,武功,108.13,34.15,447.8
57035,陕西,乾县,108.14,34.33,636.8
57037,陕西,耀县,108.59,34.56,710
57038,陕西,兴平,108.27,34.17,410.9
57041,陕西,三原,108.55,34.38,424
57042,陕西,富平,109.11,34.47,470.9
57043,陕西,大荔,109.58,34.48,351.4
57045,陕西,渭南,109.29,34.31,349.8
57046,陕西,华山,110.05,34.29,2064.9
57048,陕西,秦都,108.43,34.24,472.8
57054,陕西,潼关,110.14,34.33,556.3
57055,陕西,华阴,110.05,34.33,351.3
57057,陕西,洛南,110.09,34.06,963.4
57106,陕西,略阳,106.09,33.19,794.2
57113,陕西,凤县,106.32,33.54,985.9
57119,陕西,勉县,106.42,33.1,548.1
57123,陕西,杨凌,108.04,34.17,506
57124,陕西,留坝,106.56,33.38,1032.1
57127,陕西,汉中,107.02,33.04,509.5
57128,陕西,城固,107.2,33.1,486.4
57131,陕西,泾河,108.58,34.26,410
57134,陕西,佛坪,107.59,33.31,827.2
57137,陕西,宁陕,108.19,33.19,802.4
57140,陕西,柞水,109.07,33.4,818.2
57143,陕西,商县,109.58,33.52,742.2
57144,陕西,镇安,109.09,33.26,693.7
57153,陕西,丹凤,110.2,33.41,581.7
57154,陕西,商南,110.54,33.32,523
57155,陕西,山阳,109.52,33.33,660.2
57211,陕西,宁强,106.15,32.5,836.1
57213,陕西,南郑,106.56,33,536.5
57231,陕西,紫阳,108.32,32.32,503.8
57232,陕西,石泉,108.16,33.03,484.9
57233,陕西,汉阴,108.3,32.54,413.1
57238,陕西,镇巴,107.54,32.32,693.9
57242,陕西,旬阳,109.22,32.51,285.5
57245,陕西,安康,109.02,32.43,290.8
57247,陕西,岚皋,108.54,32.19,438.5
57248,陕西,平利,109.2,32.24,431
57254,陕西,白河,110.07,32.49,322.5
57343,陕西,镇坪,109.32,31.54,995.8
58361,上海,闵行,121.22,31.06,5.5
58362,上海,宝山,121.27,31.24,5.5
58365,上海,嘉定,121.15,31.22,4.4
58366,上海,崇明,121.3,31.4,4.5
58367,上海,徐家汇,121.26,31.12,4.6
58369,上海,南汇,121.47,31.03,5
58370,上海,浦东,121.32,31.14,4.4
58460,上海,金山,121.21,30.44,5.2
58461,上海,青浦,121.07,31.08,4
58462,上海,松江,121.14,31.02,4.2
58463,上海,奉贤,121.3,30.53,4.6
56038,四川,石渠,98.06,32.59,4200
56079,四川,若尔盖,102.58,33.35,3441.4
56097,四川,九寨沟,104.15,33.16,1436.5
56144,四川,德格,98.35,31.48,3184
56146,四川,甘孜,100,31.37,3393.5
56147,四川,白玉,98.5,31.13,3260
56152,四川,色达,100.2,32.17,3893.9
56158,四川,炉霍,100.4,31.24,3250
56164,四川,壤塘,100.59,32.16,3284.8
56167,四川,道孚,101.07,30.59,2957.2
56168,四川,金川,102.04,31.29,2168.9
56171,四川,阿坝,101.42,32.54,3275.1
56172,四川,马尔康,102.14,31.54,2664.4
56173,四川,红原,102.33,32.48,3491.6
56178,四川,小金,102.21,31,2438
56180,四川,茂县,103.51,31.41,1590.1
56181,四川,崇州,103.42,30.41,541.7
56182,四川,松潘,103.36,32.4,2850.7
56183,四川,汶川,103.37,31.3,1369
56184,四川,理县,103.1,31.26,1896.7
56185,四川,黑水,102.59,32.05,2400.1
56186,四川,绵竹,104.12,31.2,589
56187,四川,温江,103.52,30.45,547.7
56188,四川,都江堰,103.4,31,698.5
56189,四川,彭州,103.56,30.59,581.7
56197,四川,什邡,104.1,31.09,535.7
56198,四川,德阳,104.3,31.19,525.7
56199,四川,中江,104.41,31.02,423.5
56247,四川,巴塘,99.06,30,2589.2
56251,四川,新龙,100.19,30.56,3000
56257,四川,理塘,100.16,30,3948.9
56263,四川,丹巴,101.53,30.53,1949.7
56267,四川,雅江,101.01,30.02,2600.9
56272,四川,郫县,103.53,30.49,558.5
56273,四川,宝兴,102.49,30.23,1009.7
56276,四川,新津,103.49,30.27,467
56278,四川,天全,102.46,30.04,755.8
56279,四川,芦山,102.56,30.09,682.7
56280,四川,名山,103.07,30.05,691.3
56281,四川,蒲江,103.3,30.11,510.8
56284,四川,邛崃,103.26,30.27,518.5
56285,四川,大邑,103.31,30.36,523.9
56286,四川,龙泉驿,104.15,30.33,515.1
56288,四川,双流,103.55,30.35,494.6
56289,四川,彭山,103.52,30.12,437
56290,四川,新都,104.11,30.47,514.5
56296,四川,金堂,104.26,30.51,448.4
56297,四川,仁寿,104.09,30.01,436.5
56298,四川,资阳,104.36,30.08,417
56357,四川,稻城,100.18,29.03,3727.7
56371,四川,泸定,102.14,29.55,1321.2
56373,四川,荥经,102.51,29.47,763.2
56374,四川,康定,101.58,30.03,2615.7
56376,四川,汉源,102.38,29.21,1098
56378,四川,石棉,102.21,29.14,890.7
56380,四川,洪雅,103.21,29.53,571.2
56381,四川,丹棱,103.3,30.04,496.2
56382,四川,夹江,103.36,29.44,407.1
56383,四川,青神,103.52,29.5,455.2
56384,四川,峨眉,103.29,29.36,446.7
56385,四川,峨眉山,103.2,29.31,3047.4
56386,四川,乐山,103.45,29.34,424.2
56387,四川,峨边,103.16,29.14,642.2
56389,四川,犍为,103.57,29.12,387.6
56390,四川,井研,104.04,29.4,404.4
56391,四川,眉山,103.49,30.05,415.4
56393,四川,资中,104.51,29.46,369.4
56394,四川,荣县,104.26,29.27,384.1
56395,四川,威远,104.4,29.31,351.1
56396,四川,自贡,104.46,29.21,352.6
56399,四川,富顺,104.59,29.11,306.2
56441,四川,得荣,99.17,28.43,2422.9
56443,四川,乡城,99.48,28.56,2842
56459,四川,木里,101.16,27.56,2426.5
56462,四川,九龙,101.3,29,2925
56473,四川,甘洛,102.46,28.57,1060.3
56474,四川,冕宁,102.1,28.33,1774
56475,四川,越西,102.31,28.39,1659.5
56478,四川,喜德,102.26,28.18,1818.1
56479,四川,昭觉,102.51,28,2132.4
56480,四川,马边,103.32,28.49,564.1
56485,四川,雷波,103.35,28.16,1255.8
56487,四川,美姑,103.08,28.2,1943.9
56490,四川,沐川,103.54,28.57,424
56491,四川,宜宾县,104.34,28.42,287
56492,四川,宜宾,104.36,28.48,340.8
56493,四川,南溪,104.58,28.51,292.8
56494,四川,屏山,104.09,28.39,462
56496,四川,兴文,105.14,28.19,358.2
56498,四川,筠连,104.3,28.09,549
56499,四川,珙县,104.47,28.23,368.2
56565,四川,盐源,101.31,27.26,2545
56569,四川,德昌,102.11,27.25,1380
56571,四川,西昌,102.16,27.54,1590.9
56575,四川,普格,102.33,27.22,1428
56578,四川,宁南,102.45,27.04,993.6
56580,四川,布拖,102.48,27.43,2460
56584,四川,金阳,103.15,27.42,1093
56592,四川,高县,104.31,28.26,359.7
56593,四川,长宁,104.55,28.35,279.1
56665,四川,盐边,101.51,26.41,1140.3
56666,四川,攀枝花,101.43,26.35,1190.1
56670,四川,米易,102.07,26.55,1136.9
56671,四川,会理,102.15,26.39,1787.3
56674,四川,仁和,101.44,26.3,1108
56675,四川,会东,102.35,26.39,1694.5
57204,四川,青川,105.13,32.34,782
57206,四川,广元,105.51,32.26,513.8
57208,四川,剑阁,105.31,32.17,544.5
57216,四川,南江,106.5,32.21,579.3
57217,四川,旺苍,106.17,32.14,485.7
57237,四川,万源,108.02,32.04,674
57303,四川,苍溪,105.55,31.44,459.9
57306,四川,阆中,105.58,31.35,382.6
57307,四川,三台,105.05,31.06,404.9
57308,四川,盐亭,105.23,31.13,421.3
57309,四川,西充,105.53,30.59,378.4
57313,四川,巴中,106.46,31.52,417.7
57314,四川,南部,106.04,31.21,405.7
57315,四川,仪陇,106.24,31.32,655.7
57317,四川,蓬安,106.25,31.02,324.9
57318,四川,营山,106.33,31.04,338.5
57320,四川,通江,107.13,31.56,482.4
57324,四川,平昌,107.05,31.35,364.2
57326,四川,宣汉,107.43,31.22,389.4
57328,四川,达县,107.3,31.12,344.9
57329,四川,开江,107.51,31.06,467.5
57401,四川,射洪,105.22,30.52,383.3
57402,四川,蓬溪,105.42,30.46,394.5
57405,四川,遂宁,105.33,30.3,355
57407,四川,乐至,105.02,30.17,462.6
57408,四川,安岳,105.21,30.07,338.4
57411,四川,高坪,106.06,30.47,309.7
57413,四川,渠县,106.58,30.51,295.1
57414,四川,岳池,106.27,30.31,410
57415,四川,广安,106.38,30.32,331.6
57416,四川,邻水,106.56,30.2,391.5
57417,四川,武胜,106.17,30.21,315.9
57420,四川,大竹,107.11,30.45,418
57503,四川,东兴区,105.07,29.37,349.7
57507,四川,隆昌,105.18,29.2,373.4
57508,四川,泸县,105.22,29.09,301
57600,四川,江安,105.04,28.43,263
57603,四川,合江,105.5,28.49,283.4
57608,四川,叙永,105.26,28.1,377.5
54428,天津,蓟县,117.24,40.02,15.7
54523,天津,武清,117.01,39.23,4.5
54525,天津,宝坻,117.17,39.44,5.1
54526,天津,东丽区,117.2,39.05,1.9
54527,天津,天津,117.03,39.05,3.5
54528,天津,北辰区,117.08,39.14,3.4
54529,天津,宁河,117.49,39.21,3.9
54530,天津,汉沽区,117.46,39.14,1.3
54619,天津,静海,116.55,38.55,5.5
54622,天津,津南区,117.22,38.59,3.7
54623,天津,塘沽,117.43,39.03,4.8
54645,天津,大港,117.28,38.51,2.2
55228,西藏,狮泉河,80.05,32.3,4278.6
55248,西藏,改则,84.25,32.09,4414.9
55299,西藏,那曲,92.04,31.29,4507
55437,西藏,普兰,81.15,30.17,3900
55493,西藏,当雄,91.06,30.29,4200
55569,西藏,拉孜,87.36,29.05,4000
55572,西藏,南木林,89.06,29.41,4000
55593,西藏,墨竹工卡,91.44,29.51,3804
55597,西藏,琼结,91.41,29.02,3740
55598,西藏,泽当,91.46,29.16,3560
55655,西藏,聂拉木,85.58,28.11,3810
55664,西藏,定日,87.05,28.38,4300
55680,西藏,江孜,89.36,28.55,4040
56116,西藏,丁青,95.36,31.25,3873.1
56128,西藏,类乌齐,96.36,31.13,3810
56137,西藏,昌都,97.1,31.09,3315
56223,西藏,洛隆,95.5,30.45,3640
56227,西藏,波密,95.46,29.52,2736
56228,西藏,八宿,96.55,30.03,3260
56312,西藏,林芝,94.2,29.4,2991.8
56317,西藏,米林,94.13,29.13,2950
56331,西藏,左贡,97.5,29.4,3780
56434,西藏,察隅,97.28,28.39,2327.6
51053,新疆,哈巴河,86.24,48.03,532.6
51058,新疆,阿克达拉,87.58,47.06,563.3
51060,新疆,布尔津,86.52,47.42,473.9
51068,新疆,福海,87.28,47.07,500.9
51076,新疆,阿勒泰,88.05,47.44,735.3
51087,新疆,富蕴,89.31,46.59,807.5
51133,新疆,塔城,83,46.44,534.9
51137,新疆,裕民,82.56,46.12,715.4
51145,新疆,额敏,83.39,46.33,521.6
51156,新疆,和布克赛尔,85.43,46.47,1291.6
51232,新疆,阿拉山口,82.34,45.11,336.1
51238,新疆,博乐,82.04,44.54,531.9
51241,新疆,托里,83.36,45.56,1077.8
51243,新疆,克拉玛依,84.51,45.37,449.5
51334,新疆,精河,82.49,44.34,318.6
51357,新疆,沙湾,85.37,44.2,522.2
51359,新疆,玛纳斯,86.12,44.19,471.4
51367,新疆,呼图壁,86.51,44.1,522.1
51368,新疆,昌吉,87.19,44.07,515.7
51369,新疆,米泉,87.39,43.58,600.3
51377,新疆,阜康,87.55,44.1,547
51378,新疆,吉木萨尔,89.1,44.01,734.9
51468,新疆,天山大西沟,86.5,43.06,3539
51469,新疆,乌鲁木齐牧试站,87.11,43.27,1930
51470,新疆,天池,88.07,43.53,1942.5
51477,新疆,达坂城,88.19,43.21,1103.5
51482,新疆,木垒,90.17,43.5,1271.5
51526,新疆,库米什,88.13,42.14,922.4
51542,新疆,巴音布鲁克,84.09,43.02,2458
51567,新疆,焉耆,86.34,42.05,1055.3
51571,新疆,托克逊,88.38,42.48,1
51572,新疆,吐鲁番东坎,89.15,42.5,-48.7
51573,新疆,吐鲁番,89.12,42.56,34.5
51627,新疆,乌什,79.14,41.13,1395.8
51628,新疆,阿克苏,80.14,41.1,1103.8
51636,新疆,新和,82.39,41.33,1009.8
51639,新疆,沙雅,82.47,41.14,980.4
51656,新疆,库尔勒,86.08,41.45,931.5
51704,新疆,阿图什,76.1,39.43,1298.7
51705,新疆,乌恰,75.15,39.43,2175.7
51707,新疆,伽师,76.44,39.3,1208.6
51709,新疆,喀什,75.45,39.29,1289.4
51717,新疆,岳普湖,76.47,39.15,1206.3
51720,新疆,柯坪,79.03,40.3,1161.8
51722,新疆,阿瓦提,80.24,40.39,1044.3
51730,新疆,阿拉尔,81.16,40.33,1012.2
51747,新疆,塔中,83.4,39,1099.3
51765,新疆,铁干里克,87.42,40.38,846
51802,新疆,英吉沙,76.1,38.56,1297.5
51810,新疆,麦盖提,77.38,38.55,1178.2
51811,新疆,莎车,77.16,38.26,1231.2
51814,新疆,叶城,77.24,37.55,1360.4
51815,新疆,泽普,77.16,38.12,1274.7
51818,新疆,皮山,78.17,37.37,1375.4
51826,新疆,策勒,80.48,37.01,1336.5
51827,新疆,墨玉,79.38,37.1,1326
51828,新疆,和田,79.56,37.08,1375
51829,新疆,洛浦,80.1,37.05,1347.9
51839,新疆,民丰,82.43,37.04,1409.5
51855,新疆,且末,85.33,38.09,1247.2
51931,新疆,于田,81.39,36.51,1422
52101,新疆,巴里坤,93.03,43.36,1677.2
52112,新疆,淖毛湖,94.59,43.45,479
52118,新疆,伊吾,94.42,43.16,1728.6
52203,新疆,哈密,93.31,42.49,737.2
52313,新疆,红柳河,94.4,41.32,1573.8
56444,云南,德钦,98.55,28.29,3319
56483,云南,绥江,103.57,28.35,496.6
56489,云南,永善,103.38,28.14,877.2
56497,云南,盐津,104.14,28.06,448.8
56533,云南,贡山,98.4,27.45,1583.3
56543,云南,香格里拉,99.42,27.5,3276.7
56548,云南,维西,99.17,27.1,2326.1
56567,云南,宁蒗,100.51,27.18,2240.5
56582,云南,大关,103.54,27.45,1176.2
56585,云南,鲁甸,103.32,27.11,1916
56586,云南,昭通,103.43,27.21,1949.5
56594,云南,彝良,104.03,27.38,880.4
56595,云南,镇雄,104.52,27.25,1645.2
56596,云南,威信,105.03,27.51,1177.2
56641,云南,福贡,98.52,26.54,1189.7
56643,云南,六库,98.51,25.52,949.9
56645,云南,兰坪,99.25,26.25,2344.9
56646,云南,剑川,99.55,26.32,2191.4
56649,云南,洱源,99.58,26.06,2059.9
56651,云南,丽江,100.13,26.51,2380.9
56652,云南,永胜,100.45,26.41,2130.5
56654,云南,鹤庆,100.11,26.35,2195.4
56664,云南,华坪,101.16,26.38,1230.8
56669,云南,永仁,101.4,26.03,1531.3
56673,云南,巧家,102.55,26.55,893.9
56684,云南,会泽,103.15,26.24,2110.5
56688,云南,东川,103.1,26.06,1254.1
56697,云南,宣威,104.05,26.13,1984.2
56739,云南,腾冲,98.3,24.59,1654.6
56742,云南,云龙,99.22,25.54,1658.5
56745,云南,漾濞,99.57,25.41,1626.1
56746,云南,永平,99.31,25.28,1616.7
56748,云南,保山,99.11,25.07,1652.2
56751,云南,大理,100.11,25.42,1990.5
56752,云南,宾川,100.34,25.5,1438.7
56755,云南,弥渡,100.29,25.21,1668.5
56757,云南,巍山,100.17,25.16,1742.1
56761,云南,大姚,101.19,25.43,1878.1
56764,云南,姚安,101.14,25.32,1873.5
56766,云南,牟定,101.31,25.18,1768.8
56767,云南,南华,101.17,25.11,1857.4
56772,云南,富民,102.3,25.14,1692.7
56774,云南,武定,102.25,25.32,1710.7
56777,云南,禄丰,102.04,25.09,1566.1
56778,云南,昆明,102.39,25,1888.1
56782,云南,马龙,103.33,25.25,2067.1
56783,云南,曲靖,103.48,25.3,1906.2
56785,云南,嵩明,103.05,25.21,1919.7
56790,云南,富源,104.15,25.41,1925.8
56835,云南,陇川,97.49,24.04,959.1
56836,云南,盈江,97.57,24.42,826.7
56839,云南,镇康,98.49,23.46,995.3
56840,云南,粱河,98.18,24.49,1012.9
56841,云南,龙陵,98.41,24.36,1528
56842,云南,施甸,99.11,24.44,1471.2
56843,云南,昌宁,99.37,24.5,1650.6
56844,云南,芒市,98.35,24.26,913.8
56846,云南,凤庆,99.56,24.35,1569
56849,云南,永德,99.14,24.02,1606.2
56851,云南,南涧,100.31,25.02,1377.2
56854,云南,云县,100.08,24.27,1108.6
56856,云南,景东,100.52,24.28,1162.3
56862,云南,双柏,101.36,24.41,1968.1
56863,云南,安宁,102.29,24.56,1848
56867,云南,镇沅,101.07,23.59,1105.4
56869,云南,新平,101.58,24.04,1497.5
56870,云南,易门,102.11,24.39,1575.9
56871,云南,晋宁,102.36,24.39,1893.1
56873,云南,澄江,102.55,24.41,1796.3
56875,云南,玉溪,102.33,24.2,1716.9
56876,云南,江川,102.46,24.17,1731.1
56878,云南,通海,102.45,24.08,1801.8
56879,云南,华宁,102.55,24.11,1702.6
56880,云南,宜良,103.1,24.55,1532.5
56881,云南,石林,103.16,24.45,1695.8
56882,云南,呈贡,102.48,24.53,1906.6
56883,云南,师宗,103.59,24.49,1844.2
56885,云南,弥勒,103.27,24.24,1415.5
56886,云南,泸西,103.46,24.32,1704.3
56889,云南,丘北,104.1,24.03,1518.7
56891,云南,罗平,104.19,24.59,1482.7
56898,云南,峨山,102.24,24.11,1538.6
56944,云南,沧源,99.16,23.09,1278.3
56946,云南,耿马,99.24,23.33,1104.9
56948,云南,西盟,99.36,22.38,1155
56949,云南,孟连,99.36,22.19,945
56950,云南,双江,99.48,23.28,1044.1
56951,云南,临沧,100.05,23.53,1502.4
56952,云南,景谷,100.42,23.3,913.2
56954,云南,澜沧,99.56,22.34,1054.8
56958,云南,勐海,100.25,21.55,1176.3
56962,云南,墨江,101.4,23.25,1314.6
56964,云南,思茅,100.58,22.47,1302.1
56966,云南,元江,101.59,23.36,400.9
56969,云南,勐腊,101.35,21.28,633.4
56970,云南,石屏,102.29,23.42,1419.3
56975,云南,红河,102.26,23.22,974.5
56976,云南,元阳,102.5,23.14,232
56977,云南,江城,101.51,22.35,1120.5
56978,云南,绿春,102.25,23,1642.8
56982,云南,开远,103.17,23.42,1051.8
56984,云南,个旧,103.09,23.23,1720.5
56987,云南,金平,103.14,22.47,1260
56991,云南,砚山,104.2,23.37,1561.1
56992,云南,西畴,104.42,23.27,1507.5
56994,云南,文山,104.17,23.2,1293.5
56995,云南,马关,104.25,23.02,1332.9
59007,云南,广南,105.04,24.04,1249.6
59205,云南,富宁,105.38,23.39,685.8
58443,浙江,长兴,119.54,31.01,25
58446,浙江,安吉,119.42,30.38,27.7
58448,浙江,临安,119.42,30.13,117.6
58449,浙江,富阳,119.57,30.03,46.5
58450,浙江,湖州,120.03,30.52,7.4
58451,浙江,嘉善,120.56,30.5,2.6
58452,浙江,嘉兴,120.46,30.44,4.8
58453,浙江,绍兴,120.3,30.04,7.9
58454,浙江,德清,119.59,30.32,7.8
58455,浙江,海宁,120.39,30.31,8.8
58456,浙江,桐乡,120.31,30.38,6
58457,浙江,杭州,120.1,30.14,41.7
58458,浙江,海盐,120.54,30.32,4.8
58459,浙江,萧山,120.17,30.11,44.3
58464,浙江,平湖,121.07,30.39,5.4
58467,浙江,慈溪,121.16,30.12,4.5
58468,浙江,余姚,121.1,30.03,5.4
58472,浙江,嵊泗,122.27,30.44,79.6
58477,浙江,定海,122.06,30.02,35.7
58484,浙江,岱山,122.12,30.15,37.1
58537,浙江,开化,118.24,29.08,153.6
58542,浙江,桐庐,119.41,29.49,46.1
58543,浙江,淳安,119.01,29.37,171.4
58544,浙江,建德,119.16,29.29,88.9
58546,浙江,浦江,119.53,29.28,115.8
58547,浙江,龙游,119.11,29.02,66.2
58548,浙江,兰溪,119.28,29.13,50.2
58549,浙江,金华,119.39,29.07,62.6
58550,浙江,诸暨,120.15,29.42,39.1
58553,浙江,上虞,120.49,30.03,6.4
58555,浙江,新昌,120.53,29.31,113.9
58556,浙江,嵊州,120.49,29.36,104.3
58557,浙江,义乌,120.05,29.2,90
58558,浙江,东阳,120.13,29.16,89.9
58559,浙江,天台,120.59,29.1,58.3
58561,浙江,镇海,121.36,29.59,4
58562,浙江,鄞州,121.33,29.47,5
58563,浙江,北仑,121.5,29.53,5
58565,浙江,奉化,121.23,29.42,19.9
58566,浙江,象山,121.53,29.28,6
58567,浙江,宁海,121.26,29.19,39.3
58568,浙江,三门,121.23,29.07,34.5
58569,浙江,石浦,121.57,29.12,128.4
58570,浙江,普陀,122.18,29.57,85.2
58631,浙江,常山,118.3,28.54,137
58632,浙江,江山,118.36,28.43,126.3
58642,浙江,武义,119.48,28.53,105.1
58643,浙江,永康,120.02,28.54,102.9
58644,浙江,遂昌,119.17,28.36,237.8
58646,浙江,丽水,119.55,28.27,59.7
58647,浙江,龙泉,119.08,28.05,222.1
58652,浙江,仙居,120.43,28.52,83
58654,浙江,缙云,120.05,28.4,184.7
58656,浙江,乐清,120.58,28.04,60.8
58657,浙江,青田,120.17,28.09,57.8
58658,浙江,永嘉,120.41,28.09,34.3
58659,浙江,温州,120.39,28.02,28.3
58660,浙江,临海,121.12,28.52,6.6
58664,浙江,温岭,121.22,28.22,35.3
58665,浙江,洪家,121.25,28.37,4.6
58666,浙江,大陈,121.54,28.27,86.2
58667,浙江,玉环,121.16,28.05,95.9
58742,浙江,云和,119.33,28.07,163
58745,浙江,庆元,119.05,27.37,400.8
58746,浙江,泰顺,119.42,27.33,538.9
58750,浙江,文成,120.05,27.47,105.4
58751,浙江,平阳,120.34,27.4,5.3
58752,浙江,瑞安,120.39,27.47,39.7
57333,重庆,城口,108.4,31.57,798.2
57338,重庆,开县,108.25,31.11,216.5
57339,重庆,云阳,108.41,30.57,297.2
57345,重庆,巫溪,109.37,31.24,337.8
57348,重庆,奉节,109.32,31.01,299.8
57349,重庆,巫山,109.52,31.04,275.7
57409,重庆,潼南,105.48,30.11,297.7
57425,重庆,垫江,107.2,30.2,433.8
57431,重庆,天城,108.21,30.5,257
57432,重庆,万州,108.24,30.46,186.7
57437,重庆,忠县,108.02,30.18,325.6
57438,重庆,石柱,108.07,29.59,632.3
57502,重庆,大足,105.42,29.42,394.7
57505,重庆,荣昌,105.35,29.25,338
57506,重庆,永川,105.54,29.22,353
57509,重庆,万盛,106.56,28.57,325.3
57510,重庆,铜梁,106.04,29.51,282.9
57511,重庆,北碚,106.27,29.51,240.8
57512,重庆,合川,106.17,29.58,230.6
57513,重庆,渝北,106.37,29.44,464.7
57514,重庆,璧山,106.13,29.35,331.5
57516,重庆,沙坪坝,106.28,29.35,259.1
57517,重庆,江津,106.15,29.17,261.4
57518,重庆,巴南,106.3,29.2,506.1
57519,重庆,南川,107.07,29.1,559.5
57520,重庆,长寿,107.04,29.5,377.6
57523,重庆,丰都,107.44,29.51,290.5
57525,重庆,武隆,107.45,29.19,277.9
57536,重庆,黔江,108.47,29.32,607.3
57537,重庆,彭水,108.1,29.18,322.2
57612,重庆,綦江,106.39,29,474.7
57633,重庆,酉阳,108.46,28.49,826.5
57635,重庆,秀山,108.59,28.27,363.7
