0,国家,城市,180.00,-87.19,1
1,国家,城市,185.63,-87.19,1
2,国家,城市,191.25,-87.19,1
3,国家,城市,196.88,-87.19,1
4,国家,城市,202.50,-87.19,1
5,国家,城市,208.13,-87.19,1
6,国家,城市,213.75,-87.19,1
7,国家,城市,219.38,-87.19,1
8,国家,城市,225.00,-87.19,1
9,国家,城市,230.63,-87.19,1
10,国家,城市,236.25,-87.19,1
11,国家,城市,241.88,-87.19,1
12,国家,城市,247.50,-87.19,1
13,国家,城市,253.13,-87.19,1
14,国家,城市,258.75,-87.19,1
15,国家,城市,264.38,-87.19,1
16,国家,城市,270.00,-87.19,1
17,国家,城市,275.63,-87.19,1
18,国家,城市,281.25,-87.19,1
19,国家,城市,286.88,-87.19,1
20,国家,城市,292.50,-87.19,1
21,国家,城市,298.13,-87.19,1
22,国家,城市,303.75,-87.19,1
23,国家,城市,309.38,-87.19,1
24,国家,城市,315.00,-87.19,1
25,国家,城市,320.63,-87.19,1
26,国家,城市,326.25,-87.19,1
27,国家,城市,331.88,-87.19,1
28,国家,城市,337.50,-87.19,1
29,国家,城市,343.13,-87.19,1
30,国家,城市,348.75,-87.19,1
31,国家,城市,354.38,-87.19,1
32,国家,城市,0.00,-87.19,1
33,国家,城市,5.63,-87.19,1
34,国家,城市,11.25,-87.19,1
35,国家,城市,16.88,-87.19,1
36,国家,城市,22.50,-87.19,1
37,国家,城市,28.13,-87.19,1
38,国家,城市,33.75,-87.19,1
39,国家,城市,39.38,-87.19,1
40,国家,城市,45.00,-87.19,1
41,国家,城市,50.63,-87.19,1
42,国家,城市,56.25,-87.19,1
43,国家,城市,61.88,-87.19,1
44,国家,城市,67.50,-87.19,1
45,国家,城市,73.13,-87.19,1
46,国家,城市,78.75,-87.19,1
47,国家,城市,84.38,-87.19,1
48,国家,城市,90.00,-87.19,1
49,国家,城市,95.63,-87.19,1
50,国家,城市,101.25,-87.19,1
51,国家,城市,106.88,-87.19,1
52,国家,城市,112.50,-87.19,1
53,国家,城市,118.13,-87.19,1
54,国家,城市,123.75,-87.19,1
55,国家,城市,129.38,-87.19,1
56,国家,城市,135.00,-87.19,1
57,国家,城市,140.63,-87.19,1
58,国家,城市,146.25,-87.19,1
59,国家,城市,151.88,-87.19,1
60,国家,城市,157.50,-87.19,1
61,国家,城市,163.13,-87.19,1
62,国家,城市,168.75,-87.19,1
63,国家,城市,174.38,-87.19,1
64,国家,城市,180.00,-81.56,1
65,国家,城市,185.63,-81.56,1
66,国家,城市,191.25,-81.56,1
67,国家,城市,196.88,-81.56,1
68,国家,城市,202.50,-81.56,1
69,国家,城市,208.13,-81.56,1
70,国家,城市,213.75,-81.56,1
71,国家,城市,219.38,-81.56,1
72,国家,城市,225.00,-81.56,1
73,国家,城市,230.63,-81.56,1
74,国家,城市,236.25,-81.56,1
75,国家,城市,241.88,-81.56,1
76,国家,城市,247.50,-81.56,1
77,国家,城市,253.13,-81.56,1
78,国家,城市,258.75,-81.56,1
79,国家,城市,264.38,-81.56,1
80,国家,城市,270.00,-81.56,1
81,国家,城市,275.63,-81.56,1
82,国家,城市,281.25,-81.56,1
83,国家,城市,286.88,-81.56,1
84,国家,城市,292.50,-81.56,1
85,国家,城市,298.13,-81.56,1
86,国家,城市,303.75,-81.56,1
87,国家,城市,309.38,-81.56,1
88,国家,城市,315.00,-81.56,1
89,国家,城市,320.63,-81.56,1
90,国家,城市,326.25,-81.56,1
91,国家,城市,331.88,-81.56,1
92,国家,城市,337.50,-81.56,1
93,国家,城市,343.13,-81.56,1
94,国家,城市,348.75,-81.56,1
95,国家,城市,354.38,-81.56,1
96,国家,城市,0.00,-81.56,1
97,国家,城市,5.63,-81.56,1
98,国家,城市,11.25,-81.56,1
99,国家,城市,16.88,-81.56,1
100,国家,城市,22.50,-81.56,1
101,国家,城市,28.13,-81.56,1
102,国家,城市,33.75,-81.56,1
103,国家,城市,39.38,-81.56,1
104,国家,城市,45.00,-81.56,1
105,国家,城市,50.63,-81.56,1
106,国家,城市,56.25,-81.56,1
107,国家,城市,61.88,-81.56,1
108,国家,城市,67.50,-81.56,1
109,国家,城市,73.13,-81.56,1
110,国家,城市,78.75,-81.56,1
111,国家,城市,84.38,-81.56,1
112,国家,城市,90.00,-81.56,1
113,国家,城市,95.63,-81.56,1
114,国家,城市,101.25,-81.56,1
115,国家,城市,106.88,-81.56,1
116,国家,城市,112.50,-81.56,1
117,国家,城市,118.13,-81.56,1
118,国家,城市,123.75,-81.56,1
119,国家,城市,129.38,-81.56,1
120,国家,城市,135.00,-81.56,1
121,国家,城市,140.63,-81.56,1
122,国家,城市,146.25,-81.56,1
123,国家,城市,151.88,-81.56,1
124,国家,城市,157.50,-81.56,1
125,国家,城市,163.13,-81.56,1
126,国家,城市,168.75,-81.56,1
127,国家,城市,174.38,-81.56,1
128,国家,城市,180.00,-75.94,1
129,国家,城市,185.63,-75.94,1
130,国家,城市,191.25,-75.94,1
131,国家,城市,196.88,-75.94,1
132,国家,城市,202.50,-75.94,1
133,国家,城市,208.13,-75.94,1
134,国家,城市,213.75,-75.94,1
135,国家,城市,219.38,-75.94,1
136,国家,城市,225.00,-75.94,1
137,国家,城市,230.63,-75.94,1
138,国家,城市,236.25,-75.94,1
139,国家,城市,241.88,-75.94,1
140,国家,城市,247.50,-75.94,1
141,国家,城市,253.13,-75.94,1
142,国家,城市,258.75,-75.94,1
143,国家,城市,264.38,-75.94,1
144,国家,城市,270.00,-75.94,1
145,国家,城市,275.63,-75.94,1
146,国家,城市,281.25,-75.94,1
147,国家,城市,286.88,-75.94,1
148,国家,城市,292.50,-75.94,1
149,国家,城市,298.13,-75.94,1
150,国家,城市,303.75,-75.94,1
151,国家,城市,309.38,-75.94,1
152,国家,城市,315.00,-75.94,1
153,国家,城市,320.63,-75.94,1
154,国家,城市,326.25,-75.94,1
155,国家,城市,331.88,-75.94,1
156,国家,城市,337.50,-75.94,1
157,国家,城市,343.13,-75.94,1
158,国家,城市,348.75,-75.94,1
159,国家,城市,354.38,-75.94,1
160,国家,城市,0.00,-75.94,1
161,国家,城市,5.63,-75.94,1
162,国家,城市,11.25,-75.94,1
163,国家,城市,16.88,-75.94,1
164,国家,城市,22.50,-75.94,1
165,国家,城市,28.13,-75.94,1
166,国家,城市,33.75,-75.94,1
167,国家,城市,39.38,-75.94,1
168,国家,城市,45.00,-75.94,1
169,国家,城市,50.63,-75.94,1
170,国家,城市,56.25,-75.94,1
171,国家,城市,61.88,-75.94,1
172,国家,城市,67.50,-75.94,1
173,国家,城市,73.13,-75.94,1
174,国家,城市,78.75,-75.94,1
175,国家,城市,84.38,-75.94,1
176,国家,城市,90.00,-75.94,1
177,国家,城市,95.63,-75.94,1
178,国家,城市,101.25,-75.94,1
179,国家,城市,106.88,-75.94,1
180,国家,城市,112.50,-75.94,1
181,国家,城市,118.13,-75.94,1
182,国家,城市,123.75,-75.94,1
183,国家,城市,129.38,-75.94,1
184,国家,城市,135.00,-75.94,1
185,国家,城市,140.63,-75.94,1
186,国家,城市,146.25,-75.94,1
187,国家,城市,151.88,-75.94,1
188,国家,城市,157.50,-75.94,1
189,国家,城市,163.13,-75.94,1
190,国家,城市,168.75,-75.94,1
191,国家,城市,174.38,-75.94,1
192,国家,城市,180.00,-70.31,1
193,国家,城市,185.63,-70.31,1
194,国家,城市,191.25,-70.31,1
195,国家,城市,196.88,-70.31,1
196,国家,城市,202.50,-70.31,1
197,国家,城市,208.13,-70.31,1
198,国家,城市,213.75,-70.31,1
199,国家,城市,219.38,-70.31,1
200,国家,城市,225.00,-70.31,1
201,国家,城市,230.63,-70.31,1
202,国家,城市,236.25,-70.31,1
203,国家,城市,241.88,-70.31,1
204,国家,城市,247.50,-70.31,1
205,国家,城市,253.13,-70.31,1
206,国家,城市,258.75,-70.31,1
207,国家,城市,264.38,-70.31,1
208,国家,城市,270.00,-70.31,1
209,国家,城市,275.63,-70.31,1
210,国家,城市,281.25,-70.31,1
211,国家,城市,286.88,-70.31,1
212,国家,城市,292.50,-70.31,1
213,国家,城市,298.13,-70.31,1
214,国家,城市,303.75,-70.31,1
215,国家,城市,309.38,-70.31,1
216,国家,城市,315.00,-70.31,1
217,国家,城市,320.63,-70.31,1
218,国家,城市,326.25,-70.31,1
219,国家,城市,331.88,-70.31,1
220,国家,城市,337.50,-70.31,1
221,国家,城市,343.13,-70.31,1
222,国家,城市,348.75,-70.31,1
223,国家,城市,354.38,-70.31,1
224,国家,城市,0.00,-70.31,1
225,国家,城市,5.63,-70.31,1
226,国家,城市,11.25,-70.31,1
227,国家,城市,16.88,-70.31,1
228,国家,城市,22.50,-70.31,1
229,国家,城市,28.13,-70.31,1
230,国家,城市,33.75,-70.31,1
231,国家,城市,39.38,-70.31,1
232,国家,城市,45.00,-70.31,1
233,国家,城市,50.63,-70.31,1
234,国家,城市,56.25,-70.31,1
235,国家,城市,61.88,-70.31,1
236,国家,城市,67.50,-70.31,1
237,国家,城市,73.13,-70.31,1
238,国家,城市,78.75,-70.31,1
239,国家,城市,84.38,-70.31,1
240,国家,城市,90.00,-70.31,1
241,国家,城市,95.63,-70.31,1
242,国家,城市,101.25,-70.31,1
243,国家,城市,106.88,-70.31,1
244,国家,城市,112.50,-70.31,1
245,国家,城市,118.13,-70.31,1
246,国家,城市,123.75,-70.31,1
247,国家,城市,129.38,-70.31,1
248,国家,城市,135.00,-70.31,1
249,国家,城市,140.63,-70.31,1
250,国家,城市,146.25,-70.31,1
251,国家,城市,151.88,-70.31,1
252,国家,城市,157.50,-70.31,1
253,国家,城市,163.13,-70.31,1
254,国家,城市,168.75,-70.31,1
255,国家,城市,174.38,-70.31,1
256,国家,城市,180.00,-64.69,1
257,国家,城市,185.63,-64.69,1
258,国家,城市,191.25,-64.69,1
259,国家,城市,196.88,-64.69,1
260,国家,城市,202.50,-64.69,1
261,国家,城市,208.13,-64.69,1
262,国家,城市,213.75,-64.69,1
263,国家,城市,219.38,-64.69,1
264,国家,城市,225.00,-64.69,1
265,国家,城市,230.63,-64.69,1
266,国家,城市,236.25,-64.69,1
267,国家,城市,241.88,-64.69,1
268,国家,城市,247.50,-64.69,1
269,国家,城市,253.13,-64.69,1
270,国家,城市,258.75,-64.69,1
271,国家,城市,264.38,-64.69,1
272,国家,城市,270.00,-64.69,1
273,国家,城市,275.63,-64.69,1
274,国家,城市,281.25,-64.69,1
275,国家,城市,286.88,-64.69,1
276,国家,城市,292.50,-64.69,1
277,国家,城市,298.13,-64.69,1
278,国家,城市,303.75,-64.69,1
279,国家,城市,309.38,-64.69,1
280,国家,城市,315.00,-64.69,1
281,国家,城市,320.63,-64.69,1
282,国家,城市,326.25,-64.69,1
283,国家,城市,331.88,-64.69,1
284,国家,城市,337.50,-64.69,1
285,国家,城市,343.13,-64.69,1
286,国家,城市,348.75,-64.69,1
287,国家,城市,354.38,-64.69,1
288,国家,城市,0.00,-64.69,1
289,国家,城市,5.63,-64.69,1
290,国家,城市,11.25,-64.69,1
291,国家,城市,16.88,-64.69,1
292,国家,城市,22.50,-64.69,1
293,国家,城市,28.13,-64.69,1
294,国家,城市,33.75,-64.69,1
295,国家,城市,39.38,-64.69,1
296,国家,城市,45.00,-64.69,1
297,国家,城市,50.63,-64.69,1
298,国家,城市,56.25,-64.69,1
299,国家,城市,61.88,-64.69,1
300,国家,城市,67.50,-64.69,1
301,国家,城市,73.13,-64.69,1
302,国家,城市,78.75,-64.69,1
303,国家,城市,84.38,-64.69,1
304,国家,城市,90.00,-64.69,1
305,国家,城市,95.63,-64.69,1
306,国家,城市,101.25,-64.69,1
307,国家,城市,106.88,-64.69,1
308,国家,城市,112.50,-64.69,1
309,国家,城市,118.13,-64.69,1
310,国家,城市,123.75,-64.69,1
311,国家,城市,129.38,-64.69,1
312,国家,城市,135.00,-64.69,1
313,国家,城市,140.63,-64.69,1
314,国家,城市,146.25,-64.69,1
315,国家,城市,151.88,-64.69,1
316,国家,城市,157.50,-64.69,1
317,国家,城市,163.13,-64.69,1
318,国家,城市,168.75,-64.69,1
319,国家,城市,174.38,-64.69,1
320,国家,城市,180.00,-59.06,1
321,国家,城市,185.63,-59.06,1
322,国家,城市,191.25,-59.06,1
323,国家,城市,196.88,-59.06,1
324,国家,城市,202.50,-59.06,1
325,国家,城市,208.13,-59.06,1
326,国家,城市,213.75,-59.06,1
327,国家,城市,219.38,-59.06,1
328,国家,城市,225.00,-59.06,1
329,国家,城市,230.63,-59.06,1
330,国家,城市,236.25,-59.06,1
331,国家,城市,241.88,-59.06,1
332,国家,城市,247.50,-59.06,1
333,国家,城市,253.13,-59.06,1
334,国家,城市,258.75,-59.06,1
335,国家,城市,264.38,-59.06,1
336,国家,城市,270.00,-59.06,1
337,国家,城市,275.63,-59.06,1
338,国家,城市,281.25,-59.06,1
339,国家,城市,286.88,-59.06,1
340,国家,城市,292.50,-59.06,1
341,国家,城市,298.13,-59.06,1
342,国家,城市,303.75,-59.06,1
343,国家,城市,309.38,-59.06,1
344,国家,城市,315.00,-59.06,1
345,国家,城市,320.63,-59.06,1
346,国家,城市,326.25,-59.06,1
347,国家,城市,331.88,-59.06,1
348,国家,城市,337.50,-59.06,1
349,国家,城市,343.13,-59.06,1
350,国家,城市,348.75,-59.06,1
351,国家,城市,354.38,-59.06,1
352,国家,城市,0.00,-59.06,1
353,国家,城市,5.63,-59.06,1
354,国家,城市,11.25,-59.06,1
355,国家,城市,16.88,-59.06,1
356,国家,城市,22.50,-59.06,1
357,国家,城市,28.13,-59.06,1
358,国家,城市,33.75,-59.06,1
359,国家,城市,39.38,-59.06,1
360,国家,城市,45.00,-59.06,1
361,国家,城市,50.63,-59.06,1
362,国家,城市,56.25,-59.06,1
363,国家,城市,61.88,-59.06,1
364,国家,城市,67.50,-59.06,1
365,国家,城市,73.13,-59.06,1
366,国家,城市,78.75,-59.06,1
367,国家,城市,84.38,-59.06,1
368,国家,城市,90.00,-59.06,1
369,国家,城市,95.63,-59.06,1
370,国家,城市,101.25,-59.06,1
371,国家,城市,106.88,-59.06,1
372,国家,城市,112.50,-59.06,1
373,国家,城市,118.13,-59.06,1
374,国家,城市,123.75,-59.06,1
375,国家,城市,129.38,-59.06,1
376,国家,城市,135.00,-59.06,1
377,国家,城市,140.63,-59.06,1
378,国家,城市,146.25,-59.06,1
379,国家,城市,151.88,-59.06,1
380,国家,城市,157.50,-59.06,1
381,国家,城市,163.13,-59.06,1
382,国家,城市,168.75,-59.06,1
383,国家,城市,174.38,-59.06,1
384,国家,城市,180.00,-53.44,1
385,国家,城市,185.63,-53.44,1
386,国家,城市,191.25,-53.44,1
387,国家,城市,196.88,-53.44,1
388,国家,城市,202.50,-53.44,1
389,国家,城市,208.13,-53.44,1
390,国家,城市,213.75,-53.44,1
391,国家,城市,219.38,-53.44,1
392,国家,城市,225.00,-53.44,1
393,国家,城市,230.63,-53.44,1
394,国家,城市,236.25,-53.44,1
395,国家,城市,241.88,-53.44,1
396,国家,城市,247.50,-53.44,1
397,国家,城市,253.13,-53.44,1
398,国家,城市,258.75,-53.44,1
399,国家,城市,264.38,-53.44,1
400,国家,城市,270.00,-53.44,1
401,国家,城市,275.63,-53.44,1
402,国家,城市,281.25,-53.44,1
403,国家,城市,286.88,-53.44,1
404,国家,城市,292.50,-53.44,1
405,国家,城市,298.13,-53.44,1
406,国家,城市,303.75,-53.44,1
407,国家,城市,309.38,-53.44,1
408,国家,城市,315.00,-53.44,1
409,国家,城市,320.63,-53.44,1
410,国家,城市,326.25,-53.44,1
411,国家,城市,331.88,-53.44,1
412,国家,城市,337.50,-53.44,1
413,国家,城市,343.13,-53.44,1
414,国家,城市,348.75,-53.44,1
415,国家,城市,354.38,-53.44,1
416,国家,城市,0.00,-53.44,1
417,国家,城市,5.63,-53.44,1
418,国家,城市,11.25,-53.44,1
419,国家,城市,16.88,-53.44,1
420,国家,城市,22.50,-53.44,1
421,国家,城市,28.13,-53.44,1
422,国家,城市,33.75,-53.44,1
423,国家,城市,39.38,-53.44,1
424,国家,城市,45.00,-53.44,1
425,国家,城市,50.63,-53.44,1
426,国家,城市,56.25,-53.44,1
427,国家,城市,61.88,-53.44,1
428,国家,城市,67.50,-53.44,1
429,国家,城市,73.13,-53.44,1
430,国家,城市,78.75,-53.44,1
431,国家,城市,84.38,-53.44,1
432,国家,城市,90.00,-53.44,1
433,国家,城市,95.63,-53.44,1
434,国家,城市,101.25,-53.44,1
435,国家,城市,106.88,-53.44,1
436,国家,城市,112.50,-53.44,1
437,国家,城市,118.13,-53.44,1
438,国家,城市,123.75,-53.44,1
439,国家,城市,129.38,-53.44,1
440,国家,城市,135.00,-53.44,1
441,国家,城市,140.63,-53.44,1
442,国家,城市,146.25,-53.44,1
443,国家,城市,151.88,-53.44,1
444,国家,城市,157.50,-53.44,1
445,国家,城市,163.13,-53.44,1
446,国家,城市,168.75,-53.44,1
447,国家,城市,174.38,-53.44,1
448,国家,城市,180.00,-47.81,1
449,国家,城市,185.63,-47.81,1
450,国家,城市,191.25,-47.81,1
451,国家,城市,196.88,-47.81,1
452,国家,城市,202.50,-47.81,1
453,国家,城市,208.13,-47.81,1
454,国家,城市,213.75,-47.81,1
455,国家,城市,219.38,-47.81,1
456,国家,城市,225.00,-47.81,1
457,国家,城市,230.63,-47.81,1
458,国家,城市,236.25,-47.81,1
459,国家,城市,241.88,-47.81,1
460,国家,城市,247.50,-47.81,1
461,国家,城市,253.13,-47.81,1
462,国家,城市,258.75,-47.81,1
463,国家,城市,264.38,-47.81,1
464,国家,城市,270.00,-47.81,1
465,国家,城市,275.63,-47.81,1
466,国家,城市,281.25,-47.81,1
467,国家,城市,286.88,-47.81,1
468,国家,城市,292.50,-47.81,1
469,国家,城市,298.13,-47.81,1
470,国家,城市,303.75,-47.81,1
471,国家,城市,309.38,-47.81,1
472,国家,城市,315.00,-47.81,1
473,国家,城市,320.63,-47.81,1
474,国家,城市,326.25,-47.81,1
475,国家,城市,331.88,-47.81,1
476,国家,城市,337.50,-47.81,1
477,国家,城市,343.13,-47.81,1
478,国家,城市,348.75,-47.81,1
479,国家,城市,354.38,-47.81,1
480,国家,城市,0.00,-47.81,1
481,国家,城市,5.63,-47.81,1
482,国家,城市,11.25,-47.81,1
483,国家,城市,16.88,-47.81,1
484,国家,城市,22.50,-47.81,1
485,国家,城市,28.13,-47.81,1
486,国家,城市,33.75,-47.81,1
487,国家,城市,39.38,-47.81,1
488,国家,城市,45.00,-47.81,1
489,国家,城市,50.63,-47.81,1
490,国家,城市,56.25,-47.81,1
491,国家,城市,61.88,-47.81,1
492,国家,城市,67.50,-47.81,1
493,国家,城市,73.13,-47.81,1
494,国家,城市,78.75,-47.81,1
495,国家,城市,84.38,-47.81,1
496,国家,城市,90.00,-47.81,1
497,国家,城市,95.63,-47.81,1
498,国家,城市,101.25,-47.81,1
499,国家,城市,106.88,-47.81,1
500,国家,城市,112.50,-47.81,1
501,国家,城市,118.13,-47.81,1
502,国家,城市,123.75,-47.81,1
503,国家,城市,129.38,-47.81,1
504,国家,城市,135.00,-47.81,1
505,国家,城市,140.63,-47.81,1
506,国家,城市,146.25,-47.81,1
507,国家,城市,151.88,-47.81,1
508,国家,城市,157.50,-47.81,1
509,国家,城市,163.13,-47.81,1
510,国家,城市,168.75,-47.81,1
511,国家,城市,174.38,-47.81,1
512,国家,城市,180.00,-42.19,1
513,国家,城市,185.63,-42.19,1
514,国家,城市,191.25,-42.19,1
515,国家,城市,196.88,-42.19,1
516,国家,城市,202.50,-42.19,1
517,国家,城市,208.13,-42.19,1
518,国家,城市,213.75,-42.19,1
519,国家,城市,219.38,-42.19,1
520,国家,城市,225.00,-42.19,1
521,国家,城市,230.63,-42.19,1
522,国家,城市,236.25,-42.19,1
523,国家,城市,241.88,-42.19,1
524,国家,城市,247.50,-42.19,1
525,国家,城市,253.13,-42.19,1
526,国家,城市,258.75,-42.19,1
527,国家,城市,264.38,-42.19,1
528,国家,城市,270.00,-42.19,1
529,国家,城市,275.63,-42.19,1
530,国家,城市,281.25,-42.19,1
531,国家,城市,286.88,-42.19,1
532,国家,城市,292.50,-42.19,1
533,国家,城市,298.13,-42.19,1
534,国家,城市,303.75,-42.19,1
535,国家,城市,309.38,-42.19,1
536,国家,城市,315.00,-42.19,1
537,国家,城市,320.63,-42.19,1
538,国家,城市,326.25,-42.19,1
539,国家,城市,331.88,-42.19,1
540,国家,城市,337.50,-42.19,1
541,国家,城市,343.13,-42.19,1
542,国家,城市,348.75,-42.19,1
543,国家,城市,354.38,-42.19,1
544,国家,城市,0.00,-42.19,1
545,国家,城市,5.63,-42.19,1
546,国家,城市,11.25,-42.19,1
547,国家,城市,16.88,-42.19,1
548,国家,城市,22.50,-42.19,1
549,国家,城市,28.13,-42.19,1
550,国家,城市,33.75,-42.19,1
551,国家,城市,39.38,-42.19,1
552,国家,城市,45.00,-42.19,1
553,国家,城市,50.63,-42.19,1
554,国家,城市,56.25,-42.19,1
555,国家,城市,61.88,-42.19,1
556,国家,城市,67.50,-42.19,1
557,国家,城市,73.13,-42.19,1
558,国家,城市,78.75,-42.19,1
559,国家,城市,84.38,-42.19,1
560,国家,城市,90.00,-42.19,1
561,国家,城市,95.63,-42.19,1
562,国家,城市,101.25,-42.19,1
563,国家,城市,106.88,-42.19,1
564,国家,城市,112.50,-42.19,1
565,国家,城市,118.13,-42.19,1
566,国家,城市,123.75,-42.19,1
567,国家,城市,129.38,-42.19,1
568,国家,城市,135.00,-42.19,1
569,国家,城市,140.63,-42.19,1
570,国家,城市,146.25,-42.19,1
571,国家,城市,151.88,-42.19,1
572,国家,城市,157.50,-42.19,1
573,国家,城市,163.13,-42.19,1
574,国家,城市,168.75,-42.19,1
575,国家,城市,174.38,-42.19,1
576,国家,城市,180.00,-36.56,1
577,国家,城市,185.63,-36.56,1
578,国家,城市,191.25,-36.56,1
579,国家,城市,196.88,-36.56,1
580,国家,城市,202.50,-36.56,1
581,国家,城市,208.13,-36.56,1
582,国家,城市,213.75,-36.56,1
583,国家,城市,219.38,-36.56,1
584,国家,城市,225.00,-36.56,1
585,国家,城市,230.63,-36.56,1
586,国家,城市,236.25,-36.56,1
587,国家,城市,241.88,-36.56,1
588,国家,城市,247.50,-36.56,1
589,国家,城市,253.13,-36.56,1
590,国家,城市,258.75,-36.56,1
591,国家,城市,264.38,-36.56,1
592,国家,城市,270.00,-36.56,1
593,国家,城市,275.63,-36.56,1
594,国家,城市,281.25,-36.56,1
595,国家,城市,286.88,-36.56,1
596,国家,城市,292.50,-36.56,1
597,国家,城市,298.13,-36.56,1
598,国家,城市,303.75,-36.56,1
599,国家,城市,309.38,-36.56,1
600,国家,城市,315.00,-36.56,1
601,国家,城市,320.63,-36.56,1
602,国家,城市,326.25,-36.56,1
603,国家,城市,331.88,-36.56,1
604,国家,城市,337.50,-36.56,1
605,国家,城市,343.13,-36.56,1
606,国家,城市,348.75,-36.56,1
607,国家,城市,354.38,-36.56,1
608,国家,城市,0.00,-36.56,1
609,国家,城市,5.63,-36.56,1
610,国家,城市,11.25,-36.56,1
611,国家,城市,16.88,-36.56,1
612,国家,城市,22.50,-36.56,1
613,国家,城市,28.13,-36.56,1
614,国家,城市,33.75,-36.56,1
615,国家,城市,39.38,-36.56,1
616,国家,城市,45.00,-36.56,1
617,国家,城市,50.63,-36.56,1
618,国家,城市,56.25,-36.56,1
619,国家,城市,61.88,-36.56,1
620,国家,城市,67.50,-36.56,1
621,国家,城市,73.13,-36.56,1
622,国家,城市,78.75,-36.56,1
623,国家,城市,84.38,-36.56,1
624,国家,城市,90.00,-36.56,1
625,国家,城市,95.63,-36.56,1
626,国家,城市,101.25,-36.56,1
627,国家,城市,106.88,-36.56,1
628,国家,城市,112.50,-36.56,1
629,国家,城市,118.13,-36.56,1
630,国家,城市,123.75,-36.56,1
631,国家,城市,129.38,-36.56,1
632,国家,城市,135.00,-36.56,1
633,国家,城市,140.63,-36.56,1
634,国家,城市,146.25,-36.56,1
635,国家,城市,151.88,-36.56,1
636,国家,城市,157.50,-36.56,1
637,国家,城市,163.13,-36.56,1
638,国家,城市,168.75,-36.56,1
639,国家,城市,174.38,-36.56,1
640,国家,城市,180.00,-30.94,1
641,国家,城市,185.63,-30.94,1
642,国家,城市,191.25,-30.94,1
643,国家,城市,196.88,-30.94,1
644,国家,城市,202.50,-30.94,1
645,国家,城市,208.13,-30.94,1
646,国家,城市,213.75,-30.94,1
647,国家,城市,219.38,-30.94,1
648,国家,城市,225.00,-30.94,1
649,国家,城市,230.63,-30.94,1
650,国家,城市,236.25,-30.94,1
651,国家,城市,241.88,-30.94,1
652,国家,城市,247.50,-30.94,1
653,国家,城市,253.13,-30.94,1
654,国家,城市,258.75,-30.94,1
655,国家,城市,264.38,-30.94,1
656,国家,城市,270.00,-30.94,1
657,国家,城市,275.63,-30.94,1
658,国家,城市,281.25,-30.94,1
659,国家,城市,286.88,-30.94,1
660,国家,城市,292.50,-30.94,1
661,国家,城市,298.13,-30.94,1
662,国家,城市,303.75,-30.94,1
663,国家,城市,309.38,-30.94,1
664,国家,城市,315.00,-30.94,1
665,国家,城市,320.63,-30.94,1
666,国家,城市,326.25,-30.94,1
667,国家,城市,331.88,-30.94,1
668,国家,城市,337.50,-30.94,1
669,国家,城市,343.13,-30.94,1
670,国家,城市,348.75,-30.94,1
671,国家,城市,354.38,-30.94,1
672,国家,城市,0.00,-30.94,1
673,国家,城市,5.63,-30.94,1
674,国家,城市,11.25,-30.94,1
675,国家,城市,16.88,-30.94,1
676,国家,城市,22.50,-30.94,1
677,国家,城市,28.13,-30.94,1
678,国家,城市,33.75,-30.94,1
679,国家,城市,39.38,-30.94,1
680,国家,城市,45.00,-30.94,1
681,国家,城市,50.63,-30.94,1
682,国家,城市,56.25,-30.94,1
683,国家,城市,61.88,-30.94,1
684,国家,城市,67.50,-30.94,1
685,国家,城市,73.13,-30.94,1
686,国家,城市,78.75,-30.94,1
687,国家,城市,84.38,-30.94,1
688,国家,城市,90.00,-30.94,1
689,国家,城市,95.63,-30.94,1
690,国家,城市,101.25,-30.94,1
691,国家,城市,106.88,-30.94,1
692,国家,城市,112.50,-30.94,1
693,国家,城市,118.13,-30.94,1
694,国家,城市,123.75,-30.94,1
695,国家,城市,129.38,-30.94,1
696,国家,城市,135.00,-30.94,1
697,国家,城市,140.63,-30.94,1
698,国家,城市,146.25,-30.94,1
699,国家,城市,151.88,-30.94,1
700,国家,城市,157.50,-30.94,1
701,国家,城市,163.13,-30.94,1
702,国家,城市,168.75,-30.94,1
703,国家,城市,174.38,-30.94,1
704,国家,城市,180.00,-25.31,1
705,国家,城市,185.63,-25.31,1
706,国家,城市,191.25,-25.31,1
707,国家,城市,196.88,-25.31,1
708,国家,城市,202.50,-25.31,1
709,国家,城市,208.13,-25.31,1
710,国家,城市,213.75,-25.31,1
711,国家,城市,219.38,-25.31,1
712,国家,城市,225.00,-25.31,1
713,国家,城市,230.63,-25.31,1
714,国家,城市,236.25,-25.31,1
715,国家,城市,241.88,-25.31,1
716,国家,城市,247.50,-25.31,1
717,国家,城市,253.13,-25.31,1
718,国家,城市,258.75,-25.31,1
719,国家,城市,264.38,-25.31,1
720,国家,城市,270.00,-25.31,1
721,国家,城市,275.63,-25.31,1
722,国家,城市,281.25,-25.31,1
723,国家,城市,286.88,-25.31,1
724,国家,城市,292.50,-25.31,1
725,国家,城市,298.13,-25.31,1
726,国家,城市,303.75,-25.31,1
727,国家,城市,309.38,-25.31,1
728,国家,城市,315.00,-25.31,1
729,国家,城市,320.63,-25.31,1
730,国家,城市,326.25,-25.31,1
731,国家,城市,331.88,-25.31,1
732,国家,城市,337.50,-25.31,1
733,国家,城市,343.13,-25.31,1
734,国家,城市,348.75,-25.31,1
735,国家,城市,354.38,-25.31,1
736,国家,城市,0.00,-25.31,1
737,国家,城市,5.63,-25.31,1
738,国家,城市,11.25,-25.31,1
739,国家,城市,16.88,-25.31,1
740,国家,城市,22.50,-25.31,1
741,国家,城市,28.13,-25.31,1
742,国家,城市,33.75,-25.31,1
743,国家,城市,39.38,-25.31,1
744,国家,城市,45.00,-25.31,1
745,国家,城市,50.63,-25.31,1
746,国家,城市,56.25,-25.31,1
747,国家,城市,61.88,-25.31,1
748,国家,城市,67.50,-25.31,1
749,国家,城市,73.13,-25.31,1
750,国家,城市,78.75,-25.31,1
751,国家,城市,84.38,-25.31,1
752,国家,城市,90.00,-25.31,1
753,国家,城市,95.63,-25.31,1
754,国家,城市,101.25,-25.31,1
755,国家,城市,106.88,-25.31,1
756,国家,城市,112.50,-25.31,1
757,国家,城市,118.13,-25.31,1
758,国家,城市,123.75,-25.31,1
759,国家,城市,129.38,-25.31,1
760,国家,城市,135.00,-25.31,1
761,国家,城市,140.63,-25.31,1
762,国家,城市,146.25,-25.31,1
763,国家,城市,151.88,-25.31,1
764,国家,城市,157.50,-25.31,1
765,国家,城市,163.13,-25.31,1
766,国家,城市,168.75,-25.31,1
767,国家,城市,174.38,-25.31,1
768,国家,城市,180.00,-19.69,1
769,国家,城市,185.63,-19.69,1
770,国家,城市,191.25,-19.69,1
771,国家,城市,196.88,-19.69,1
772,国家,城市,202.50,-19.69,1
773,国家,城市,208.13,-19.69,1
774,国家,城市,213.75,-19.69,1
775,国家,城市,219.38,-19.69,1
776,国家,城市,225.00,-19.69,1
777,国家,城市,230.63,-19.69,1
778,国家,城市,236.25,-19.69,1
779,国家,城市,241.88,-19.69,1
780,国家,城市,247.50,-19.69,1
781,国家,城市,253.13,-19.69,1
782,国家,城市,258.75,-19.69,1
783,国家,城市,264.38,-19.69,1
784,国家,城市,270.00,-19.69,1
785,国家,城市,275.63,-19.69,1
786,国家,城市,281.25,-19.69,1
787,国家,城市,286.88,-19.69,1
788,国家,城市,292.50,-19.69,1
789,国家,城市,298.13,-19.69,1
790,国家,城市,303.75,-19.69,1
791,国家,城市,309.38,-19.69,1
792,国家,城市,315.00,-19.69,1
793,国家,城市,320.63,-19.69,1
794,国家,城市,326.25,-19.69,1
795,国家,城市,331.88,-19.69,1
796,国家,城市,337.50,-19.69,1
797,国家,城市,343.13,-19.69,1
798,国家,城市,348.75,-19.69,1
799,国家,城市,354.38,-19.69,1
800,国家,城市,0.00,-19.69,1
801,国家,城市,5.63,-19.69,1
802,国家,城市,11.25,-19.69,1
803,国家,城市,16.88,-19.69,1
804,国家,城市,22.50,-19.69,1
805,国家,城市,28.13,-19.69,1
806,国家,城市,33.75,-19.69,1
807,国家,城市,39.38,-19.69,1
808,国家,城市,45.00,-19.69,1
809,国家,城市,50.63,-19.69,1
810,国家,城市,56.25,-19.69,1
811,国家,城市,61.88,-19.69,1
812,国家,城市,67.50,-19.69,1
813,国家,城市,73.13,-19.69,1
814,国家,城市,78.75,-19.69,1
815,国家,城市,84.38,-19.69,1
816,国家,城市,90.00,-19.69,1
817,国家,城市,95.63,-19.69,1
818,国家,城市,101.25,-19.69,1
819,国家,城市,106.88,-19.69,1
820,国家,城市,112.50,-19.69,1
821,国家,城市,118.13,-19.69,1
822,国家,城市,123.75,-19.69,1
823,国家,城市,129.38,-19.69,1
824,国家,城市,135.00,-19.69,1
825,国家,城市,140.63,-19.69,1
826,国家,城市,146.25,-19.69,1
827,国家,城市,151.88,-19.69,1
828,国家,城市,157.50,-19.69,1
829,国家,城市,163.13,-19.69,1
830,国家,城市,168.75,-19.69,1
831,国家,城市,174.38,-19.69,1
832,国家,城市,180.00,-14.06,1
833,国家,城市,185.63,-14.06,1
834,国家,城市,191.25,-14.06,1
835,国家,城市,196.88,-14.06,1
836,国家,城市,202.50,-14.06,1
837,国家,城市,208.13,-14.06,1
838,国家,城市,213.75,-14.06,1
839,国家,城市,219.38,-14.06,1
840,国家,城市,225.00,-14.06,1
841,国家,城市,230.63,-14.06,1
842,国家,城市,236.25,-14.06,1
843,国家,城市,241.88,-14.06,1
844,国家,城市,247.50,-14.06,1
845,国家,城市,253.13,-14.06,1
846,国家,城市,258.75,-14.06,1
847,国家,城市,264.38,-14.06,1
848,国家,城市,270.00,-14.06,1
849,国家,城市,275.63,-14.06,1
850,国家,城市,281.25,-14.06,1
851,国家,城市,286.88,-14.06,1
852,国家,城市,292.50,-14.06,1
853,国家,城市,298.13,-14.06,1
854,国家,城市,303.75,-14.06,1
855,国家,城市,309.38,-14.06,1
856,国家,城市,315.00,-14.06,1
857,国家,城市,320.63,-14.06,1
858,国家,城市,326.25,-14.06,1
859,国家,城市,331.88,-14.06,1
860,国家,城市,337.50,-14.06,1
861,国家,城市,343.13,-14.06,1
862,国家,城市,348.75,-14.06,1
863,国家,城市,354.38,-14.06,1
864,国家,城市,0.00,-14.06,1
865,国家,城市,5.63,-14.06,1
866,国家,城市,11.25,-14.06,1
867,国家,城市,16.88,-14.06,1
868,国家,城市,22.50,-14.06,1
869,国家,城市,28.13,-14.06,1
870,国家,城市,33.75,-14.06,1
871,国家,城市,39.38,-14.06,1
872,国家,城市,45.00,-14.06,1
873,国家,城市,50.63,-14.06,1
874,国家,城市,56.25,-14.06,1
875,国家,城市,61.88,-14.06,1
876,国家,城市,67.50,-14.06,1
877,国家,城市,73.13,-14.06,1
878,国家,城市,78.75,-14.06,1
879,国家,城市,84.38,-14.06,1
880,国家,城市,90.00,-14.06,1
881,国家,城市,95.63,-14.06,1
882,国家,城市,101.25,-14.06,1
883,国家,城市,106.88,-14.06,1
884,国家,城市,112.50,-14.06,1
885,国家,城市,118.13,-14.06,1
886,国家,城市,123.75,-14.06,1
887,国家,城市,129.38,-14.06,1
888,国家,城市,135.00,-14.06,1
889,国家,城市,140.63,-14.06,1
890,国家,城市,146.25,-14.06,1
891,国家,城市,151.88,-14.06,1
892,国家,城市,157.50,-14.06,1
893,国家,城市,163.13,-14.06,1
894,国家,城市,168.75,-14.06,1
895,国家,城市,174.38,-14.06,1
896,国家,城市,180.00,-8.44,1
897,国家,城市,185.63,-8.44,1
898,国家,城市,191.25,-8.44,1
899,国家,城市,196.88,-8.44,1
900,国家,城市,202.50,-8.44,1
901,国家,城市,208.13,-8.44,1
902,国家,城市,213.75,-8.44,1
903,国家,城市,219.38,-8.44,1
904,国家,城市,225.00,-8.44,1
905,国家,城市,230.63,-8.44,1
906,国家,城市,236.25,-8.44,1
907,国家,城市,241.88,-8.44,1
908,国家,城市,247.50,-8.44,1
909,国家,城市,253.13,-8.44,1
910,国家,城市,258.75,-8.44,1
911,国家,城市,264.38,-8.44,1
912,国家,城市,270.00,-8.44,1
913,国家,城市,275.63,-8.44,1
914,国家,城市,281.25,-8.44,1
915,国家,城市,286.88,-8.44,1
916,国家,城市,292.50,-8.44,1
917,国家,城市,298.13,-8.44,1
918,国家,城市,303.75,-8.44,1
919,国家,城市,309.38,-8.44,1
920,国家,城市,315.00,-8.44,1
921,国家,城市,320.63,-8.44,1
922,国家,城市,326.25,-8.44,1
923,国家,城市,331.88,-8.44,1
924,国家,城市,337.50,-8.44,1
925,国家,城市,343.13,-8.44,1
926,国家,城市,348.75,-8.44,1
927,国家,城市,354.38,-8.44,1
928,国家,城市,0.00,-8.44,1
929,国家,城市,5.63,-8.44,1
930,国家,城市,11.25,-8.44,1
931,国家,城市,16.88,-8.44,1
932,国家,城市,22.50,-8.44,1
933,国家,城市,28.13,-8.44,1
934,国家,城市,33.75,-8.44,1
935,国家,城市,39.38,-8.44,1
936,国家,城市,45.00,-8.44,1
937,国家,城市,50.63,-8.44,1
938,国家,城市,56.25,-8.44,1
939,国家,城市,61.88,-8.44,1
940,国家,城市,67.50,-8.44,1
941,国家,城市,73.13,-8.44,1
942,国家,城市,78.75,-8.44,1
943,国家,城市,84.38,-8.44,1
944,国家,城市,90.00,-8.44,1
945,国家,城市,95.63,-8.44,1
946,国家,城市,101.25,-8.44,1
947,国家,城市,106.88,-8.44,1
948,国家,城市,112.50,-8.44,1
949,国家,城市,118.13,-8.44,1
950,国家,城市,123.75,-8.44,1
951,国家,城市,129.38,-8.44,1
952,国家,城市,135.00,-8.44,1
953,国家,城市,140.63,-8.44,1
954,国家,城市,146.25,-8.44,1
955,国家,城市,151.88,-8.44,1
956,国家,城市,157.50,-8.44,1
957,国家,城市,163.13,-8.44,1
958,国家,城市,168.75,-8.44,1
959,国家,城市,174.38,-8.44,1
960,国家,城市,180.00,-2.81,1
961,国家,城市,185.63,-2.81,1
962,国家,城市,191.25,-2.81,1
963,国家,城市,196.88,-2.81,1
964,国家,城市,202.50,-2.81,1
965,国家,城市,208.13,-2.81,1
966,国家,城市,213.75,-2.81,1
967,国家,城市,219.38,-2.81,1
968,国家,城市,225.00,-2.81,1
969,国家,城市,230.63,-2.81,1
970,国家,城市,236.25,-2.81,1
971,国家,城市,241.88,-2.81,1
972,国家,城市,247.50,-2.81,1
973,国家,城市,253.13,-2.81,1
974,国家,城市,258.75,-2.81,1
975,国家,城市,264.38,-2.81,1
976,国家,城市,270.00,-2.81,1
977,国家,城市,275.63,-2.81,1
978,国家,城市,281.25,-2.81,1
979,国家,城市,286.88,-2.81,1
980,国家,城市,292.50,-2.81,1
981,国家,城市,298.13,-2.81,1
982,国家,城市,303.75,-2.81,1
983,国家,城市,309.38,-2.81,1
984,国家,城市,315.00,-2.81,1
985,国家,城市,320.63,-2.81,1
986,国家,城市,326.25,-2.81,1
987,国家,城市,331.88,-2.81,1
988,国家,城市,337.50,-2.81,1
989,国家,城市,343.13,-2.81,1
990,国家,城市,348.75,-2.81,1
991,国家,城市,354.38,-2.81,1
992,国家,城市,0.00,-2.81,1
993,国家,城市,5.63,-2.81,1
994,国家,城市,11.25,-2.81,1
995,国家,城市,16.88,-2.81,1
996,国家,城市,22.50,-2.81,1
997,国家,城市,28.13,-2.81,1
998,国家,城市,33.75,-2.81,1
999,国家,城市,39.38,-2.81,1
1000,国家,城市,45.00,-2.81,1
1001,国家,城市,50.63,-2.81,1
1002,国家,城市,56.25,-2.81,1
1003,国家,城市,61.88,-2.81,1
1004,国家,城市,67.50,-2.81,1
1005,国家,城市,73.13,-2.81,1
1006,国家,城市,78.75,-2.81,1
1007,国家,城市,84.38,-2.81,1
1008,国家,城市,90.00,-2.81,1
1009,国家,城市,95.63,-2.81,1
1010,国家,城市,101.25,-2.81,1
1011,国家,城市,106.88,-2.81,1
1012,国家,城市,112.50,-2.81,1
1013,国家,城市,118.13,-2.81,1
1014,国家,城市,123.75,-2.81,1
1015,国家,城市,129.38,-2.81,1
1016,国家,城市,135.00,-2.81,1
1017,国家,城市,140.63,-2.81,1
1018,国家,城市,146.25,-2.81,1
1019,国家,城市,151.88,-2.81,1
1020,国家,城市,157.50,-2.81,1
1021,国家,城市,163.13,-2.81,1
1022,国家,城市,168.75,-2.81,1
1023,国家,城市,174.38,-2.81,1
1024,国家,城市,180.00,2.81,1
1025,国家,城市,185.63,2.81,1
1026,国家,城市,191.25,2.81,1
1027,国家,城市,196.88,2.81,1
1028,国家,城市,202.50,2.81,1
1029,国家,城市,208.13,2.81,1
1030,国家,城市,213.75,2.81,1
1031,国家,城市,219.38,2.81,1
1032,国家,城市,225.00,2.81,1
1033,国家,城市,230.63,2.81,1
1034,国家,城市,236.25,2.81,1
1035,国家,城市,241.88,2.81,1
1036,国家,城市,247.50,2.81,1
1037,国家,城市,253.13,2.81,1
1038,国家,城市,258.75,2.81,1
1039,国家,城市,264.38,2.81,1
1040,国家,城市,270.00,2.81,1
1041,国家,城市,275.63,2.81,1
1042,国家,城市,281.25,2.81,1
1043,国家,城市,286.88,2.81,1
1044,国家,城市,292.50,2.81,1
1045,国家,城市,298.13,2.81,1
1046,国家,城市,303.75,2.81,1
1047,国家,城市,309.38,2.81,1
1048,国家,城市,315.00,2.81,1
1049,国家,城市,320.63,2.81,1
1050,国家,城市,326.25,2.81,1
1051,国家,城市,331.88,2.81,1
1052,国家,城市,337.50,2.81,1
1053,国家,城市,343.13,2.81,1
1054,国家,城市,348.75,2.81,1
1055,国家,城市,354.38,2.81,1
1056,国家,城市,0.00,2.81,1
1057,国家,城市,5.63,2.81,1
1058,国家,城市,11.25,2.81,1
1059,国家,城市,16.88,2.81,1
1060,国家,城市,22.50,2.81,1
1061,国家,城市,28.13,2.81,1
1062,国家,城市,33.75,2.81,1
1063,国家,城市,39.38,2.81,1
1064,国家,城市,45.00,2.81,1
1065,国家,城市,50.63,2.81,1
1066,国家,城市,56.25,2.81,1
1067,国家,城市,61.88,2.81,1
1068,国家,城市,67.50,2.81,1
1069,国家,城市,73.13,2.81,1
1070,国家,城市,78.75,2.81,1
1071,国家,城市,84.38,2.81,1
1072,国家,城市,90.00,2.81,1
1073,国家,城市,95.63,2.81,1
1074,国家,城市,101.25,2.81,1
1075,国家,城市,106.88,2.81,1
1076,国家,城市,112.50,2.81,1
1077,国家,城市,118.13,2.81,1
1078,国家,城市,123.75,2.81,1
1079,国家,城市,129.38,2.81,1
1080,国家,城市,135.00,2.81,1
1081,国家,城市,140.63,2.81,1
1082,国家,城市,146.25,2.81,1
1083,国家,城市,151.88,2.81,1
1084,国家,城市,157.50,2.81,1
1085,国家,城市,163.13,2.81,1
1086,国家,城市,168.75,2.81,1
1087,国家,城市,174.38,2.81,1
1088,国家,城市,180.00,8.44,1
1089,国家,城市,185.63,8.44,1
1090,国家,城市,191.25,8.44,1
1091,国家,城市,196.88,8.44,1
1092,国家,城市,202.50,8.44,1
1093,国家,城市,208.13,8.44,1
1094,国家,城市,213.75,8.44,1
1095,国家,城市,219.38,8.44,1
1096,国家,城市,225.00,8.44,1
1097,国家,城市,230.63,8.44,1
1098,国家,城市,236.25,8.44,1
1099,国家,城市,241.88,8.44,1
1100,国家,城市,247.50,8.44,1
1101,国家,城市,253.13,8.44,1
1102,国家,城市,258.75,8.44,1
1103,国家,城市,264.38,8.44,1
1104,国家,城市,270.00,8.44,1
1105,国家,城市,275.63,8.44,1
1106,国家,城市,281.25,8.44,1
1107,国家,城市,286.88,8.44,1
1108,国家,城市,292.50,8.44,1
1109,国家,城市,298.13,8.44,1
1110,国家,城市,303.75,8.44,1
1111,国家,城市,309.38,8.44,1
1112,国家,城市,315.00,8.44,1
1113,国家,城市,320.63,8.44,1
1114,国家,城市,326.25,8.44,1
1115,国家,城市,331.88,8.44,1
1116,国家,城市,337.50,8.44,1
1117,国家,城市,343.13,8.44,1
1118,国家,城市,348.75,8.44,1
1119,国家,城市,354.38,8.44,1
1120,国家,城市,0.00,8.44,1
1121,国家,城市,5.63,8.44,1
1122,国家,城市,11.25,8.44,1
1123,国家,城市,16.88,8.44,1
1124,国家,城市,22.50,8.44,1
1125,国家,城市,28.13,8.44,1
1126,国家,城市,33.75,8.44,1
1127,国家,城市,39.38,8.44,1
1128,国家,城市,45.00,8.44,1
1129,国家,城市,50.63,8.44,1
1130,国家,城市,56.25,8.44,1
1131,国家,城市,61.88,8.44,1
1132,国家,城市,67.50,8.44,1
1133,国家,城市,73.13,8.44,1
1134,国家,城市,78.75,8.44,1
1135,国家,城市,84.38,8.44,1
1136,国家,城市,90.00,8.44,1
1137,国家,城市,95.63,8.44,1
1138,国家,城市,101.25,8.44,1
1139,国家,城市,106.88,8.44,1
1140,国家,城市,112.50,8.44,1
1141,国家,城市,118.13,8.44,1
1142,国家,城市,123.75,8.44,1
1143,国家,城市,129.38,8.44,1
1144,国家,城市,135.00,8.44,1
1145,国家,城市,140.63,8.44,1
1146,国家,城市,146.25,8.44,1
1147,国家,城市,151.88,8.44,1
1148,国家,城市,157.50,8.44,1
1149,国家,城市,163.13,8.44,1
1150,国家,城市,168.75,8.44,1
1151,国家,城市,174.38,8.44,1
1152,国家,城市,180.00,14.06,1
1153,国家,城市,185.63,14.06,1
1154,国家,城市,191.25,14.06,1
1155,国家,城市,196.88,14.06,1
1156,国家,城市,202.50,14.06,1
1157,国家,城市,208.13,14.06,1
1158,国家,城市,213.75,14.06,1
1159,国家,城市,219.38,14.06,1
1160,国家,城市,225.00,14.06,1
1161,国家,城市,230.63,14.06,1
1162,国家,城市,236.25,14.06,1
1163,国家,城市,241.88,14.06,1
1164,国家,城市,247.50,14.06,1
1165,国家,城市,253.13,14.06,1
1166,国家,城市,258.75,14.06,1
1167,国家,城市,264.38,14.06,1
1168,国家,城市,270.00,14.06,1
1169,国家,城市,275.63,14.06,1
1170,国家,城市,281.25,14.06,1
1171,国家,城市,286.88,14.06,1
1172,国家,城市,292.50,14.06,1
1173,国家,城市,298.13,14.06,1
1174,国家,城市,303.75,14.06,1
1175,国家,城市,309.38,14.06,1
1176,国家,城市,315.00,14.06,1
1177,国家,城市,320.63,14.06,1
1178,国家,城市,326.25,14.06,1
1179,国家,城市,331.88,14.06,1
1180,国家,城市,337.50,14.06,1
1181,国家,城市,343.13,14.06,1
1182,国家,城市,348.75,14.06,1
1183,国家,城市,354.38,14.06,1
1184,国家,城市,0.00,14.06,1
1185,国家,城市,5.63,14.06,1
1186,国家,城市,11.25,14.06,1
1187,国家,城市,16.88,14.06,1
1188,国家,城市,22.50,14.06,1
1189,国家,城市,28.13,14.06,1
1190,国家,城市,33.75,14.06,1
1191,国家,城市,39.38,14.06,1
1192,国家,城市,45.00,14.06,1
1193,国家,城市,50.63,14.06,1
1194,国家,城市,56.25,14.06,1
1195,国家,城市,61.88,14.06,1
1196,国家,城市,67.50,14.06,1
1197,国家,城市,73.13,14.06,1
1198,国家,城市,78.75,14.06,1
1199,国家,城市,84.38,14.06,1
1200,国家,城市,90.00,14.06,1
1201,国家,城市,95.63,14.06,1
1202,国家,城市,101.25,14.06,1
1203,国家,城市,106.88,14.06,1
1204,国家,城市,112.50,14.06,1
1205,国家,城市,118.13,14.06,1
1206,国家,城市,123.75,14.06,1
1207,国家,城市,129.38,14.06,1
1208,国家,城市,135.00,14.06,1
1209,国家,城市,140.63,14.06,1
1210,国家,城市,146.25,14.06,1
1211,国家,城市,151.88,14.06,1
1212,国家,城市,157.50,14.06,1
1213,国家,城市,163.13,14.06,1
1214,国家,城市,168.75,14.06,1
1215,国家,城市,174.38,14.06,1
1216,国家,城市,180.00,19.69,1
1217,国家,城市,185.63,19.69,1
1218,国家,城市,191.25,19.69,1
1219,国家,城市,196.88,19.69,1
1220,国家,城市,202.50,19.69,1
1221,国家,城市,208.13,19.69,1
1222,国家,城市,213.75,19.69,1
1223,国家,城市,219.38,19.69,1
1224,国家,城市,225.00,19.69,1
1225,国家,城市,230.63,19.69,1
1226,国家,城市,236.25,19.69,1
1227,国家,城市,241.88,19.69,1
1228,国家,城市,247.50,19.69,1
1229,国家,城市,253.13,19.69,1
1230,国家,城市,258.75,19.69,1
1231,国家,城市,264.38,19.69,1
1232,国家,城市,270.00,19.69,1
1233,国家,城市,275.63,19.69,1
1234,国家,城市,281.25,19.69,1
1235,国家,城市,286.88,19.69,1
1236,国家,城市,292.50,19.69,1
1237,国家,城市,298.13,19.69,1
1238,国家,城市,303.75,19.69,1
1239,国家,城市,309.38,19.69,1
1240,国家,城市,315.00,19.69,1
1241,国家,城市,320.63,19.69,1
1242,国家,城市,326.25,19.69,1
1243,国家,城市,331.88,19.69,1
1244,国家,城市,337.50,19.69,1
1245,国家,城市,343.13,19.69,1
1246,国家,城市,348.75,19.69,1
1247,国家,城市,354.38,19.69,1
1248,国家,城市,0.00,19.69,1
1249,国家,城市,5.63,19.69,1
1250,国家,城市,11.25,19.69,1
1251,国家,城市,16.88,19.69,1
1252,国家,城市,22.50,19.69,1
1253,国家,城市,28.13,19.69,1
1254,国家,城市,33.75,19.69,1
1255,国家,城市,39.38,19.69,1
1256,国家,城市,45.00,19.69,1
1257,国家,城市,50.63,19.69,1
1258,国家,城市,56.25,19.69,1
1259,国家,城市,61.88,19.69,1
1260,国家,城市,67.50,19.69,1
1261,国家,城市,73.13,19.69,1
1262,国家,城市,78.75,19.69,1
1263,国家,城市,84.38,19.69,1
1264,国家,城市,90.00,19.69,1
1265,国家,城市,95.63,19.69,1
1266,国家,城市,101.25,19.69,1
1267,国家,城市,106.88,19.69,1
1268,国家,城市,112.50,19.69,1
1269,国家,城市,118.13,19.69,1
1270,国家,城市,123.75,19.69,1
1271,国家,城市,129.38,19.69,1
1272,国家,城市,135.00,19.69,1
1273,国家,城市,140.63,19.69,1
1274,国家,城市,146.25,19.69,1
1275,国家,城市,151.88,19.69,1
1276,国家,城市,157.50,19.69,1
1277,国家,城市,163.13,19.69,1
1278,国家,城市,168.75,19.69,1
1279,国家,城市,174.38,19.69,1
1280,国家,城市,180.00,25.31,1
1281,国家,城市,185.63,25.31,1
1282,国家,城市,191.25,25.31,1
1283,国家,城市,196.88,25.31,1
1284,国家,城市,202.50,25.31,1
1285,国家,城市,208.13,25.31,1
1286,国家,城市,213.75,25.31,1
1287,国家,城市,219.38,25.31,1
1288,国家,城市,225.00,25.31,1
1289,国家,城市,230.63,25.31,1
1290,国家,城市,236.25,25.31,1
1291,国家,城市,241.88,25.31,1
1292,国家,城市,247.50,25.31,1
1293,国家,城市,253.13,25.31,1
1294,国家,城市,258.75,25.31,1
1295,国家,城市,264.38,25.31,1
1296,国家,城市,270.00,25.31,1
1297,国家,城市,275.63,25.31,1
1298,国家,城市,281.25,25.31,1
1299,国家,城市,286.88,25.31,1
1300,国家,城市,292.50,25.31,1
1301,国家,城市,298.13,25.31,1
1302,国家,城市,303.75,25.31,1
1303,国家,城市,309.38,25.31,1
1304,国家,城市,315.00,25.31,1
1305,国家,城市,320.63,25.31,1
1306,国家,城市,326.25,25.31,1
1307,国家,城市,331.88,25.31,1
1308,国家,城市,337.50,25.31,1
1309,国家,城市,343.13,25.31,1
1310,国家,城市,348.75,25.31,1
1311,国家,城市,354.38,25.31,1
1312,国家,城市,0.00,25.31,1
1313,国家,城市,5.63,25.31,1
1314,国家,城市,11.25,25.31,1
1315,国家,城市,16.88,25.31,1
1316,国家,城市,22.50,25.31,1
1317,国家,城市,28.13,25.31,1
1318,国家,城市,33.75,25.31,1
1319,国家,城市,39.38,25.31,1
1320,国家,城市,45.00,25.31,1
1321,国家,城市,50.63,25.31,1
1322,国家,城市,56.25,25.31,1
1323,国家,城市,61.88,25.31,1
1324,国家,城市,67.50,25.31,1
1325,国家,城市,73.13,25.31,1
1326,国家,城市,78.75,25.31,1
1327,国家,城市,84.38,25.31,1
1328,国家,城市,90.00,25.31,1
1329,国家,城市,95.63,25.31,1
1330,国家,城市,101.25,25.31,1
1331,国家,城市,106.88,25.31,1
1332,国家,城市,112.50,25.31,1
1333,国家,城市,118.13,25.31,1
1334,国家,城市,123.75,25.31,1
1335,国家,城市,129.38,25.31,1
1336,国家,城市,135.00,25.31,1
1337,国家,城市,140.63,25.31,1
1338,国家,城市,146.25,25.31,1
1339,国家,城市,151.88,25.31,1
1340,国家,城市,157.50,25.31,1
1341,国家,城市,163.13,25.31,1
1342,国家,城市,168.75,25.31,1
1343,国家,城市,174.38,25.31,1
1344,国家,城市,180.00,30.94,1
1345,国家,城市,185.63,30.94,1
1346,国家,城市,191.25,30.94,1
1347,国家,城市,196.88,30.94,1
1348,国家,城市,202.50,30.94,1
1349,国家,城市,208.13,30.94,1
1350,国家,城市,213.75,30.94,1
1351,国家,城市,219.38,30.94,1
1352,国家,城市,225.00,30.94,1
1353,国家,城市,230.63,30.94,1
1354,国家,城市,236.25,30.94,1
1355,国家,城市,241.88,30.94,1
1356,国家,城市,247.50,30.94,1
1357,国家,城市,253.13,30.94,1
1358,国家,城市,258.75,30.94,1
1359,国家,城市,264.38,30.94,1
1360,国家,城市,270.00,30.94,1
1361,国家,城市,275.63,30.94,1
1362,国家,城市,281.25,30.94,1
1363,国家,城市,286.88,30.94,1
1364,国家,城市,292.50,30.94,1
1365,国家,城市,298.13,30.94,1
1366,国家,城市,303.75,30.94,1
1367,国家,城市,309.38,30.94,1
1368,国家,城市,315.00,30.94,1
1369,国家,城市,320.63,30.94,1
1370,国家,城市,326.25,30.94,1
1371,国家,城市,331.88,30.94,1
1372,国家,城市,337.50,30.94,1
1373,国家,城市,343.13,30.94,1
1374,国家,城市,348.75,30.94,1
1375,国家,城市,354.38,30.94,1
1376,国家,城市,0.00,30.94,1
1377,国家,城市,5.63,30.94,1
1378,国家,城市,11.25,30.94,1
1379,国家,城市,16.88,30.94,1
1380,国家,城市,22.50,30.94,1
1381,国家,城市,28.13,30.94,1
1382,国家,城市,33.75,30.94,1
1383,国家,城市,39.38,30.94,1
1384,国家,城市,45.00,30.94,1
1385,国家,城市,50.63,30.94,1
1386,国家,城市,56.25,30.94,1
1387,国家,城市,61.88,30.94,1
1388,国家,城市,67.50,30.94,1
1389,国家,城市,73.13,30.94,1
1390,国家,城市,78.75,30.94,1
1391,国家,城市,84.38,30.94,1
1392,国家,城市,90.00,30.94,1
1393,国家,城市,95.63,30.94,1
1394,国家,城市,101.25,30.94,1
1395,国家,城市,106.88,30.94,1
1396,国家,城市,112.50,30.94,1
1397,国家,城市,118.13,30.94,1
1398,国家,城市,123.75,30.94,1
1399,国家,城市,129.38,30.94,1
1400,国家,城市,135.00,30.94,1
1401,国家,城市,140.63,30.94,1
1402,国家,城市,146.25,30.94,1
1403,国家,城市,151.88,30.94,1
1404,国家,城市,157.50,30.94,1
1405,国家,城市,163.13,30.94,1
1406,国家,城市,168.75,30.94,1
1407,国家,城市,174.38,30.94,1
1408,国家,城市,180.00,36.56,1
1409,国家,城市,185.63,36.56,1
1410,国家,城市,191.25,36.56,1
1411,国家,城市,196.88,36.56,1
1412,国家,城市,202.50,36.56,1
1413,国家,城市,208.13,36.56,1
1414,国家,城市,213.75,36.56,1
1415,国家,城市,219.38,36.56,1
1416,国家,城市,225.00,36.56,1
1417,国家,城市,230.63,36.56,1
1418,国家,城市,236.25,36.56,1
1419,国家,城市,241.88,36.56,1
1420,国家,城市,247.50,36.56,1
1421,国家,城市,253.13,36.56,1
1422,国家,城市,258.75,36.56,1
1423,国家,城市,264.38,36.56,1
1424,国家,城市,270.00,36.56,1
1425,国家,城市,275.63,36.56,1
1426,国家,城市,281.25,36.56,1
1427,国家,城市,286.88,36.56,1
1428,国家,城市,292.50,36.56,1
1429,国家,城市,298.13,36.56,1
1430,国家,城市,303.75,36.56,1
1431,国家,城市,309.38,36.56,1
1432,国家,城市,315.00,36.56,1
1433,国家,城市,320.63,36.56,1
1434,国家,城市,326.25,36.56,1
1435,国家,城市,331.88,36.56,1
1436,国家,城市,337.50,36.56,1
1437,国家,城市,343.13,36.56,1
1438,国家,城市,348.75,36.56,1
1439,国家,城市,354.38,36.56,1
1440,国家,城市,0.00,36.56,1
1441,国家,城市,5.63,36.56,1
1442,国家,城市,11.25,36.56,1
1443,国家,城市,16.88,36.56,1
1444,国家,城市,22.50,36.56,1
1445,国家,城市,28.13,36.56,1
1446,国家,城市,33.75,36.56,1
1447,国家,城市,39.38,36.56,1
1448,国家,城市,45.00,36.56,1
1449,国家,城市,50.63,36.56,1
1450,国家,城市,56.25,36.56,1
1451,国家,城市,61.88,36.56,1
1452,国家,城市,67.50,36.56,1
1453,国家,城市,73.13,36.56,1
1454,国家,城市,78.75,36.56,1
1455,国家,城市,84.38,36.56,1
1456,国家,城市,90.00,36.56,1
1457,国家,城市,95.63,36.56,1
1458,国家,城市,101.25,36.56,1
1459,国家,城市,106.88,36.56,1
1460,国家,城市,112.50,36.56,1
1461,国家,城市,118.13,36.56,1
1462,国家,城市,123.75,36.56,1
1463,国家,城市,129.38,36.56,1
1464,国家,城市,135.00,36.56,1
1465,国家,城市,140.63,36.56,1
1466,国家,城市,146.25,36.56,1
1467,国家,城市,151.88,36.56,1
1468,国家,城市,157.50,36.56,1
1469,国家,城市,163.13,36.56,1
1470,国家,城市,168.75,36.56,1
1471,国家,城市,174.38,36.56,1
1472,国家,城市,180.00,42.19,1
1473,国家,城市,185.63,42.19,1
1474,国家,城市,191.25,42.19,1
1475,国家,城市,196.88,42.19,1
1476,国家,城市,202.50,42.19,1
1477,国家,城市,208.13,42.19,1
1478,国家,城市,213.75,42.19,1
1479,国家,城市,219.38,42.19,1
1480,国家,城市,225.00,42.19,1
1481,国家,城市,230.63,42.19,1
1482,国家,城市,236.25,42.19,1
1483,国家,城市,241.88,42.19,1
1484,国家,城市,247.50,42.19,1
1485,国家,城市,253.13,42.19,1
1486,国家,城市,258.75,42.19,1
1487,国家,城市,264.38,42.19,1
1488,国家,城市,270.00,42.19,1
1489,国家,城市,275.63,42.19,1
1490,国家,城市,281.25,42.19,1
1491,国家,城市,286.88,42.19,1
1492,国家,城市,292.50,42.19,1
1493,国家,城市,298.13,42.19,1
1494,国家,城市,303.75,42.19,1
1495,国家,城市,309.38,42.19,1
1496,国家,城市,315.00,42.19,1
1497,国家,城市,320.63,42.19,1
1498,国家,城市,326.25,42.19,1
1499,国家,城市,331.88,42.19,1
1500,国家,城市,337.50,42.19,1
1501,国家,城市,343.13,42.19,1
1502,国家,城市,348.75,42.19,1
1503,国家,城市,354.38,42.19,1
1504,国家,城市,0.00,42.19,1
1505,国家,城市,5.63,42.19,1
1506,国家,城市,11.25,42.19,1
1507,国家,城市,16.88,42.19,1
1508,国家,城市,22.50,42.19,1
1509,国家,城市,28.13,42.19,1
1510,国家,城市,33.75,42.19,1
1511,国家,城市,39.38,42.19,1
1512,国家,城市,45.00,42.19,1
1513,国家,城市,50.63,42.19,1
1514,国家,城市,56.25,42.19,1
1515,国家,城市,61.88,42.19,1
1516,国家,城市,67.50,42.19,1
1517,国家,城市,73.13,42.19,1
1518,国家,城市,78.75,42.19,1
1519,国家,城市,84.38,42.19,1
1520,国家,城市,90.00,42.19,1
1521,国家,城市,95.63,42.19,1
1522,国家,城市,101.25,42.19,1
1523,国家,城市,106.88,42.19,1
1524,国家,城市,112.50,42.19,1
1525,国家,城市,118.13,42.19,1
1526,国家,城市,123.75,42.19,1
1527,国家,城市,129.38,42.19,1
1528,国家,城市,135.00,42.19,1
1529,国家,城市,140.63,42.19,1
1530,国家,城市,146.25,42.19,1
1531,国家,城市,151.88,42.19,1
1532,国家,城市,157.50,42.19,1
1533,国家,城市,163.13,42.19,1
1534,国家,城市,168.75,42.19,1
1535,国家,城市,174.38,42.19,1
1536,国家,城市,180.00,47.81,1
1537,国家,城市,185.63,47.81,1
1538,国家,城市,191.25,47.81,1
1539,国家,城市,196.88,47.81,1
1540,国家,城市,202.50,47.81,1
1541,国家,城市,208.13,47.81,1
1542,国家,城市,213.75,47.81,1
1543,国家,城市,219.38,47.81,1
1544,国家,城市,225.00,47.81,1
1545,国家,城市,230.63,47.81,1
1546,国家,城市,236.25,47.81,1
1547,国家,城市,241.88,47.81,1
1548,国家,城市,247.50,47.81,1
1549,国家,城市,253.13,47.81,1
1550,国家,城市,258.75,47.81,1
1551,国家,城市,264.38,47.81,1
1552,国家,城市,270.00,47.81,1
1553,国家,城市,275.63,47.81,1
1554,国家,城市,281.25,47.81,1
1555,国家,城市,286.88,47.81,1
1556,国家,城市,292.50,47.81,1
1557,国家,城市,298.13,47.81,1
1558,国家,城市,303.75,47.81,1
1559,国家,城市,309.38,47.81,1
1560,国家,城市,315.00,47.81,1
1561,国家,城市,320.63,47.81,1
1562,国家,城市,326.25,47.81,1
1563,国家,城市,331.88,47.81,1
1564,国家,城市,337.50,47.81,1
1565,国家,城市,343.13,47.81,1
1566,国家,城市,348.75,47.81,1
1567,国家,城市,354.38,47.81,1
1568,国家,城市,0.00,47.81,1
1569,国家,城市,5.63,47.81,1
1570,国家,城市,11.25,47.81,1
1571,国家,城市,16.88,47.81,1
1572,国家,城市,22.50,47.81,1
1573,国家,城市,28.13,47.81,1
1574,国家,城市,33.75,47.81,1
1575,国家,城市,39.38,47.81,1
1576,国家,城市,45.00,47.81,1
1577,国家,城市,50.63,47.81,1
1578,国家,城市,56.25,47.81,1
1579,国家,城市,61.88,47.81,1
1580,国家,城市,67.50,47.81,1
1581,国家,城市,73.13,47.81,1
1582,国家,城市,78.75,47.81,1
1583,国家,城市,84.38,47.81,1
1584,国家,城市,90.00,47.81,1
1585,国家,城市,95.63,47.81,1
1586,国家,城市,101.25,47.81,1
1587,国家,城市,106.88,47.81,1
1588,国家,城市,112.50,47.81,1
1589,国家,城市,118.13,47.81,1
1590,国家,城市,123.75,47.81,1
1591,国家,城市,129.38,47.81,1
1592,国家,城市,135.00,47.81,1
1593,国家,城市,140.63,47.81,1
1594,国家,城市,146.25,47.81,1
1595,国家,城市,151.88,47.81,1
1596,国家,城市,157.50,47.81,1
1597,国家,城市,163.13,47.81,1
1598,国家,城市,168.75,47.81,1
1599,国家,城市,174.38,47.81,1
1600,国家,城市,180.00,53.44,1
1601,国家,城市,185.63,53.44,1
1602,国家,城市,191.25,53.44,1
1603,国家,城市,196.88,53.44,1
1604,国家,城市,202.50,53.44,1
1605,国家,城市,208.13,53.44,1
1606,国家,城市,213.75,53.44,1
1607,国家,城市,219.38,53.44,1
1608,国家,城市,225.00,53.44,1
1609,国家,城市,230.63,53.44,1
1610,国家,城市,236.25,53.44,1
1611,国家,城市,241.88,53.44,1
1612,国家,城市,247.50,53.44,1
1613,国家,城市,253.13,53.44,1
1614,国家,城市,258.75,53.44,1
1615,国家,城市,264.38,53.44,1
1616,国家,城市,270.00,53.44,1
1617,国家,城市,275.63,53.44,1
1618,国家,城市,281.25,53.44,1
1619,国家,城市,286.88,53.44,1
1620,国家,城市,292.50,53.44,1
1621,国家,城市,298.13,53.44,1
1622,国家,城市,303.75,53.44,1
1623,国家,城市,309.38,53.44,1
1624,国家,城市,315.00,53.44,1
1625,国家,城市,320.63,53.44,1
1626,国家,城市,326.25,53.44,1
1627,国家,城市,331.88,53.44,1
1628,国家,城市,337.50,53.44,1
1629,国家,城市,343.13,53.44,1
1630,国家,城市,348.75,53.44,1
1631,国家,城市,354.38,53.44,1
1632,国家,城市,0.00,53.44,1
1633,国家,城市,5.63,53.44,1
1634,国家,城市,11.25,53.44,1
1635,国家,城市,16.88,53.44,1
1636,国家,城市,22.50,53.44,1
1637,国家,城市,28.13,53.44,1
1638,国家,城市,33.75,53.44,1
1639,国家,城市,39.38,53.44,1
1640,国家,城市,45.00,53.44,1
1641,国家,城市,50.63,53.44,1
1642,国家,城市,56.25,53.44,1
1643,国家,城市,61.88,53.44,1
1644,国家,城市,67.50,53.44,1
1645,国家,城市,73.13,53.44,1
1646,国家,城市,78.75,53.44,1
1647,国家,城市,84.38,53.44,1
1648,国家,城市,90.00,53.44,1
1649,国家,城市,95.63,53.44,1
1650,国家,城市,101.25,53.44,1
1651,国家,城市,106.88,53.44,1
1652,国家,城市,112.50,53.44,1
1653,国家,城市,118.13,53.44,1
1654,国家,城市,123.75,53.44,1
1655,国家,城市,129.38,53.44,1
1656,国家,城市,135.00,53.44,1
1657,国家,城市,140.63,53.44,1
1658,国家,城市,146.25,53.44,1
1659,国家,城市,151.88,53.44,1
1660,国家,城市,157.50,53.44,1
1661,国家,城市,163.13,53.44,1
1662,国家,城市,168.75,53.44,1
1663,国家,城市,174.38,53.44,1
1664,国家,城市,180.00,59.06,1
1665,国家,城市,185.63,59.06,1
1666,国家,城市,191.25,59.06,1
1667,国家,城市,196.88,59.06,1
1668,国家,城市,202.50,59.06,1
1669,国家,城市,208.13,59.06,1
1670,国家,城市,213.75,59.06,1
1671,国家,城市,219.38,59.06,1
1672,国家,城市,225.00,59.06,1
1673,国家,城市,230.63,59.06,1
1674,国家,城市,236.25,59.06,1
1675,国家,城市,241.88,59.06,1
1676,国家,城市,247.50,59.06,1
1677,国家,城市,253.13,59.06,1
1678,国家,城市,258.75,59.06,1
1679,国家,城市,264.38,59.06,1
1680,国家,城市,270.00,59.06,1
1681,国家,城市,275.63,59.06,1
1682,国家,城市,281.25,59.06,1
1683,国家,城市,286.88,59.06,1
1684,国家,城市,292.50,59.06,1
1685,国家,城市,298.13,59.06,1
1686,国家,城市,303.75,59.06,1
1687,国家,城市,309.38,59.06,1
1688,国家,城市,315.00,59.06,1
1689,国家,城市,320.63,59.06,1
1690,国家,城市,326.25,59.06,1
1691,国家,城市,331.88,59.06,1
1692,国家,城市,337.50,59.06,1
1693,国家,城市,343.13,59.06,1
1694,国家,城市,348.75,59.06,1
1695,国家,城市,354.38,59.06,1
1696,国家,城市,0.00,59.06,1
1697,国家,城市,5.63,59.06,1
1698,国家,城市,11.25,59.06,1
1699,国家,城市,16.88,59.06,1
1700,国家,城市,22.50,59.06,1
1701,国家,城市,28.13,59.06,1
1702,国家,城市,33.75,59.06,1
1703,国家,城市,39.38,59.06,1
1704,国家,城市,45.00,59.06,1
1705,国家,城市,50.63,59.06,1
1706,国家,城市,56.25,59.06,1
1707,国家,城市,61.88,59.06,1
1708,国家,城市,67.50,59.06,1
1709,国家,城市,73.13,59.06,1
1710,国家,城市,78.75,59.06,1
1711,国家,城市,84.38,59.06,1
1712,国家,城市,90.00,59.06,1
1713,国家,城市,95.63,59.06,1
1714,国家,城市,101.25,59.06,1
1715,国家,城市,106.88,59.06,1
1716,国家,城市,112.50,59.06,1
1717,国家,城市,118.13,59.06,1
1718,国家,城市,123.75,59.06,1
1719,国家,城市,129.38,59.06,1
1720,国家,城市,135.00,59.06,1
1721,国家,城市,140.63,59.06,1
1722,国家,城市,146.25,59.06,1
1723,国家,城市,151.88,59.06,1
1724,国家,城市,157.50,59.06,1
1725,国家,城市,163.13,59.06,1
1726,国家,城市,168.75,59.06,1
1727,国家,城市,174.38,59.06,1
1728,国家,城市,180.00,64.69,1
1729,国家,城市,185.63,64.69,1
1730,国家,城市,191.25,64.69,1
1731,国家,城市,196.88,64.69,1
1732,国家,城市,202.50,64.69,1
1733,国家,城市,208.13,64.69,1
1734,国家,城市,213.75,64.69,1
1735,国家,城市,219.38,64.69,1
1736,国家,城市,225.00,64.69,1
1737,国家,城市,230.63,64.69,1
1738,国家,城市,236.25,64.69,1
1739,国家,城市,241.88,64.69,1
1740,国家,城市,247.50,64.69,1
1741,国家,城市,253.13,64.69,1
1742,国家,城市,258.75,64.69,1
1743,国家,城市,264.38,64.69,1
1744,国家,城市,270.00,64.69,1
1745,国家,城市,275.63,64.69,1
1746,国家,城市,281.25,64.69,1
1747,国家,城市,286.88,64.69,1
1748,国家,城市,292.50,64.69,1
1749,国家,城市,298.13,64.69,1
1750,国家,城市,303.75,64.69,1
1751,国家,城市,309.38,64.69,1
1752,国家,城市,315.00,64.69,1
1753,国家,城市,320.63,64.69,1
1754,国家,城市,326.25,64.69,1
1755,国家,城市,331.88,64.69,1
1756,国家,城市,337.50,64.69,1
1757,国家,城市,343.13,64.69,1
1758,国家,城市,348.75,64.69,1
1759,国家,城市,354.38,64.69,1
1760,国家,城市,0.00,64.69,1
1761,国家,城市,5.63,64.69,1
1762,国家,城市,11.25,64.69,1
1763,国家,城市,16.88,64.69,1
1764,国家,城市,22.50,64.69,1
1765,国家,城市,28.13,64.69,1
1766,国家,城市,33.75,64.69,1
1767,国家,城市,39.38,64.69,1
1768,国家,城市,45.00,64.69,1
1769,国家,城市,50.63,64.69,1
1770,国家,城市,56.25,64.69,1
1771,国家,城市,61.88,64.69,1
1772,国家,城市,67.50,64.69,1
1773,国家,城市,73.13,64.69,1
1774,国家,城市,78.75,64.69,1
1775,国家,城市,84.38,64.69,1
1776,国家,城市,90.00,64.69,1
1777,国家,城市,95.63,64.69,1
1778,国家,城市,101.25,64.69,1
1779,国家,城市,106.88,64.69,1
1780,国家,城市,112.50,64.69,1
1781,国家,城市,118.13,64.69,1
1782,国家,城市,123.75,64.69,1
1783,国家,城市,129.38,64.69,1
1784,国家,城市,135.00,64.69,1
1785,国家,城市,140.63,64.69,1
1786,国家,城市,146.25,64.69,1
1787,国家,城市,151.88,64.69,1
1788,国家,城市,157.50,64.69,1
1789,国家,城市,163.13,64.69,1
1790,国家,城市,168.75,64.69,1
1791,国家,城市,174.38,64.69,1
1792,国家,城市,180.00,70.31,1
1793,国家,城市,185.63,70.31,1
1794,国家,城市,191.25,70.31,1
1795,国家,城市,196.88,70.31,1
1796,国家,城市,202.50,70.31,1
1797,国家,城市,208.13,70.31,1
1798,国家,城市,213.75,70.31,1
1799,国家,城市,219.38,70.31,1
1800,国家,城市,225.00,70.31,1
1801,国家,城市,230.63,70.31,1
1802,国家,城市,236.25,70.31,1
1803,国家,城市,241.88,70.31,1
1804,国家,城市,247.50,70.31,1
1805,国家,城市,253.13,70.31,1
1806,国家,城市,258.75,70.31,1
1807,国家,城市,264.38,70.31,1
1808,国家,城市,270.00,70.31,1
1809,国家,城市,275.63,70.31,1
1810,国家,城市,281.25,70.31,1
1811,国家,城市,286.88,70.31,1
1812,国家,城市,292.50,70.31,1
1813,国家,城市,298.13,70.31,1
1814,国家,城市,303.75,70.31,1
1815,国家,城市,309.38,70.31,1
1816,国家,城市,315.00,70.31,1
1817,国家,城市,320.63,70.31,1
1818,国家,城市,326.25,70.31,1
1819,国家,城市,331.88,70.31,1
1820,国家,城市,337.50,70.31,1
1821,国家,城市,343.13,70.31,1
1822,国家,城市,348.75,70.31,1
1823,国家,城市,354.38,70.31,1
1824,国家,城市,0.00,70.31,1
1825,国家,城市,5.63,70.31,1
1826,国家,城市,11.25,70.31,1
1827,国家,城市,16.88,70.31,1
1828,国家,城市,22.50,70.31,1
1829,国家,城市,28.13,70.31,1
1830,国家,城市,33.75,70.31,1
1831,国家,城市,39.38,70.31,1
1832,国家,城市,45.00,70.31,1
1833,国家,城市,50.63,70.31,1
1834,国家,城市,56.25,70.31,1
1835,国家,城市,61.88,70.31,1
1836,国家,城市,67.50,70.31,1
1837,国家,城市,73.13,70.31,1
1838,国家,城市,78.75,70.31,1
1839,国家,城市,84.38,70.31,1
1840,国家,城市,90.00,70.31,1
1841,国家,城市,95.63,70.31,1
1842,国家,城市,101.25,70.31,1
1843,国家,城市,106.88,70.31,1
1844,国家,城市,112.50,70.31,1
1845,国家,城市,118.13,70.31,1
1846,国家,城市,123.75,70.31,1
1847,国家,城市,129.38,70.31,1
1848,国家,城市,135.00,70.31,1
1849,国家,城市,140.63,70.31,1
1850,国家,城市,146.25,70.31,1
1851,国家,城市,151.88,70.31,1
1852,国家,城市,157.50,70.31,1
1853,国家,城市,163.13,70.31,1
1854,国家,城市,168.75,70.31,1
1855,国家,城市,174.38,70.31,1
1856,国家,城市,180.00,75.94,1
1857,国家,城市,185.63,75.94,1
1858,国家,城市,191.25,75.94,1
1859,国家,城市,196.88,75.94,1
1860,国家,城市,202.50,75.94,1
1861,国家,城市,208.13,75.94,1
1862,国家,城市,213.75,75.94,1
1863,国家,城市,219.38,75.94,1
1864,国家,城市,225.00,75.94,1
1865,国家,城市,230.63,75.94,1
1866,国家,城市,236.25,75.94,1
1867,国家,城市,241.88,75.94,1
1868,国家,城市,247.50,75.94,1
1869,国家,城市,253.13,75.94,1
1870,国家,城市,258.75,75.94,1
1871,国家,城市,264.38,75.94,1
1872,国家,城市,270.00,75.94,1
1873,国家,城市,275.63,75.94,1
1874,国家,城市,281.25,75.94,1
1875,国家,城市,286.88,75.94,1
1876,国家,城市,292.50,75.94,1
1877,国家,城市,298.13,75.94,1
1878,国家,城市,303.75,75.94,1
1879,国家,城市,309.38,75.94,1
1880,国家,城市,315.00,75.94,1
1881,国家,城市,320.63,75.94,1
1882,国家,城市,326.25,75.94,1
1883,国家,城市,331.88,75.94,1
1884,国家,城市,337.50,75.94,1
1885,国家,城市,343.13,75.94,1
1886,国家,城市,348.75,75.94,1
1887,国家,城市,354.38,75.94,1
1888,国家,城市,0.00,75.94,1
1889,国家,城市,5.63,75.94,1
1890,国家,城市,11.25,75.94,1
1891,国家,城市,16.88,75.94,1
1892,国家,城市,22.50,75.94,1
1893,国家,城市,28.13,75.94,1
1894,国家,城市,33.75,75.94,1
1895,国家,城市,39.38,75.94,1
1896,国家,城市,45.00,75.94,1
1897,国家,城市,50.63,75.94,1
1898,国家,城市,56.25,75.94,1
1899,国家,城市,61.88,75.94,1
1900,国家,城市,67.50,75.94,1
1901,国家,城市,73.13,75.94,1
1902,国家,城市,78.75,75.94,1
1903,国家,城市,84.38,75.94,1
1904,国家,城市,90.00,75.94,1
1905,国家,城市,95.63,75.94,1
1906,国家,城市,101.25,75.94,1
1907,国家,城市,106.88,75.94,1
1908,国家,城市,112.50,75.94,1
1909,国家,城市,118.13,75.94,1
1910,国家,城市,123.75,75.94,1
1911,国家,城市,129.38,75.94,1
1912,国家,城市,135.00,75.94,1
1913,国家,城市,140.63,75.94,1
1914,国家,城市,146.25,75.94,1
1915,国家,城市,151.88,75.94,1
1916,国家,城市,157.50,75.94,1
1917,国家,城市,163.13,75.94,1
1918,国家,城市,168.75,75.94,1
1919,国家,城市,174.38,75.94,1
1920,国家,城市,180.00,81.56,1
1921,国家,城市,185.63,81.56,1
1922,国家,城市,191.25,81.56,1
1923,国家,城市,196.88,81.56,1
1924,国家,城市,202.50,81.56,1
1925,国家,城市,208.13,81.56,1
1926,国家,城市,213.75,81.56,1
1927,国家,城市,219.38,81.56,1
1928,国家,城市,225.00,81.56,1
1929,国家,城市,230.63,81.56,1
1930,国家,城市,236.25,81.56,1
1931,国家,城市,241.88,81.56,1
1932,国家,城市,247.50,81.56,1
1933,国家,城市,253.13,81.56,1
1934,国家,城市,258.75,81.56,1
1935,国家,城市,264.38,81.56,1
1936,国家,城市,270.00,81.56,1
1937,国家,城市,275.63,81.56,1
1938,国家,城市,281.25,81.56,1
1939,国家,城市,286.88,81.56,1
1940,国家,城市,292.50,81.56,1
1941,国家,城市,298.13,81.56,1
1942,国家,城市,303.75,81.56,1
1943,国家,城市,309.38,81.56,1
1944,国家,城市,315.00,81.56,1
1945,国家,城市,320.63,81.56,1
1946,国家,城市,326.25,81.56,1
1947,国家,城市,331.88,81.56,1
1948,国家,城市,337.50,81.56,1
1949,国家,城市,343.13,81.56,1
1950,国家,城市,348.75,81.56,1
1951,国家,城市,354.38,81.56,1
1952,国家,城市,0.00,81.56,1
1953,国家,城市,5.63,81.56,1
1954,国家,城市,11.25,81.56,1
1955,国家,城市,16.88,81.56,1
1956,国家,城市,22.50,81.56,1
1957,国家,城市,28.13,81.56,1
1958,国家,城市,33.75,81.56,1
1959,国家,城市,39.38,81.56,1
1960,国家,城市,45.00,81.56,1
1961,国家,城市,50.63,81.56,1
1962,国家,城市,56.25,81.56,1
1963,国家,城市,61.88,81.56,1
1964,国家,城市,67.50,81.56,1
1965,国家,城市,73.13,81.56,1
1966,国家,城市,78.75,81.56,1
1967,国家,城市,84.38,81.56,1
1968,国家,城市,90.00,81.56,1
1969,国家,城市,95.63,81.56,1
1970,国家,城市,101.25,81.56,1
1971,国家,城市,106.88,81.56,1
1972,国家,城市,112.50,81.56,1
1973,国家,城市,118.13,81.56,1
1974,国家,城市,123.75,81.56,1
1975,国家,城市,129.38,81.56,1
1976,国家,城市,135.00,81.56,1
1977,国家,城市,140.63,81.56,1
1978,国家,城市,146.25,81.56,1
1979,国家,城市,151.88,81.56,1
1980,国家,城市,157.50,81.56,1
1981,国家,城市,163.13,81.56,1
1982,国家,城市,168.75,81.56,1
1983,国家,城市,174.38,81.56,1
1984,国家,城市,180.00,87.19,1
1985,国家,城市,185.63,87.19,1
1986,国家,城市,191.25,87.19,1
1987,国家,城市,196.88,87.19,1
1988,国家,城市,202.50,87.19,1
1989,国家,城市,208.13,87.19,1
1990,国家,城市,213.75,87.19,1
1991,国家,城市,219.38,87.19,1
1992,国家,城市,225.00,87.19,1
1993,国家,城市,230.63,87.19,1
1994,国家,城市,236.25,87.19,1
1995,国家,城市,241.88,87.19,1
1996,国家,城市,247.50,87.19,1
1997,国家,城市,253.13,87.19,1
1998,国家,城市,258.75,87.19,1
1999,国家,城市,264.38,87.19,1
2000,国家,城市,270.00,87.19,1
2001,国家,城市,275.63,87.19,1
2002,国家,城市,281.25,87.19,1
2003,国家,城市,286.88,87.19,1
2004,国家,城市,292.50,87.19,1
2005,国家,城市,298.13,87.19,1
2006,国家,城市,303.75,87.19,1
2007,国家,城市,309.38,87.19,1
2008,国家,城市,315.00,87.19,1
2009,国家,城市,320.63,87.19,1
2010,国家,城市,326.25,87.19,1
2011,国家,城市,331.88,87.19,1
2012,国家,城市,337.50,87.19,1
2013,国家,城市,343.13,87.19,1
2014,国家,城市,348.75,87.19,1
2015,国家,城市,354.38,87.19,1
2016,国家,城市,0.00,87.19,1
2017,国家,城市,5.63,87.19,1
2018,国家,城市,11.25,87.19,1
2019,国家,城市,16.88,87.19,1
2020,国家,城市,22.50,87.19,1
2021,国家,城市,28.13,87.19,1
2022,国家,城市,33.75,87.19,1
2023,国家,城市,39.38,87.19,1
2024,国家,城市,45.00,87.19,1
2025,国家,城市,50.63,87.19,1
2026,国家,城市,56.25,87.19,1
2027,国家,城市,61.88,87.19,1
2028,国家,城市,67.50,87.19,1
2029,国家,城市,73.13,87.19,1
2030,国家,城市,78.75,87.19,1
2031,国家,城市,84.38,87.19,1
2032,国家,城市,90.00,87.19,1
2033,国家,城市,95.63,87.19,1
2034,国家,城市,101.25,87.19,1
2035,国家,城市,106.88,87.19,1
2036,国家,城市,112.50,87.19,1
2037,国家,城市,118.13,87.19,1
2038,国家,城市,123.75,87.19,1
2039,国家,城市,129.38,87.19,1
2040,国家,城市,135.00,87.19,1
2041,国家,城市,140.63,87.19,1
2042,国家,城市,146.25,87.19,1
2043,国家,城市,151.88,87.19,1
2044,国家,城市,157.50,87.19,1
2045,国家,城市,163.13,87.19,1
2046,国家,城市,168.75,87.19,1
2047,国家,城市,174.38,87.19,1