0,安徽,砀山,116.2,34.27,44.2
1,安徽,萧县,116.58,34.11,34.7
2,安徽,亳州,115.46,33.52,37.7
3,安徽,临泉,115.17,33.01,35.8
4,安徽,界首,115.2,33.14,34
5,安徽,太和,115.37,33.11,33
6,安徽,天柱山,116.27,30.44,968.2
7,安徽,濉溪,116.45,33.56,31.6
8,安徽,涡阳,116.11,33.29,30.4
9,安徽,淮北,116.5,33.59,31.5
10,安徽,利辛,116.12,33.08,27.9
11,安徽,蒙城,116.31,33.16,26
12,安徽,宿州,116.59,33.38,25.9
13,安徽,灵璧,117.31,33.35,23.9
14,安徽,泗县,117.52,33.28,19.5
15,安徽,怀远,117.12,32.59,21.2
16,安徽,固镇,117.21,33.2,19.3
17,安徽,五河,117.5,33.09,17
18,安徽,阜南,115.34,32.4,31.7
19,安徽,阜阳,115.44,32.52,32.7
20,安徽,颍上,116.14,32.39,25.2
21,安徽,凤台,116.46,32.43,22
22,安徽,霍邱,116.17,32.2,32.9
23,安徽,寿县,116.47,32.26,22.7
24,安徽,长丰,117.09,32.28,28.1
25,安徽,蚌埠,117.18,32.51,21.9
26,安徽,凤阳,117.33,32.51,24.6
27,安徽,明光,117.59,32.48,31.4
28,安徽,淮南,117.01,32.39,32.6
29,安徽,定远,117.4,32.32,69.6
30,安徽,来安,118.25,32.28,40.4
31,安徽,滁州,118.15,32.21,33.5
32,安徽,天长,119.01,32.41,21.3
33,安徽,金寨,115.53,31.41,95.4
34,安徽,六安,116.3,31.44,74.1
35,安徽,霍山,116.19,31.24,86.4
36,安徽,舒城,116.55,31.28,23.6
37,安徽,岳西,116.22,30.52,434.2
38,安徽,桐城,116.57,31.04,85.4
39,安徽,肥西,117.08,31.44,21.8
40,安徽,合肥,117.18,31.47,27
41,安徽,肥东,117.28,31.53,25
42,安徽,巢湖,117.5,31.35,30.9
43,安徽,庐江,117.17,31.16,45.2
44,安徽,无为,117.52,31.2,9.6
45,安徽,含山,118.05,31.45,26
46,安徽,和县,118.22,31.44,22.5
47,安徽,芜湖,118.22,31.23,9.5
48,安徽,当涂,118.31,31.34,23.2
49,安徽,马鞍山,118.34,31.42,80
50,安徽,繁昌,118.11,31.05,26.8
51,安徽,芜湖县,118.35,31.09,17.1
52,安徽,宿松,116.08,30.1,54.7
53,安徽,铜陵,117.51,30.59,11
54,安徽,南陵,118.19,30.54,39
55,安徽,泾县,118.24,30.41,57.3
56,安徽,宣城,118.45,30.56,31.2
57,安徽,旌德,118.32,30.18,220.2
58,安徽,宁国,118.59,30.37,87.3
59,安徽,黄山,118.09,30.08,1840.4
60,安徽,广德,119.25,30.52,43.1
61,安徽,郎溪,119.11,31.1,16.5
62,安徽,祁门,117.43,29.51,142
63,安徽,黟县,117.56,29.56,227.5
64,安徽,歙县,118.26,29.52,168.7
65,安徽,屯溪,118.17,29.43,142.7
66,安徽,休宁,118.11,29.47,170.2
67,北京,顺义,116.37,40.08,28.6
68,北京,海淀,116.17,39.59,45.8
69,北京,延庆,115.58,40.27,487.9
70,北京,密云,116.52,40.23,71.8
71,北京,怀柔,116.38,40.22,75.7
72,北京,密云上甸子,117.07,40.39,293.3
73,北京,平谷,117.07,40.1,32.1
74,北京,通州,116.38,39.55,43.3
75,北京,朝阳,116.3,39.57,35.3
76,北京,昌平,116.13,40.13,76.2
77,北京,斋堂,115.41,39.58,440.3
78,北京,门头沟,116.06,39.56,92.7
79,北京,北京,116.28,39.48,31.3
80,北京,石景山,116.12,39.57,65.6
81,北京,丰台,116.15,39.52,55.2
82,北京,大兴,116.21,39.43,37.6
83,北京,房山,116.12,39.46,39.2
84,北京,霞云岭,115.44,39.44,407.7
85,福建,光泽,117.19,27.32,268.2
86,福建,邵武,117.28,27.2,218
87,福建,武夷山,118.02,27.46,222.1
88,福建,浦城,118.32,27.55,276.9
89,福建,建阳,118.07,27.2,196.9
90,福建,松溪,118.45,27.31,205.4
91,福建,政和,118.49,27.23,221.5
92,福建,建瓯,118.19,27.03,154.9
93,福建,寿宁,119.25,27.27,815.9
94,福建,周宁,119.21,27.09,899.3
95,福建,福安,119.39,27.06,50.5
96,福建,柘荣,119.53,27.14,684.1
97,福建,福鼎,120.12,27.2,36.2
98,福建,宁化,116.38,26.14,358.9
99,福建,清流,116.49,26.11,328.9
100,福建,泰宁,117.1,26.54,342.9
101,福建,建宁,116.51,26.5,342.3
102,福建,顺昌,117.48,26.48,175.2
103,福建,明溪,117.09,26.24,357.4
104,福建,沙县,117.48,26.24,120.6
105,福建,三明,117.37,26.16,208.2
106,福建,古田,118.44,26.35,361.5
107,福建,尤溪,118.09,26.09,137.2
108,福建,闽清,118.51,26.14,40.8
109,福建,闽侯,119.09,26.09,57.8
110,福建,罗源,119.32,26.3,60.5
111,福建,宁德,119.31,26.4,32.4
112,福建,福州,119.17,26.05,84
113,福建,连江,119.33,26.12,13.4
114,福建,长汀,116.22,25.51,310
115,福建,武平,116.06,25.05,307
116,福建,上杭,116.25,25.03,198
117,福建,大田,117.5,25.42,400.1
118,福建,漳平,117.25,25.18,205.3
119,福建,龙岩,117.01,25.03,376
120,福建,华安,117.32,25.01,166.5
121,福建,安溪,118.09,25.04,68
122,福建,九仙山,118.06,25.43,1653.5
123,福建,永泰,118.56,25.52,85.6
124,福建,永春,118.16,25.2,170.3
125,福建,德化,118.14,25.29,521.4
126,福建,秀屿,118.59,25.14,23.1
127,福建,长乐,119.3,25.58,25.9
128,福建,福清,119.23,25.43,39.2
129,福建,永定,116.43,24.44,226.9
130,福建,长泰,117.45,24.37,43
131,福建,南靖,117.23,24.31,53.7
132,福建,平和,117.18,24.23,108.5
133,福建,龙海,117.5,24.26,32.1
134,福建,漳浦,117.36,24.08,53
135,福建,同安,118.09,24.44,30.8
136,福建,南安,118.22,24.58,45.4
137,福建,厦门,118.04,24.29,139.4
138,甘肃,马鬃山,97.02,41.48,1770.4
139,甘肃,肃北,94.52,39.31,2137.2
140,甘肃,酒泉,98.29,39.46,1477.2
141,甘肃,高台,99.5,39.22,1332.2
142,甘肃,临泽,100.1,39.09,1453.7
143,甘肃,肃南,99.37,38.5,2311.8
144,甘肃,张掖,100.17,39.05,1461.1
145,甘肃,民乐,100.49,38.26,2281.4
146,甘肃,永昌,101.58,38.14,1976.9
147,甘肃,武威,102.4,37.55,1531.5
148,甘肃,民勤,103.05,38.38,1367.5
149,甘肃,古浪,102.54,37.28,2072.4
150,甘肃,乌鞘岭,102.52,37.12,3045.1
151,甘肃,景泰,104.03,37.11,1630.9
152,甘肃,天祝,103.11,36.59,2484.8
153,甘肃,皋兰,103.57,36.21,1668.5
154,甘肃,永登,103.15,36.45,2118.8
155,甘肃,靖远,104.41,36.34,1398.2
156,甘肃,白银,104.09,36.33,1738.7
157,甘肃,夏河,102.31,35.12,2929.4
158,甘肃,永靖,103.18,35.58,1648
159,甘肃,东乡,103.23,35.41,2421
160,甘肃,广河,103.33,35.29,1953.2
161,甘肃,榆中,104.09,35.52,1874.4
162,甘肃,临夏,103.11,35.35,1917.2
163,甘肃,和政,103.2,35.25,2162.8
164,甘肃,临洮,103.52,35.22,1893.8
165,甘肃,康乐,103.43,35.22,2000.6
166,甘肃,会宁,105.04,35.41,1739.4
167,甘肃,安定,104.37,35.35,1897.2
168,甘肃,华家岭,105.01,35.23,2450.6
169,甘肃,渭源,104.12,35.08,2111
170,甘肃,环县,107.18,36.34,1255.6
171,甘肃,庆城,107.54,35.59,1093.7
172,甘肃,静宁,105.43,35.31,1656.4
173,甘肃,通渭,105.14,35.13,1768.2
174,甘肃,崆峒,106.4,35.33,1346.6
175,甘肃,庄浪,106.04,35.13,1631
176,甘肃,西峰,107.38,35.44,1421
177,甘肃,灵台,107.37,35.04,966.6
178,甘肃,镇原,107.11,35.41,1172.5
179,甘肃,泾川,107.21,35.21,1028.8
180,甘肃,华亭,106.37,35.12,1477.6
181,甘肃,崇信,107.01,35.18,1149.1
182,甘肃,华池,107.59,36.27,1271
183,甘肃,合水,107.59,35.47,1298.7
184,甘肃,正宁,108.24,35.29,1442.7
185,甘肃,宁县,107.55,35.31,979.4
186,甘肃,碌曲,102.3,34.35,3105.7
187,甘肃,玛曲,102.05,34,3471.4
188,甘肃,合作,102.54,35,2910
189,甘肃,临潭,103.21,34.42,2810.2
190,甘肃,卓尼,103.3,34.35,2540.3
191,甘肃,迭部,103.14,34.04,2374.2
192,甘肃,漳县,104.28,34.51,1883.3
193,甘肃,陇西,104.39,35,1728.2
194,甘肃,岷县,104.01,34.26,2315
195,甘肃,舟曲,104.22,33.47,1400
196,甘肃,宕昌,104.23,34.02,1753.2
197,甘肃,武都,104.55,33.24,1079.1
198,甘肃,文县,104.4,32.57,1014.3
199,甘肃,甘谷,105.2,34.45,1271.9
200,甘肃,秦安,105.39,34.51,1216.1
201,甘肃,武山,104.53,34.44,1495.4
202,甘肃,天水,105.45,34.35,1141.6
203,甘肃,礼县,105.11,34.11,1404.6
204,甘肃,西和,105.18,34.02,1579
205,甘肃,清水,106.09,34.45,1378.2
206,甘肃,张家川,106.12,34.59,1664.5
207,甘肃,麦积,105.52,34.34,1085.2
208,甘肃,成县,105.43,33.45,970
209,甘肃,康县,105.36,33.2,1221.2
210,甘肃,徽县,106.05,33.47,930.8
211,甘肃,两当,106.18,33.55,961.4
212,广东,乐昌,113.21,25.09,102.6
213,广东,仁化,113.46,25.04,98.3
214,广东,南雄,114.15,25.05,134.7
215,广东,连南,112.17,24.44,174.4
216,广东,连州,112.22,24.48,131.5
217,广东,连山,112.09,24.34,300.6
218,广东,阳山,112.38,24.29,70.5
219,广东,乳源,113.17,24.47,98
220,广东,韶关,113.36,24.4,121.3
221,广东,佛冈,113.31,23.53,97.2
222,广东,英德,113.25,24.11,74.5
223,广东,始兴,114.04,24.57,103.2
224,广东,翁源,114.07,24.21,184.1
225,广东,连平,114.29,24.22,214.8
226,广东,新丰,114.12,24.03,198.6
227,广东,和平,114.56,24.27,173.7
228,广东,平远,115.54,24.35,152.6
229,广东,龙川,115.17,24.07,99.2
230,广东,兴宁,115.44,24.09,123.6
231,广东,蕉岭,116.1,24.39,135.7
232,广东,大埔,116.42,24.2,81
233,广东,梅县,116.04,24.17,87.8
234,广东,封开,111.3,23.24,83.6
235,广东,郁南,111.32,23.15,29.2
236,广东,德庆,111.47,23.1,47.2
237,广东,怀集,112.11,23.55,84.8
238,广东,广宁,112.26,23.38,57.3
239,广东,四会,112.39,23.21,40.1
240,广东,高要,112.27,23.02,41
241,广东,三水,112.52,23.11,24.1
242,广东,清远,113.05,23.43,79.2
243,广东,花都,113.14,23.25,38.9
244,广东,从化,113.36,23.34,38.3
245,广东,广州,113.29,23.13,70.7
246,广东,南海,113.01,23.09,29.5
247,广东,东莞,113.44,22.58,56
248,广东,龙门,114.15,23.47,70.3
249,广东,河源,114.44,23.48,70.8
250,广东,增城,113.5,23.2,30.8
251,广东,博罗,114.17,23.11,17
252,广东,惠阳,114.22,23.04,108.5
253,广东,五华,115.45,23.55,135.9
254,广东,紫金,115.11,23.38,176.8
255,广东,揭西,115.51,23.27,80.8
256,广东,丰顺,116.11,23.46,45.3
257,广东,潮州,116.42,23.4,10.8
258,广东,饶平,116.59,23.41,44.7
259,广东,普宁,116.08,23.18,29
260,广东,揭阳,116.24,23.35,43.2
261,广东,汕头,116.41,23.24,2.9
262,广东,惠来,116.18,23.02,14.4
263,广东,潮阳,116.35,23.16,5.9
264,广东,澄海,116.5,23.26,4.1
265,广东,信宜,110.56,22.21,141.4
266,广东,罗定,111.36,22.42,60
267,广东,阳春,111.47,22.1,37.7
268,广东,新兴,112.12,22.42,57.4
269,广东,云浮,112.03,22.56,101.8
270,广东,鹤山,112.58,22.46,19.8
271,广东,开平,112.39,22.24,27.7
272,广东,新会,113.02,22.32,36.3
273,广东,恩平,112.14,22.16,25.1
274,广东,台山,112.47,22.15,32.7
275,广东,顺德,113.15,22.51,21.4
276,广东,番禺,113.19,22.56,12.3
277,广东,中山,113.24,22.3,33.7
278,广东,斗门,113.18,22.14,23.4
279,广东,珠海,113.34,22.17,51.5
280,广东,遂溪,110.15,21.24,29.7
281,广东,高州,110.51,21.56,31.3
282,广东,廉江,110.18,21.38,29.3
283,广东,化州,110.37,21.39,32.2
284,广东,吴川,110.49,21.24,27.3
285,广东,湛江,110.18,21.09,53.3
286,广东,茂名,110.55,21.45,33.3
287,广东,电白,110.59,21.32,31.6
288,广东,雷州,110.04,20.58,33.3
289,广西,资源,110.38,26.02,408.4
290,广西,天峨,107.11,24.58,287.3
291,广西,三江,109.36,25.47,197.3
292,广西,龙胜,110,25.48,268
293,广西,融安,109.24,25.13,121.3
294,广西,融水,109.15,25.05,122.7
295,广西,永福,110,24.59,156.8
296,广西,临桂,110.11,25.14,157.6
297,广西,兴安,110.4,25.37,224
298,广西,灵川,110.19,25.25,167.9
299,广西,桂林,110.18,25.19,164.4
300,广西,全州,111.04,25.56,195.6
301,广西,灌阳,111.09,25.3,263.1
302,广西,隆林,105.2,24.47,672.2
303,广西,西林,105.06,24.3,725.9
304,广西,乐业,106.33,24.47,972.1
305,广西,凌云,106.34,24.21,437.9
306,广西,田林,106.16,24.16,278.2
307,广西,凤山,107.02,24.33,509.4
308,广西,河池,108.02,24.42,260.2
309,广西,东兰,107.23,24.32,248.8
310,广西,巴马,107.15,24.08,254.9
311,广西,环江,108.16,24.49,208.5
312,广西,宜州,108.4,24.29,150.7
313,广西,都安,108.06,23.56,170.8
314,广西,忻城,108.39,24.04,138.5
315,广西,柳城,109.15,24.39,108.3
316,广西,沙塘,109.23,24.28,97.5
317,广西,鹿寨,109.45,24.29,94.7
318,广西,柳州,109.24,24.21,96.8
319,广西,柳江,109.2,24.15,100.9
320,广西,恭城,110.49,24.5,169.6
321,广西,平乐,110.4,24.37,105.8
322,广西,荔浦,110.24,24.3,165.7
323,广西,金秀,110.11,24.08,830.9
324,广西,蒙山,110.31,24.12,145.7
325,广西,昭平,110.48,24.11,105.8
326,广西,贺州,111.3,24.25,148.7
327,广西,那坡,105.5,23.25,794.1
328,广西,百色,106.36,23.54,173.5
329,广西,德保,106.38,23.2,680
330,广西,靖西,106.25,23.08,739.9
331,广西,田东,107.07,23.36,111.2
332,广西,天等,107.08,23.07,437.1
333,广西,平果,107.35,23.19,108.8
334,广西,隆安,107.42,23.1,94.2
335,广西,马山,108.1,23.43,168
336,广西,上林,108.37,23.26,115.5
337,广西,武鸣,108.17,23.1,111.7
338,广西,宾阳,108.48,23.13,122.5
339,广西,象州,109.41,23.58,90.5
340,广西,来宾,109.14,23.45,84.9
341,广西,武宣,109.4,23.36,70
342,广西,平南,110.23,23.33,32.5
343,广西,藤县,110.55,23.22,54.7
344,广西,梧州,111.18,23.29,114.8
345,广西,苍梧,111.14,23.25,42.5
346,广西,凭祥,106.45,22.06,242.5
347,广西,大新,107.12,22.5,255.1
348,广西,上思,108.01,22.11,180
349,广西,南宁,108.13,22.38,121.6
350,广西,南宁城区,108.24,22.48,194.6
351,广西,邕宁,108.29,22.46,74.7
352,广西,横县,109.15,22.42,78.5
353,广西,灵山,109.18,22.25,66.6
354,广西,浦北,109.33,22.16,69.6
355,广西,博白,109.59,22.18,85.9
356,广西,北流,110.21,22.42,98.1
357,广西,容县,110.32,22.5,101.1
358,广西,岑溪,111,22.57,99.4
359,广西,陆川,110.16,22.19,121.6
360,广西,钦州,108.37,21.57,4.8
361,贵州,赫章,104.44,27.08,1535.1
362,贵州,威宁,104.17,26.52,2237.5
363,贵州,普安,104.58,25.47,1649.4
364,贵州,盘县,104.28,25.43,1800
365,贵州,桐梓,106.5,28.08,972
366,贵州,道真,107.36,28.53,685.6
367,贵州,正安,107.27,28.33,679.7
368,贵州,务川,107.53,28.31,660.3
369,贵州,沿河,108.3,28.34,334.6
370,贵州,德江,108.06,28.15,523.1
371,贵州,松桃,109.11,28.09,406.1
372,贵州,毕节,105.17,27.18,1510.6
373,贵州,大方,105.36,27.09,1700
374,贵州,仁怀,106.24,27.48,890.3
375,贵州,金沙,106.14,27.28,942
376,贵州,遵义县,106.5,27.32,974.1
377,贵州,息烽,106.43,27.06,1038.1
378,贵州,开阳,106.58,27.04,1275.6
379,贵州,湄潭,107.28,27.46,792.2
380,贵州,凤冈,107.43,27.59,710.2
381,贵州,瓮安,107.28,27.04,1096.7
382,贵州,余庆,107.53,27.14,622.1
383,贵州,思南,108.15,27.57,416.8
384,贵州,印江,108.24,28.01,456.5
385,贵州,石阡,108.14,27.34,467.5
386,贵州,岑巩,108.49,27.11,404.3
387,贵州,江口,108.51,27.42,369.2
388,贵州,施秉,108.07,27.02,547.3
389,贵州,镇远,108.25,27.03,516.3
390,贵州,玉屏,108.55,27.14,394.8
391,贵州,铜仁,109.11,27.43,282.7
392,贵州,万山,109.12,27.31,884.3
393,贵州,纳雍,105.22,26.46,1457.1
394,贵州,黔西,106.01,27.02,1231.4
395,贵州,织金,105.46,26.41,1319.3
396,贵州,安顺,105.54,26.15,1431.1
397,贵州,六枝,105.28,26.12,1361.9
398,贵州,普定,105.45,26.19,1274.5
399,贵州,镇宁,105.45,26.04,1251
400,贵州,修文,106.36,26.5,1296.7
401,贵州,平坝,106.16,26.25,1298.2
402,贵州,贵阳,106.44,26.35,1223.8
403,贵州,福泉,107.3,26.42,925
404,贵州,黄平,107.54,26.54,835
405,贵州,贵定,107.14,26.35,1001
406,贵州,凯里,107.59,26.36,720.3
407,贵州,都匀,107.32,26.19,969.1
408,贵州,麻江,107.35,26.3,983.8
409,贵州,丹寨,107.48,26.12,963.2
410,贵州,三穗,108.4,26.58,626.9
411,贵州,台江,108.18,26.41,641.3
412,贵州,剑河,108.26,26.43,527.2
413,贵州,雷山,108.04,26.24,839
414,贵州,黎平,109.09,26.14,568.8
415,贵州,天柱,109.12,26.54,401.4
416,贵州,锦屏,109.11,26.41,343
417,贵州,晴隆,105.13,25.5,1552.7
418,贵州,兴仁,105.11,25.26,1378.5
419,贵州,关岭,105.36,25.56,1142
420,贵州,贞丰,105.38,25.24,1063.3
421,贵州,望谟,106.05,25.11,566.8
422,贵州,兴义,104.54,25.05,1299.6
423,贵州,安龙,105.29,25.07,1394.5
424,贵州,册亨,105.49,24.59,584.8
425,贵州,紫云,106.05,25.46,1197.6
426,贵州,白云,106.39,26.4,1323
427,贵州,惠水,106.38,26.08,990.9
428,贵州,龙里,106.59,26.27,1093.7
429,贵州,花溪,106.4,26.25,1149
430,贵州,乌当,106.46,26.38,1104
431,贵州,罗甸,106.46,25.26,440.3
432,贵州,平塘,107.19,25.5,708.7
433,贵州,独山,107.33,25.5,1013.3
434,贵州,三都,107.52,25.59,419
435,贵州,荔波,107.53,25.25,428.7
436,贵州,榕江,108.32,25.58,285.7
437,贵州,从江,108.55,25.45,258.1
438,海南,琼山,110.22,20,9.9
439,海南,海口,110.15,20,63.5
440,海南,临高,109.41,19.54,31.7
441,海南,澄迈,110,19.44,31.4
442,海南,儋州,109.35,19.31,169
443,海南,昌江,109.03,19.16,98.1
444,海南,白沙,109.26,19.14,215.6
445,海南,琼中,109.5,19.02,250.9
446,海南,定安,110.2,19.4,24.2
447,海南,屯昌,110.06,19.22,118.3
448,海南,琼海,110.28,19.14,24
449,海南,文昌,110.45,19.37,21.7
450,海南,五指山,109.31,18.46,328.5
451,海南,保亭,109.42,18.39,68.6
452,河北,康保,114.36,41.51,1422.4
453,河北,尚义,113.59,41.06,1376.5
454,河北,张北,114.42,41.09,1393.3
455,河北,怀安,114.23,40.4,837.7
456,河北,阳原,114.09,40.06,937.6
457,河北,宣化,115.02,40.34,629.3
458,河北,万全,114.44,40.46,755.2
459,河北,蔚县,114.34,39.5,909.5
460,河北,顺平,115.08,38.51,52.2
461,河北,涞源,114.41,39.22,884.4
462,河北,灵寿,114.23,38.18,108.9
463,河北,曲阳,114.41,38.38,104.1
464,河北,行唐,114.33,38.25,96.2
465,河北,晋州,115.04,38.01,42.4
466,河北,阜平,114.11,38.51,281.9
467,河北,正定,114.34,38.09,71
468,河北,唐县,114.59,38.44,66.5
469,河北,井陉,114.08,38.02,255.5
470,河北,平山,114.13,38.16,131
471,河北,新乐,114.41,38.21,70.8
472,河北,定州,115.01,38.33,54.8
473,河北,藁城,114.5,38.02,53.5
474,河北,无极,114.57,38.11,45.4
475,河北,临漳,114.37,36.2,64.6
476,河北,沙河,114.28,36.52,67.9
477,河北,赵县,114.47,37.45,38.5
478,河北,柏乡,114.4,37.31,35
479,河北,栾城,114.38,37.53,52.9
480,河北,高邑,114.36,37.38,48.9
481,河北,元氏,114.31,37.46,66.4
482,河北,临城,114.29,37.27,113
483,河北,隆尧,114.45,37.21,33.1
484,河北,赞皇,114.22,37.39,137.4
485,河北,宁晋,114.53,37.37,30.6
486,河北,内邱,114.31,37.17,73.9
487,河北,邢台,114.3,37.04,77.3
488,河北,巨鹿,114.59,37.14,25.9
489,河北,任县,114.42,37.08,36.5
490,河北,涉县,113.4,36.34,470.4
491,河北,武安,114.06,36.4,280.1
492,河北,南和,114.41,37.01,43
493,河北,邯郸,114.28,36.37,66.6
494,河北,曲周,114.57,36.46,39.6
495,河北,峰峰,114.12,36.24,149.3
496,河北,永年,114.3,36.47,60.6
497,河北,魏县,114.57,36.21,50.1
498,河北,磁县,114.23,36.23,69.7
499,河北,广平,114.58,36.29,48.5
500,河北,肥乡,114.48,36.33,50.2
501,河北,成安,114.39,36.27,57.9
502,河北,沽源,115.4,41.4,1412
503,河北,崇礼,115.16,40.57,1248
504,河北,丰宁,116.38,41.12,735.1
505,河北,围场,117.46,41.58,892.7
506,河北,隆化,117.44,41.19,561.6
507,河北,平泉,118.4,41,502.3
508,河北,张家口,114.55,40.46,772.8
509,河北,赤城,115.5,40.53,867.6
510,河北,怀来,115.3,40.25,570.9
511,河北,涿鹿,115.13,40.23,529.6
512,河北,滦平,117.2,40.56,529
513,河北,承德,117.55,40.58,422.3
514,河北,兴隆,117.28,40.24,633.2
515,河北,遵化,117.57,40.12,54.9
516,河北,承德县,118.09,40.46,269.2
517,河北,宽城,118.29,40.36,304.7
518,河北,迁西,118.2,40.1,131.6
519,河北,青龙,118.57,40.25,254.3
520,河北,滦南,118.37,39.3,17.9
521,河北,卢龙,118.53,39.53,65
522,河北,迁安,118.43,40.01,50.9
523,河北,涿州,116.02,39.29,29.3
524,河北,容城,115.49,39.04,12.8
525,河北,高碑店,115.57,39.19,24.6
526,河北,易县,115.31,39.2,49.3
527,河北,大厂,116.57,39.55,16.9
528,河北,固安,116.17,39.25,21.4
529,河北,廊坊,116.42,39.3,13.7
530,河北,霸州,116.24,39.1,8.9
531,河北,永清,116.29,39.18,12.2
532,河北,三河,117.05,39.58,18.1
533,河北,香河,116.59,39.46,13
534,河北,玉田,117.44,39.53,14.4
535,河北,滦县,118.43,39.44,43
536,河北,丰润,118.05,39.48,33.3
537,河北,丰南,118.06,39.35,8.9
538,河北,唐山,118.06,39.39,23.2
539,河北,唐海,118.28,39.17,3.2
540,河北,乐亭,118.53,39.26,10.5
541,河北,昌黎,119.12,39.44,17.6
542,河北,抚宁,119.14,39.54,24.3
543,河北,徐水,115.39,38.59,13.1
544,河北,保定,115.29,38.44,16.8
545,河北,高阳,115.46,38.43,10
546,河北,安国,115.2,38.25,29.6
547,河北,安新,115.56,38.56,4.4
548,河北,饶阳,115.44,38.14,19
549,河北,望都,115.07,38.43,45
550,河北,深州,115.33,38,26.1
551,河北,安平,115.35,38.14,25.5
552,河北,任丘,116.06,38.44,8.1
553,河北,满城,115.19,38.56,44.8
554,河北,文安,116.27,38.51,6.4
555,河北,大城,116.37,38.42,6.9
556,河北,河间,116.03,38.25,10.9
557,河北,青县,116.51,38.35,8
558,河北,沧州,116.51,38.21,8
559,河北,献县,116.07,38.11,13.2
560,河北,泊头,116.33,38.05,13.2
561,河北,蠡县,115.34,38.29,18.5
562,河北,深泽,115.11,38.11,38.1
563,河北,黄骅,117.19,38.24,6.6
564,河北,肃宁,115.49,38.25,13.9
565,河北,盐山,117.14,38.02,8.2
566,河北,海兴,117.29,38.09,6.4
567,河北,广宗,115.09,37.04,32.4
568,河北,平乡,115.02,37.04,34
569,河北,新河,115.14,37.31,26.3
570,河北,雄县,116.06,39.01,11.1
571,河北,鸡泽,114.52,36.55,36
572,河北,孟村,117.07,38.03,10.5
573,河北,武强,115.56,38.02,16.2
574,河北,辛集,115.12,37.56,35.9
575,河北,衡水,115.42,37.44,20.7
576,河北,武邑,115.53,37.48,21.3
577,河北,冀州,115.34,37.31,24.8
578,河北,南宫,115.23,37.22,27.4
579,河北,清河,115.4,37.05,31.5
580,河北,故城,115.59,37.21,27.4
581,河北,枣强,115.44,37.3,23.6
582,河北,阜城,116.1,37.52,18.6
583,河北,景县,116.17,37.42,18.3
584,河北,东光,116.32,37.53,14.4
585,河北,吴桥,116.24,37.38,17.1
586,河北,南皮,116.41,38.02,11.1
587,河北,威县,115.15,37,33.3
588,河北,临西,115.29,36.51,35.3
589,河北,大名,115.08,36.18,44.9
590,河北,馆陶,115.17,36.33,41.3
591,河北,邱县,115.1,36.49,36.7
592,河南,林州,113.49,36.04,306.8
593,河南,安阳,114.08,36.03,62.9
594,河南,沁阳,112.54,35.03,119.6
595,河南,淇县,114.14,35.37,72.3
596,河南,济源,112.38,35.05,140.1
597,河南,博爱,113.05,35.09,120
598,河南,焦作,113.16,35.14,112
599,河南,封丘,114.25,35.02,69.6
600,河南,修武,113.28,35.14,82.7
601,河南,辉县,113.49,35.3,140.7
602,河南,新乡,113.53,35.19,73.2
603,河南,武陟,113.21,35.06,91
604,河南,获嘉,113.4,35.16,77.6
605,河南,原阳,113.59,35.05,76.6
606,河南,汤阴,114.2,35.55,93
607,河南,浚县,114.31,35.39,58.2
608,河南,内黄,114.55,35.56,51.6
609,河南,卫辉,114.04,35.23,70
610,河南,滑县,114.3,35.33,62.5
611,河南,延津,114.11,35.09,71.1
612,河南,长垣,114.39,35.12,61.6
613,河南,台前,115.52,35.59,42.1
614,河南,濮阳,115.01,35.42,53.7
615,河南,南乐,115.1,36.05,47.5
616,河南,清丰,115.07,35.54,49.5
617,河南,范县,115.29,35.51,45.7
618,河南,三门峡,111.12,34.48,409.9
619,河南,灵宝,110.51,34.32,390.4
620,河南,渑池,111.46,34.46,523.6
621,河南,洛宁,111.4,34.24,328.3
622,河南,新安,112.07,34.44,364
623,河南,孟津,112.26,34.49,333.3
624,河南,孟州,112.45,34.55,127.5
625,河南,伊川,112.24,34.25,252.2
626,河南,汝州,112.52,34.1,203.1
627,河南,偃师,112.47,34.44,189.5
628,河南,汝阳,112.28,34.09,336.5
629,河南,温县,113.02,34.57,106.4
630,河南,巩义,112.58,34.44,165.2
631,河南,荥阳,113.26,34.48,140.9
632,河南,登封,113.01,34.28,427.1
633,河南,郑州,113.39,34.43,110.4
634,河南,嵩山,113.03,34.3,1178.4
635,河南,新密,113.2,34.32,259.9
636,河南,新郑,113.43,34.23,116.6
637,河南,长葛,113.44,34.16,87.7
638,河南,禹州,113.3,34.09,116.1
639,河南,许昌,113.56,34.04,66.8
640,河南,中牟,113.58,34.43,78.1
641,河南,开封,114.18,34.47,73.7
642,河南,兰考,114.49,34.51,73.3
643,河南,尉氏,114.13,34.24,67.4
644,河南,鄢陵,114.09,34.07,61.1
645,河南,杞县,114.47,34.32,59.7
646,河南,扶沟,114.24,34.05,58.3
647,河南,太康,114.51,34.04,52.6
648,河南,西峡,111.3,33.18,250.3
649,河南,嵩县,112.04,34.08,325.8
650,河南,内乡,111.52,33.03,159.1
651,河南,鲁山,112.53,33.45,145.7
652,河南,镇平,112.14,33.03,191.4
653,河南,南召,112.25,33.29,231.1
654,河南,舞钢,113.32,33.2,89.8
655,河南,南阳,112.29,33.06,129.2
656,河南,方城,113,33.17,160.4
657,河南,郏县,113.12,33.59,117.5
658,河南,宝丰,113.03,33.53,136.4
659,河南,襄城,113.31,33.51,80.5
660,河南,临颍,113.55,33.48,60
661,河南,叶县,113.18,33.38,83.4
662,河南,舞阳,113.35,33.27,91.1
663,河南,漯河,114.03,33.36,58.7
664,河南,社旗,112.56,33.04,118
665,河南,西平,114.02,33.22,55.9
666,河南,遂平,113.57,33.08,64.6
667,河南,黄泛区农试站,114.24,33.45,50.5
668,河南,通许,114.29,34.29,63.4
669,河南,淮阳,114.51,33.44,45.5
670,河南,西华,114.31,33.47,52.6
671,河南,上蔡,114.16,33.17,59.8
672,河南,川汇区,114.37,33.37,46.6
673,河南,项城,114.52,33.28,42
674,河南,汝南,114.21,32.58,48.9
675,河南,商水,114.34,33.3,46.3
676,河南,淅川,111.31,33.07,233
677,河南,新野,112.23,32.31,87.9
678,河南,唐河,112.51,32.41,109.5
679,河南,邓州,112.07,32.42,107.6
680,河南,泌阳,113.18,32.42,142.2
681,河南,桐柏,113.25,32.23,153
682,河南,驻马店,113.55,32.56,82.7
683,河南,平舆,114.38,32.58,44.4
684,河南,新蔡,114.59,32.44,38
685,河南,确山,114.01,32.5,83.6
686,河南,正阳,114.21,32.37,78.5
687,河南,息县,114.44,32.21,48.9
688,河南,信阳,114.03,32.08,114.5
689,河南,罗山,114.33,32.13,55.4
690,河南,光山,114.54,32.01,49.4
691,河南,鸡公山,114.04,31.48,733.5
692,河南,新县,114.51,31.38,128.7
693,河南,睢县,115.06,34.26,56.3
694,河南,民权,115.09,34.39,60.6
695,河南,商丘,115.4,34.27,50.1
696,河南,虞城,115.53,34.23,46.3
697,河南,柘城,115.18,34.04,47.2
698,河南,宁陵,115.2,34.28,54.4
699,河南,夏邑,116.08,34.15,41
700,河南,郸城,115.1,33.39,41.4
701,河南,鹿邑,115.29,33.52,41.3
702,河南,沈丘,115.04,33.24,41.2
703,河南,永城,116.27,33.58,32.5
704,河南,淮滨,115.26,32.28,34.9
705,河南,潢川,115.03,32.1,42.8
706,河南,固始,115.37,32.1,42.9
707,河南,商城,115.23,31.49,92.1
708,黑龙江,漠河,122.31,52.58,433
709,黑龙江,北极村,122.22,53.28,296
710,黑龙江,塔河,124.43,52.21,361.9
711,黑龙江,呼中,123.34,52.02,514.5
712,黑龙江,新林,124.24,51.4,501.5
713,黑龙江,呼玛,126.38,51.44,177.4
714,黑龙江,加格达奇,124.07,50.24,371.7
715,黑龙江,爱辉,127.27,50.15,166.4
716,黑龙江,嫩江,125.14,49.1,242.2
717,黑龙江,孙吴,127.21,49.26,234.5
718,黑龙江,逊克,128.28,49.33,116
719,黑龙江,讷河,124.51,48.29,202.8
720,黑龙江,五大连池,126.11,48.3,266.8
721,黑龙江,北安,126.3,48.15,277.1
722,黑龙江,克山,125.53,48.03,236
723,黑龙江,克东,126.15,48.02,291.8
724,黑龙江,嘉荫,130.24,48.53,90.4
725,黑龙江,乌伊岭,129.26,48.34,404.5
726,黑龙江,龙江,123.11,47.2,190
727,黑龙江,甘南,123.3,47.56,185.2
728,黑龙江,富裕,124.29,47.48,162.7
729,黑龙江,齐齐哈尔,123.55,47.23,147.1
730,黑龙江,林甸,124.5,47.11,154.6
731,黑龙江,依安,125.18,47.54,226.4
732,黑龙江,拜泉,126.06,47.36,230.7
733,黑龙江,海伦,126.58,47.27,239.2
734,黑龙江,明水,125.54,47.11,246
735,黑龙江,绥棱,127.06,47.14,202.7
736,黑龙江,五营,129.14,48.06,288
737,黑龙江,伊春,128.5,47.42,240.9
738,黑龙江,鹤岗,130.12,47.2,227.9
739,黑龙江,萝北,130.5,47.34,83.3
740,黑龙江,同江,132.32,47.4,57.5
741,黑龙江,抚远,134.17,48.22,40
742,黑龙江,绥滨,131.5,47.19,61.8
743,黑龙江,富锦,131.59,47.14,66.4
744,黑龙江,杜蒙,124.25,46.5,145.4
745,黑龙江,泰来,123.27,46.24,138.8
746,黑龙江,大庆,125.08,46.34,147.2
747,黑龙江,青冈,126.05,46.41,207.4
748,黑龙江,望奎,126.27,46.5,169.1
749,黑龙江,北林,126.58,46.37,179.6
750,黑龙江,安达,125.19,46.23,149.3
751,黑龙江,肇东,125.56,46.04,135
752,黑龙江,兰西,126.17,46.17,159.1
753,黑龙江,庆安,127.29,46.53,184.8
754,黑龙江,铁力,127.59,46.59,206
755,黑龙江,巴彦,127.21,46.05,134.1
756,黑龙江,汤原,129.53,46.44,95.1
757,黑龙江,佳木斯,130.18,46.47,82
758,黑龙江,依兰,129.35,46.18,100.1
759,黑龙江,桦川,130.43,47,78.2
760,黑龙江,桦南,130.33,46.13,187
761,黑龙江,集贤,131.07,46.44,102.3
762,黑龙江,双鸭山,131.09,46.38,175.3
763,黑龙江,宝清,132.11,46.19,83
764,黑龙江,饶河,134,46.48,54.4
765,黑龙江,肇州,125.15,45.42,148.7
766,黑龙江,哈尔滨,126.34,45.56,142.3
767,黑龙江,肇源,125.05,45.3,127.5
768,黑龙江,呼兰,126.46,46.05,118.3
769,黑龙江,阿城,126.56,45.32,174.3
770,黑龙江,宾县,127.23,45.44,192.2
771,黑龙江,木兰,128.02,45.57,112.1
772,黑龙江,通河,128.44,45.58,108.6
773,黑龙江,方正,128.48,45.5,119.3
774,黑龙江,延寿,128.16,45.26,155.3
775,黑龙江,尚志,127.58,45.13,189.7
776,黑龙江,七台河,131.01,45.46,223.5
777,黑龙江,勃利,130.36,45.45,234.4
778,黑龙江,鸡西,130.55,45.18,280.8
779,黑龙江,林口,130.14,45.16,274.7
780,黑龙江,虎林,132.58,45.46,100.2
781,黑龙江,密山,131.52,45.33,151.7
782,黑龙江,鸡东,131.06,45.16,219.9
783,黑龙江,五常,127.09,44.54,194.6
784,黑龙江,海林,129.24,44.36,292.1
785,黑龙江,穆棱,130.33,44.56,266.3
786,黑龙江,牡丹江,129.4,44.3,241.4
787,黑龙江,绥芬河,131.1,44.23,567.8
788,黑龙江,宁安,129.28,44.2,267.9
789,黑龙江,东宁,131.08,44.05,148.6
790,湖北,竹溪,109.41,32.19,448.2
791,湖北,郧西,110.25,33,249.1
792,湖北,郧县,110.49,32.51,201.9
793,湖北,十堰,110.47,32.39,286.5
794,湖北,竹山,110.14,32.14,307
795,湖北,房县,110.45,32.03,426.9
796,湖北,丹江口,111.31,32.34,133.4
797,湖北,老河口,111.44,32.26,90
798,湖北,谷城,111.37,32.16,120
799,湖北,襄樊,112.05,32,68.6
800,湖北,枣阳,112.45,32.09,125.5
801,湖北,巴东,110.22,31.02,334
802,湖北,兴山,110.44,31.21,336.8
803,湖北,保康,111.16,31.53,327.7
804,湖北,神农架,110.4,31.45,935.2
805,湖北,南漳,111.5,31.48,151
806,湖北,宜城,112.13,31.44,67.8
807,湖北,荆门,112.13,31,191.9
808,湖北,钟祥,112.34,31.1,65.8
809,湖北,随州,113.2,31.37,116.3
810,湖北,孝昌,114,31.15,51.6
811,湖北,京山,113.08,31,84.6
812,湖北,安陆,113.42,31.16,53.7
813,湖北,云梦,113.45,31.02,32.2
814,湖北,大悟,114.07,31.34,74.9
815,湖北,红安,114.37,31.17,74.3
816,湖北,麻城,114.57,31.08,59.3
817,湖北,利川,108.56,30.17,1074.1
818,湖北,建始,109.43,30.36,609.2
819,湖北,恩施,109.28,30.17,457.1
820,湖北,夷陵区,111.19,30.46,115.2
821,湖北,五峰,110.4,30.12,619.9
822,湖北,宜昌,111.22,30.44,133.1
823,湖北,长阳,111.11,30.28,142.6
824,湖北,宜都,111.27,30.23,74.1
825,湖北,松滋,111.46,30.11,69.5
826,湖北,潜江,112.54,30.24,31.2
827,湖北,荆州,112.09,30.21,31.8
828,湖北,公安,112.13,30.04,38.4
829,湖北,应城,113.34,30.57,30.4
830,湖北,孝感,113.57,30.54,25.5
831,湖北,天门,113.08,30.4,31.9
832,湖北,仙桃,113.29,30.18,23.7
833,湖北,汉川,113.51,30.39,25
834,湖北,蔡甸,114,30.35,38.4
835,湖北,新洲,114.5,30.5,26.4
836,湖北,武汉,114.03,30.36,23.6
837,湖北,团风,114.53,30.4,28.1
838,湖北,鄂州,114.52,30.22,31.3
839,湖北,黄冈,114.54,30.26,21.4
840,湖北,大冶,114.53,30.04,40.3
841,湖北,咸丰,109.09,29.41,776.9
842,湖北,宣恩,109.29,30,532.5
843,湖北,鹤峰,110.02,29.54,539.8
844,湖北,来凤,109.25,29.32,502.8
845,湖北,石首,112.24,29.42,35.7
846,湖北,监利,112.54,29.5,30
847,湖北,洪湖,113.27,29.49,27.4
848,湖北,赤壁,113.53,29.43,46.9
849,湖北,嘉鱼,113.58,29.55,61.7
850,湖北,崇阳,114.02,29.32,78.5
851,湖北,通城,113.53,29.16,102.6
852,湖北,咸宁,114.22,29.51,98.8
853,湖北,金沙,114.12,29.38,751.4
854,湖北,罗田,115.24,30.45,123.1
855,湖北,英山,115.4,30.44,123.8
856,湖北,浠水,115.13,30.28,61.8
857,湖北,蕲春,115.26,30.14,35.1
858,湖北,黄梅,115.56,30.06,32
859,湖北,阳新,115.12,29.51,45.8
860,湖北,武穴,115.38,29.55,23.5
861,湖南,龙山,109.27,29.28,488.7
862,湖南,桑植,110.1,29.24,322.2
863,湖南,张家界,110.28,29.08,183.5
864,湖南,石门,111.22,29.35,116.9
865,湖南,慈利,111.08,29.26,103
866,湖南,澧县,111.44,29.4,38.1
867,湖南,临澧,111.39,29.27,51.5
868,湖南,南县,112.24,29.22,36
869,湖南,华容,112.34,29.31,31
870,湖南,安乡,112.1,29.24,36.9
871,湖南,岳阳,113.05,29.23,53
872,湖南,临湘,113.27,29.29,60.4
873,湖南,花垣,109.27,28.35,341
874,湖南,保靖,109.38,28.42,325.3
875,湖南,永顺,109.5,29,268.2
876,湖南,古丈,109.57,28.37,302.1
877,湖南,吉首,109.41,28.14,208.4
878,湖南,沅陵,110.24,28.28,151.6
879,湖南,泸溪,110.12,28.13,186
880,湖南,辰溪,110.12,28.01,152.8
881,湖南,桃源,111.29,28.55,48.7
882,湖南,常德,111.41,29.07,150.6
883,湖南,汉寿,111.57,28.55,31.9
884,湖南,桃江,112.08,28.31,52.1
885,湖南,安化,111.13,28.23,128.3
886,湖南,沅江,112.22,28.51,37
887,湖南,湘阴,112.53,28.41,53.2
888,湖南,赫山,112.23,28.34,46.3
889,湖南,宁乡,112.33,28.15,74.7
890,湖南,马坡岭,112.47,28.07,44.9
891,湖南,汨罗,113.04,28.48,46.7
892,湖南,平江,113.34,28.43,106.3
893,湖南,长沙,112.55,28.13,68
894,湖南,浏阳,113.38,28.09,101.1
895,湖南,凤凰,109.36,27.57,349.6
896,湖南,麻阳,109.48,27.53,176.6
897,湖南,新晃,109.1,27.22,355.5
898,湖南,芷江,109.41,27.27,272.2
899,湖南,溆浦,110.36,27.55,204
900,湖南,洪江,110.09,27.21,170.9
901,湖南,冷水江,111.26,27.42,249.2
902,湖南,新化,111.18,27.45,211.9
903,湖南,涟源,111.42,27.41,165
904,湖南,娄底,112,27.41,205.8
905,湖南,韶山,112.32,27.56,88.3
906,湖南,湘乡,112.3,27.45,86.9
907,湖南,湘潭,112.49,27.52,63.8
908,湖南,双峰,112.1,27.27,100
909,湖南,南岳,112.42,27.18,1265.9
910,湖南,衡山,112.52,27.14,63.3
911,湖南,衡东,112.57,27.06,70.3
912,湖南,攸县,113.21,27,102.5
913,湖南,株洲,113.1,27.52,74.6
914,湖南,醴陵,113.3,27.39,74.4
915,湖南,通道,109.47,26.1,397.5
916,湖南,冷水滩,111.35,26.28,166.1
917,湖南,永州,111.37,26.14,172.6
918,湖南,东安,111.17,26.24,169
919,湖南,祁阳,111.52,26.36,113.2
920,湖南,祁东,112.06,26.48,151.6
921,湖南,衡阳县,112.22,26.59,90.8
922,湖南,衡阳,112.36,26.54,104.9
923,湖南,常宁,112.24,26.25,116.6
924,湖南,衡南,112.41,26.45,137
925,湖南,耒阳,112.5,26.26,135
926,湖南,安仁,113.15,26.43,101.8
927,湖南,茶陵,113.33,26.47,136.2
928,湖南,炎陵,113.48,26.29,268.8
929,湖南,永兴,113.07,26.07,123.9
930,湖南,桂东,113.57,26.05,835.9
931,湖南,双牌,111.39,25.58,167.8
932,湖南,道县,111.36,25.32,192.2
933,湖南,宁远,111.58,25.36,244.2
934,湖南,江永,111.2,25.16,227.2
935,湖南,新田,112.12,25.55,224.2
936,湖南,郴州,113.02,25.48,184.9
937,湖南,桂阳,112.43,25.45,329.1
938,湖南,嘉禾,112.22,25.35,214.5
939,湖南,蓝山,112.12,25.23,277
940,湖南,宜章,112.57,25.25,222.8
941,湖南,临武,112.33,25.17,292
942,湖南,资兴,113.13,25.59,139.3
943,湖南,汝城,113.41,25.34,609.8
944,湖南,江华,111.27,25.11,265.7
945,吉林,白城,122.5,45.38,155.3
946,吉林,洮南,122.49,45.2,150.8
947,吉林,镇赉,123.1,45.51,141.1
948,吉林,大安,124.16,45.3,137.6
949,吉林,松原,124.5,45.11,139.8
950,吉林,乾安,124.01,45,146.3
951,吉林,前郭,124.52,45.05,136.2
952,吉林,通榆,123.04,44.48,150
953,吉林,长岭,123.58,44.15,188.9
954,吉林,扶余,126,44.58,196.8
955,吉林,农安,125.09,44.23,170.2
956,吉林,德惠,125.39,44.32,169.1
957,吉林,九台,125.48,44.1,174.5
958,吉林,榆树,126.31,44.51,196.5
959,吉林,舒兰,126.56,44.23,268.1
960,吉林,双辽,123.32,43.3,114.9
961,吉林,梨树,124.18,43.21,160.2
962,吉林,孤家子,124.14,43.4,144.2
963,吉林,四平,124.2,43.1,165.7
964,吉林,长春,125.13,43.54,236.8
965,吉林,伊通,125.17,43.21,248.1
966,吉林,双阳,125.38,43.33,219.5
967,吉林,烟筒山,126.01,43.18,271.6
968,吉林,永吉,126.31,43.42,229.5
969,吉林,吉林城郊,126.32,43.52,198.8
970,吉林,蛟河,127.2,43.42,295
971,吉林,敦化,128.12,43.22,524.9
972,吉林,安图,128.55,43.07,366.6
973,吉林,罗子沟,130.16,43.42,384.6
974,吉林,汪清,129.47,43.18,244.8
975,吉林,辽源,125.05,42.55,252.9
976,吉林,东丰,125.28,42.4,345.3
977,吉林,磐石,126.03,42.58,336.7
978,吉林,梅河口,125.38,42.32,340.5
979,吉林,柳河,125.44,42.15,362.3
980,吉林,桦甸,126.45,42.59,263.3
981,吉林,辉南,125.59,42.41,299.3
982,吉林,靖宇,126.48,42.24,570
983,吉林,江源,126.35,42.03,544.4
984,吉林,东岗,127.3,42.09,774.2
985,吉林,二道,128.07,42.25,721.4
986,吉林,和龙,129,42.32,475.6
987,吉林,龙井,129.24,42.46,241.1
988,吉林,珲春,130.17,42.54,36.5
989,吉林,延吉,129.3,42.52,257.3
990,吉林,图们,129.5,42.57,142.8
991,吉林,通化县,125.44,41.4,380.1
992,吉林,通化,125.54,41.41,402.9
993,吉林,白山,126.26,41.56,520.6
994,吉林,临江,126.53,41.48,379.7
995,吉林,集安,126.13,41.09,225.1
996,吉林,长白,128.11,41.25,775
997,江苏,丰县,116.35,34.41,40.1
998,江苏,沛县,116.54,34.45,36.5
999,江苏,邳州,118.01,34.24,25.5
1000,江苏,徐州,117.09,34.17,41.2
1001,江苏,新沂,118.21,34.2,29.3
1002,江苏,东海,118.43,34.33,34.7
1003,江苏,沭阳,118.47,34.05,10.4
1004,江苏,赣榆,119.08,34.51,5.3
1005,江苏,西连岛,119.26,34.47,26.9
1006,江苏,连云港,119.14,34.32,4.7
1007,江苏,响水,119.36,34.12,4.8
1008,江苏,灌云,119.14,34.15,4.8
1009,江苏,灌南,119.21,34.07,4.2
1010,江苏,滨海,119.48,34.01,4.1
1011,江苏,睢宁,117.57,33.56,23.8
1012,江苏,宿豫,118.13,33.58,27.8
1013,江苏,泗阳,118.41,33.43,14.5
1014,江苏,泗洪,118.13,33.29,16.9
1015,江苏,盱眙,118.31,32.59,40.8
1016,江苏,洪泽,118.55,33.18,10.6
1017,江苏,涟水,119.18,33.46,9.1
1018,江苏,淮安,118.56,33.38,14.4
1019,江苏,阜宁,119.51,33.48,4.8
1020,江苏,楚州,119.09,33.3,7.4
1021,江苏,建湖,119.46,33.28,3
1022,江苏,金湖,118.58,32.59,24.2
1023,江苏,宝应,119.18,33.14,4.3
1024,江苏,射阳,120.18,33.45,2
1025,江苏,盐城郊区,120.12,33.26,2.5
1026,江苏,大丰,120.29,33.12,3.1
1027,江苏,六合,118.51,32.22,10.4
1028,江苏,浦口,118.35,32.04,8.9
1029,江苏,南京,118.54,31.56,35.2
1030,江苏,高邮,119.27,32.48,5.4
1031,江苏,仪征,119.1,32.18,10.5
1032,江苏,兴化,119.49,32.57,3
1033,江苏,江都,119.35,32.27,5.2
1034,江苏,扬州,119.25,32.25,9.9
1035,江苏,泰州,120,32.33,5
1036,江苏,扬中,119.48,32.16,5.4
1037,江苏,泰兴,120,32.1,4.4
1038,江苏,姜堰,120.09,32.31,6.2
1039,江苏,东台,120.17,32.51,3.3
1040,江苏,丹徒,119.28,32.11,27.3
1041,江苏,海安,120.27,32.31,5.4
1042,江苏,如皋,120.34,32.22,6.4
1043,江苏,靖江,120.15,31.59,4.3
1044,江苏,如东,121.11,32.2,3.4
1045,江苏,吕泗,121.36,32.04,3.6
1046,江苏,通州,121.05,32.06,4.4
1047,江苏,启东,121.39,31.47,3.3
1048,江苏,高淳,118.54,31.2,15.2
1049,江苏,溧水,119.02,31.39,25.5
1050,江苏,丹阳,119.36,31.59,6.6
1051,江苏,金坛,119.33,31.43,6.9
1052,江苏,句容,119.12,31.58,36
1053,江苏,溧阳,119.29,31.26,5.9
1054,江苏,宜兴,119.49,31.2,16.4
1055,江苏,吴中,120.34,31.25,2.3
1056,江苏,江阴,120.18,31.54,4.2
1057,江苏,常熟,120.46,31.39,4.5
1058,江苏,张家港,120.34,31.52,8.7
1059,江苏,无锡,120.21,31.37,3.2
1060,江苏,昆山,121,31.24,3.2
1061,江苏,东山,120.26,31.04,16.7
1062,江苏,吴江,120.37,31.08,4.7
1063,江苏,海门,121.12,31.55,3.3
1064,江苏,太仓,121.06,31.31,2.4
1065,江西,修水,114.35,29.02,146.8
1066,江西,铜鼓,114.23,28.32,259.8
1067,江西,宜丰,114.47,28.24,91.7
1068,江西,万载,114.27,28.07,98.4
1069,江西,上高,114.55,28.14,66.6
1070,江西,萍乡,113.51,27.38,117.5
1071,江西,莲花,113.57,27.08,194.5
1072,江西,分宜,114.41,27.49,93.7
1073,江西,宜春,114.23,27.48,131.3
1074,江西,新余,114.53,27.5,82
1075,江西,安福,114.36,27.24,85.9
1076,江西,吉安县,114.55,27.03,71.2
1077,江西,夏坪,114.17,26.45,253
1078,江西,永新,114.15,26.56,153
1079,江西,井冈山,114.1,26.35,843
1080,江西,万安,114.47,26.28,101.6
1081,江西,遂川,114.3,26.2,126.1
1082,江西,泰和,114.55,26.48,71.4
1083,江西,崇义,114.18,25.42,246.9
1084,江西,上犹,114.33,25.48,140.2
1085,江西,南康,114.45,25.4,127
1086,江西,赣县,115,25.52,137.5
1087,江西,大余,114.21,25.24,215.6
1088,江西,信丰,114.56,25.24,164.2
1089,江西,九江,116,29.44,36.1
1090,江西,瑞昌,115.4,29.42,41.2
1091,江西,庐山,115.59,29.35,1164.5
1092,江西,武宁,115.07,29.15,116
1093,江西,德安,115.46,29.2,41.3
1094,江西,永修,115.49,29.03,36.6
1095,江西,湖口,116.14,29.44,40.1
1096,江西,彭泽,116.33,29.54,71.3
1097,江西,星子,116.03,29.27,37.1
1098,江西,都昌,116.12,29.16,35.5
1099,江西,波阳,116.41,29,40.1
1100,江西,景德镇,117.12,29.18,61.5
1101,江西,婺源,117.51,29.16,80.9
1102,江西,靖安,115.22,28.52,78.9
1103,江西,奉新,115.23,28.42,53.7
1104,江西,安义,115.33,28.51,38.8
1105,江西,高安,115.23,28.25,46.8
1106,江西,南昌,115.55,28.36,46.9
1107,江西,南昌县,115.57,28.33,31.9
1108,江西,樟树,115.33,28.04,30.4
1109,江西,丰城,115.49,28.13,27
1110,江西,余干,116.41,28.42,21.1
1111,江西,进贤,116.16,28.23,34.2
1112,江西,万年,117.05,28.41,56
1113,江西,余江,116.49,28.12,40.9
1114,江西,东乡,116.36,28.16,50.6
1115,江西,临川,116.22,28,49.3
1116,江西,乐平,117.06,29.01,34.5
1117,江西,德兴,117.35,28.57,88.5
1118,江西,上饶县,117.55,28.28,90.6
1119,江西,弋阳,117.26,28.24,70
1120,江西,横峰,117.36,28.25,79
1121,江西,贵溪,117.15,28.19,60.8
1122,江西,鹰潭,117.02,28.15,55.8
1123,江西,铅山,117.42,28.17,55.1
1124,江西,玉山,118.15,28.41,116.3
1125,江西,广丰,118.12,28.26,95.3
1126,江西,上饶,117.59,28.27,118.2
1127,江西,新建,115.5,28.42,40
1128,江西,新干,115.24,27.46,46.5
1129,江西,峡江,115.21,27.37,52.8
1130,江西,永丰,115.25,27.2,85.7
1131,江西,乐安,115.5,27.26,181.8
1132,江西,吉水,115.08,27.13,66.2
1133,江西,崇仁,116.03,27.46,78.6
1134,江西,金溪,116.47,27.55,130.2
1135,江西,资溪,117.04,27.43,225.1
1136,江西,宜黄,116.14,27.33,120.4
1137,江西,南城,116.39,27.35,80.8
1138,江西,南丰,116.32,27.13,111.5
1139,江西,黎川,116.56,27.18,131.1
1140,江西,兴国,115.21,26.21,151
1141,江西,宁都,116.01,26.29,209.1
1142,江西,广昌,116.2,26.51,143.8
1143,江西,石城,116.21,26.21,247.4
1144,江西,瑞金,116.02,25.54,208
1145,江西,于都,115.25,25.58,133.2
1146,江西,会昌,115.48,25.36,167.4
1147,江西,安远,115.24,25.09,305
1148,江西,全南,114.31,24.45,252
1149,江西,龙南,114.49,24.55,206.3
1150,江西,定南,115.02,24.47,253
1151,江西,寻乌,115.39,24.57,303.9
1152,辽宁,彰武,122.33,42.23,79.4
1153,辽宁,昌图,124.07,42.47,165.1
1154,辽宁,康平,123.2,42.45,118.6
1155,辽宁,法库,123.24,42.3,97.8
1156,辽宁,新城子,123.32,42.02,61.6
1157,辽宁,铁岭,123.52,42.18,85.4
1158,辽宁,西丰,124.45,42.44,196.1
1159,辽宁,开原,124.03,42.32,98.2
1160,辽宁,清原,124.52,42.04,237.2
1161,辽宁,建平镇,119.38,41.52,661.8
1162,辽宁,北票,120.47,41.49,253.8
1163,辽宁,朝阳,120.26,41.33,174.3
1164,辽宁,羊山,120.21,41.11,183.8
1165,辽宁,建平县,119.37,41.25,422
1166,辽宁,凌源,119.21,41.14,417.1
1167,辽宁,喀左,119.43,41.05,296.8
1168,辽宁,辽中,122.43,41.31,12.2
1169,辽宁,新民,122.51,41.58,30.9
1170,辽宁,台安,122.25,41.25,8.3
1171,辽宁,盘山,121.57,41.17,3.2
1172,辽宁,鞍山,123,41.05,77.3
1173,辽宁,苏家屯,123.19,41.4,35.8
1174,辽宁,沈阳,123.31,41.44,49
1175,辽宁,辽阳县,123.04,41.12,30.7
1176,辽宁,本溪,123.47,41.19,185.4
1177,辽宁,辽阳,123.1,41.14,24.8
1178,辽宁,灯塔,123.2,41.25,36.8
1179,辽宁,抚顺,124.05,41.55,118.5
1180,辽宁,新宾,125.03,41.44,328.4
1181,辽宁,建昌,119.49,40.48,365.5
1182,辽宁,连山区,120.53,40.47,38.5
1183,辽宁,绥中,120.18,40.2,29
1184,辽宁,兴城,120.39,40.37,20.5
1185,辽宁,大洼,122.04,41.01,5.5
1186,辽宁,盖州,122.21,40.25,24.8
1187,辽宁,大石桥,122.29,40.37,11.5
1188,辽宁,熊岳,122.09,40.1,20.4
1189,辽宁,草河口,123.54,40.53,233.6
1190,辽宁,岫岩,123.17,40.17,79.8
1191,辽宁,宽甸,124.47,40.43,260.1
1192,辽宁,凤城,124.04,40.28,72.6
1193,辽宁,丹东,124.2,40.03,13.8
1194,辽宁,瓦房店,122.01,39.38,118.7
1195,辽宁,金州,121.45,39.04,42.7
1196,内蒙古,额尔古纳市,120.11,50.15,581.4
1197,内蒙古,根河市,121.31,50.47,717
1198,内蒙古,图里河,121.41,50.29,732.6
1199,内蒙古,鄂伦春自治旗,123.44,50.35,423.7
1200,内蒙古,满洲里,117.19,49.35,661.8
1201,内蒙古,陈巴尔虎旗,119.26,49.19,576.6
1202,内蒙古,鄂温克族自治旗,119.45,49.09,620.8
1203,内蒙古,牙克石市,120.42,49.17,668.8
1204,内蒙古,海拉尔,119.42,49.15,649.6
1205,内蒙古,小二沟,123.43,49.12,286.1
1206,内蒙古,新巴尔虎右旗,116.49,48.4,554.2
1207,内蒙古,新巴尔虎左旗,118.16,48.13,642
1208,内蒙古,扎兰屯,122.44,48,306.5
1209,内蒙古,莫力达瓦达斡尔族自治旗,124.29,48.29,195
1210,内蒙古,阿荣旗,123.29,48.08,236.2
1211,内蒙古,阿尔山,119.56,47.1,997.2
1212,内蒙古,索伦,121.13,46.36,499.7
1213,内蒙古,乌拉盖,118.5,45.43,865
1214,内蒙古,东乌珠穆沁,116.58,45.31,838.7
1215,内蒙古,霍林郭勒,119.4,45.32,823.7
1216,内蒙古,巴雅尔吐胡硕,120.2,45.04,628.3
1217,内蒙古,突泉,121.35,45.23,311.7
1218,内蒙古,科尔沁右翼中旗,121.29,45.04,249.9
1219,内蒙古,二连浩特,111.56,43.38,963.1
1220,内蒙古,那仁宝力格,114.09,44.37,1181.6
1221,内蒙古,满都拉气象站,110.08,42.32,1225.2
1222,内蒙古,阿巴嘎旗,114.57,44.01,1126.1
1223,内蒙古,海力素,106.24,41.24,1509.6
1224,内蒙古,镶黄旗,113.5,42.14,1322.1
1225,内蒙古,乌拉特中旗,108.31,41.34,1288
1226,内蒙古,五原,108.16,41.06,1023.7
1227,内蒙古,大佘太,109.08,41.01,1078.7
1228,内蒙古,达茂旗气象局,110.26,41.42,1376.6
1229,内蒙古,固阳县气象局,110.03,41.02,1360.4
1230,内蒙古,四子王,111.41,41.32,1490.1
1231,内蒙古,希拉穆仁气侯站,111.14,41.19,1602.3
1232,内蒙古,武川县,111.28,41.05,1637.3
1233,内蒙古,察右中旗,112.37,41.17,1737.3
1234,内蒙古,察右后旗,113.11,41.27,1423.5
1235,内蒙古,商都,113.32,41.36,1385.2
1236,内蒙古,化德,114,41.54,1482.7
1237,内蒙古,磴口,107,40.2,1055.3
1238,内蒙古,杭锦后旗,107.07,40.51,1024
1239,内蒙古,乌拉特前旗,108.39,40.44,1020.4
1240,内蒙古,包头市,109.53,40.32,1067.2
1241,内蒙古,土右旗气象局,110.32,40.33,998.6
1242,内蒙古,达拉特旗,110.02,40.24,1011
1243,内蒙古,呼和浩特,111.34,40.51,1063
1244,内蒙古,土默特左旗,111.1,40.43,1042.7
1245,内蒙古,呼和浩特郊区站,111.42,40.45,1045.4
1246,内蒙古,托克托县,111.11,40.16,1016
1247,内蒙古,和林格尔县,111.49,40.24,1166.7
1248,内蒙古,卓资,112.34,40.52,1451.7
1249,内蒙古,凉城,112.28,40.31,1268.9
1250,内蒙古,集宁,113.04,41.02,1419.3
1251,内蒙古,察右前旗,113.13,40.48,1316.8
1252,内蒙古,兴和,113.5,40.52,1268.7
1253,内蒙古,丰镇,113.09,40.27,1191.5
1254,内蒙古,乌海,106.48,39.48,1105.6
1255,内蒙古,临河,107.22,40.44,1041.1
1256,内蒙古,伊克乌素,107.5,40.03,1180.3
1257,内蒙古,鄂托克旗,107.58,39.05,1381.4
1258,内蒙古,杭锦旗,108.43,39.49,1389.5
1259,内蒙古,东胜,109.59,39.5,1461.9
1260,内蒙古,伊金霍洛旗,109.43,39.34,1367
1261,内蒙古,准格尔旗,111.13,39.52,1221.4
1262,内蒙古,清水河县,111.4,39.55,1187.4
1263,内蒙古,乌审旗,108.5,38.36,1307.2
1264,内蒙古,鄂托克前旗,107.29,38.11,1333.3
1265,内蒙古,河南,108.43,37.51,1209.9
1266,内蒙古,西乌珠穆沁,117.36,44.35,1001.7
1267,内蒙古,富河,119.18,44.27,710
1268,内蒙古,扎鲁特,120.54,44.34,265
1269,内蒙古,巴林左旗,119.24,43.59,486.2
1270,内蒙古,高力板,121.49,44.54,198.3
1271,内蒙古,舍伯吐,122.01,44.02,181.6
1272,内蒙古,科左中旗,123.17,44.08,145.8
1273,内蒙古,锡林浩特,116.07,43.57,1003
1274,内蒙古,巴林右旗,118.39,43.32,621.4
1275,内蒙古,林西县,118.02,43.38,799.5
1276,内蒙古,克什克腾旗,117.32,43.15,1003.3
1277,内蒙古,阿鲁科尔沁旗,120.03,43.53,374.9
1278,内蒙古,青龙山,121.04,42.24,400
1279,内蒙古,开鲁,121.17,43.36,241
1280,内蒙古,通辽,122.16,43.36,178.7
1281,内蒙古,正镶白旗,115,42.18,1346.3
1282,内蒙古,正蓝旗,116,42.14,1315.5
1283,内蒙古,多伦县,116.28,42.11,1245.4
1284,内蒙古,翁牛特旗,119.01,42.56,634.3
1285,内蒙古,岗子,118.25,42.35,960
1286,内蒙古,赤峰,118.5,42.18,668.6
1287,内蒙古,奈曼,120.39,42.51,362.9
1288,内蒙古,敖汉旗,119.57,42.18,588.2
1289,内蒙古,宝国吐,120.42,42.2,400.5
1290,内蒙古,科左后旗,122.21,42.58,248.1
1291,内蒙古,库伦,121.45,42.44,297.8
1292,内蒙古,太仆寺旗,115.16,41.53,1468.9
1293,内蒙古,喀喇沁旗,118.42,41.56,733.7
1294,内蒙古,八里罕,118.45,41.31,679.3
1295,内蒙古,宁城县,119.18,41.36,544.2
1296,宁夏,石炭井,106.2,39.16,1464.5
1297,宁夏,石嘴山,106.21,39.02,1117.7
1298,宁夏,惠农,106.46,39.13,1092.5
1299,宁夏,沙湖,106.22,38.5,1095
1300,宁夏,贺兰,106.21,38.34,1106.2
1301,宁夏,平罗,106.33,38.53,1098.7
1302,宁夏,吴忠,106.11,37.59,1128.8
1303,宁夏,银川,106.12,38.28,1110.9
1304,宁夏,陶乐,106.42,38.48,1101.6
1305,宁夏,青铜峡,106.05,38.02,1118
1306,宁夏,永宁,106.15,38.17,1113.7
1307,宁夏,灵武,106.18,38.07,1115.9
1308,宁夏,中卫,105.11,37.32,1225.7
1309,宁夏,中宁,105.41,37.29,1183.4
1310,宁夏,兴仁,105.15,36.56,1697.9
1311,宁夏,盐池,107.23,37.48,1349.3
1312,宁夏,麻黄山,107.07,37.1,1712.5
1313,宁夏,海原,105.39,36.34,1854.2
1314,宁夏,同心,105.54,36.58,1339.3
1315,宁夏,固原,106.16,36,1753
1316,宁夏,韦州,106.29,37.17,1382.2
1317,宁夏,西吉,105.43,35.58,1916.5
1318,宁夏,六盘山,106.12,35.4,2841.2
1319,宁夏,隆德,106.07,35.37,2078.6
1320,宁夏,泾源,106.19,35.3,1948.6
1321,青海,冷湖,93.2,38.45,2770
1322,青海,小灶火,93.41,36.48,2767
1323,青海,格尔木,94.55,36.25,2807.6
1324,青海,诺木洪,96.26,36.26,2790.4
1325,青海,都兰,98.06,36.18,3189
1326,青海,江西沟,100.29,36.35,3200.8
1327,青海,共和,100.37,36.16,2835
1328,青海,互助,101.57,36.49,2480
1329,青海,西宁,101.45,36.44,2295.2
1330,青海,贵德,101.22,36.01,2237.1
1331,青海,湟中,101.35,36.3,2667.5
1332,青海,平安,102.06,36.3,2125
1333,青海,民和,102.5,36.2,1813.9
1334,青海,化隆,102.15,36.06,2834.7
1335,青海,五道梁,93.05,35.13,4612.2
1336,青海,沙珠玉,100.16,36.16,2872
1337,青海,兴海,99.59,35.35,3323.2
1338,青海,贵南,100.44,35.35,3120
1339,青海,同德,100.36,35.15,3148.2
1340,青海,尖扎,102.01,35.56,2085.7
1341,青海,泽库,101.28,35.02,3662.8
1342,青海,循化,102.27,35.51,1921
1343,青海,同仁,102.01,35.31,2491.4
1344,青海,沱沱河,92.26,34.13,4533.1
1345,青海,治多,95.37,33.51,4179.1
1346,青海,杂多,95.17,32.53,4066.4
1347,青海,曲麻莱,95.48,34.07,4175
1348,青海,玉树,96.58,33,3716.9
1349,青海,玛多,98.13,34.55,4272.3
1350,青海,清水河,97.08,33.48,4415.4
1351,青海,玛沁,100.14,34.29,3719
1352,青海,甘德,99.54,33.58,4050
1353,青海,达日,99.39,33.45,3967.5
1354,青海,河南,101.36,34.44,3500
1355,青海,久治,101.29,33.26,3628.5
1356,青海,囊谦,96.28,32.12,3643.7
1357,青海,班玛,100.45,32.56,3530
1358,山东,武城,116.04,37.13,25.7
1359,山东,临邑,116.49,37.12,18.5
1360,山东,德州,116.2,37.27,23.6
1361,山东,陵县,116.34,37.19,18.6
1362,山东,宁津,116.48,37.4,16.3
1363,山东,无棣,117.38,37.45,6.8
1364,山东,阳信,117.34,37.39,10.1
1365,山东,商河,117.08,37.19,14.8
1366,山东,惠民,117.32,37.3,11.7
1367,山东,乐陵,117.11,37.42,11.5
1368,山东,章丘,117.33,36.41,121.8
1369,山东,庆云,117.23,37.46,8.4
1370,山东,高青,117.52,37.1,11
1371,山东,滨州,118,37.21,12.2
1372,山东,东营,118.4,37.26,6
1373,山东,垦利,118.33,37.35,8.5
1374,山东,长岛,120.44,37.56,39.7
1375,山东,蓬莱,120.46,37.48,60.7
1376,山东,龙口,120.2,37.38,4.8
1377,山东,招远,120.23,37.2,112.3
1378,山东,栖霞,120.51,37.19,205.5
1379,山东,福山,121.14,37.29,53.9
1380,山东,烟台,121.26,37.29,82
1381,山东,成山头,122.42,37.24,47.7
1382,山东,文登,122.04,37.12,118
1383,山东,临清,115.44,36.49,34
1384,山东,聊城,115.58,36.25,33
1385,山东,阳谷,115.46,36.09,41.3
1386,山东,莘县,115.38,36.14,37.8
1387,山东,齐河,116.45,36.47,22.7
1388,山东,茌平,116.15,36.32,29.7
1389,山东,东阿,116.16,36.23,31.4
1390,山东,长清,116.48,36.31,98.9
1391,山东,平阴,116.25,36.15,79.9
1392,山东,肥城,116.48,36.11,113.6
1393,山东,济阳,117.12,37,20.4
1394,山东,邹平,117.44,36.52,47.4
1395,山东,济南,117,36.36,170.3
1396,山东,淄川,117.57,36.38,95
1397,山东,博山,117.51,36.31,189.7
1398,山东,泰山,117.06,36.15,1533.7
1399,山东,泰安,117.09,36.1,128.6
1400,山东,莱芜,117.41,36.14,229.3
1401,山东,周村,117.52,36.46,85.7
1402,山东,淄博,117.56,36.49,34.4
1403,山东,青州,118.3,36.39,102.5
1404,山东,寿光,118.44,36.53,25.8
1405,山东,桓台,118.05,36.58,15.1
1406,山东,临淄,118.17,36.52,46.3
1407,山东,临朐,118.33,36.3,106.5
1408,山东,沂源,118.1,36.11,305.1
1409,山东,昌乐,118.5,36.41,78.8
1410,山东,昌邑,119.25,36.52,23.5
1411,山东,平度,120,36.47,48.6
1412,山东,潍坊,119.12,36.45,22.2
1413,山东,安丘,119.11,36.25,62.7
1414,山东,高密,119.44,36.23,36.4
1415,山东,诸城,119.25,35.59,82.6
1416,山东,胶州,120.02,36.13,84.4
1417,山东,莱西,120.34,36.54,76.9
1418,山东,莱阳,120.44,36.58,54.4
1419,山东,即墨,120.28,36.23,26.2
1420,山东,海阳,121.11,36.47,40.9
1421,山东,鄄城,115.31,35.35,50.1
1422,山东,郓城,115.56,35.35,46.2
1423,山东,菏泽,115.25,35.15,49.9
1424,山东,鱼台,116.39,34.59,34.3
1425,山东,东明,115.06,35.16,57.3
1426,山东,定陶,115.31,35.05,51.5
1427,山东,梁山,116.03,35.49,40.9
1428,山东,东平,116.24,35.56,44
1429,山东,汶上,116.3,35.46,41.8
1430,山东,宁阳,116.49,35.45,62.2
1431,山东,巨野,116.05,35.25,40.6
1432,山东,济宁,116.36,35.26,33.3
1433,山东,兖州,116.51,35.34,51.7
1434,山东,金乡,116.19,35.06,36.7
1435,山东,曲阜,116.58,35.36,62.3
1436,山东,邹城,116.59,35.23,88.7
1437,山东,泗水,117.17,35.39,110.4
1438,山东,嘉祥,116.2,35.25,38.1
1439,山东,新泰,117.47,35.53,224
1440,山东,蒙阴,117.56,35.43,202.2
1441,山东,平邑,117.38,35.31,167.2
1442,山东,滕州,117.12,35.06,74.9
1443,山东,费县,117.58,35.16,121.2
1444,山东,沂水,118.39,35.46,186.7
1445,山东,沂南,118.26,35.32,119.4
1446,山东,莒县,118.5,35.34,107.4
1447,山东,临沂,118.24,35.03,65.2
1448,山东,莒南,118.49,35.1,113.8
1449,山东,五莲,119.12,35.45,148.2
1450,山东,日照,119.32,35.26,36.9
1451,山东,曹县,115.35,34.51,49
1452,山东,成武,115.53,34.57,45.4
1453,山东,单县,116.04,34.48,46.2
1454,山东,微山,117.08,34.48,35.1
1455,山东,薛城,117.17,34.47,80.5
1456,山东,峄城,117.34,34.45,48.3
1457,山东,枣庄,117.35,34.52,77.7
1458,山东,台儿庄,117.44,34.34,27.6
1459,山东,苍山,118.01,34.53,45.9
1460,山东,临沭,118.39,34.56,70.1
1461,山西,右玉,112.27,40,1345.8
1462,山西,阳高,113.46,40.22,1050.3
1463,山西,大同,113.25,40.05,1067.2
1464,山西,大同县,113.35,40.02,1034.3
1465,山西,天镇,114.03,40.26,1014.7
1466,山西,河曲,111.09,39.23,861.5
1467,山西,偏关,111.3,39.26,1051.7
1468,山西,左云,112.42,40,1336.3
1469,山西,平鲁,112.16,39.31,1409.4
1470,山西,神池,112.12,39.06,1525.4
1471,山西,山阴,112.49,39.3,1045
1472,山西,宁武,112.18,39,1437.4
1473,山西,朔州,112.26,39.22,1114.8
1474,山西,代县,112.54,39.01,859.7
1475,山西,浑源,113.4,39.43,1079.2
1476,山西,应县,113.1,39.34,1000.7
1477,山西,繁峙,113.16,39.1,933.9
1478,山西,五台山,113.31,38.57,2208.3
1479,山西,广灵,114.16,39.45,977.8
1480,山西,灵丘,114.11,39.27,938.7
1481,山西,临县,111,37.58,1163.3
1482,山西,保德,111.05,39.01,894.4
1483,山西,岢岚,111.35,38.43,1396.7
1484,山西,五寨,111.49,38.55,1401
1485,山西,兴县,111.08,38.28,1012.6
1486,山西,岚县,111.39,38.17,1185.1
1487,山西,静乐,111.56,38.21,1212.2
1488,山西,娄烦,111.48,38.05,1150.3
1489,山西,原平,112.43,38.44,828.2
1490,山西,忻州,112.42,38.24,797.7
1491,山西,定襄,112.59,38.3,759.4
1492,山西,太原北郊,112.29,37.56,806.5
1493,山西,阳曲,112.39,38.04,897.1
1494,山西,太原南郊,112.33,37.45,775.4
1495,山西,五台县豆村,113.22,38.5,1096.2
1496,山西,盂县,113.25,38.04,953.2
1497,山西,平定,113.38,37.47,753
1498,山西,柳林,110.53,37.26,860.1
1499,山西,石楼,110.5,36.59,1109.1
1500,山西,方山,111.14,37.53,1212.4
1501,山西,太原古交区,112.1,37.55,1006.8
1502,山西,离石,111.06,37.3,950.8
1503,山西,中阳,111.1,37.2,1213.1
1504,山西,孝义,111.45,37.09,773.4
1505,山西,汾阳,111.47,37.15,747.7
1506,山西,祁县,112.21,37.21,768.8
1507,山西,文水,112.03,37.25,750
1508,山西,太原,112.35,37.37,778.3
1509,山西,清徐,112.22,37.35,773.7
1510,山西,太谷,112.36,37.25,781.9
1511,山西,榆次,112.46,37.41,831.2
1512,山西,交城,112.09,37.32,759.3
1513,山西,平遥,112.13,37.1,780.3
1514,山西,寿阳,113.09,37.54,1066.1
1515,山西,阳泉,113.37,37.56,767.2
1516,山西,昔阳,113.42,37.36,876.2
1517,山西,左权,113.2,37.05,1134.6
1518,山西,榆社,112.59,37.04,1041.4
1519,山西,和顺,113.34,37.2,1265.7
1520,山西,永和,110.38,36.46,916.6
1521,山西,隰县,110.57,36.42,1052.7
1522,山西,大宁,110.45,36.28,765.9
1523,山西,吉县,110.4,36.06,851.3
1524,山西,交口,111.1,36.59,1406.7
1525,山西,襄汾,111.23,35.53,463.5
1526,山西,灵石,111.48,36.51,811.7
1527,山西,介休,111.55,37.02,743.9
1528,山西,蒲县,111.06,36.24,1030.6
1529,山西,汾西,111.33,36.39,1011.9
1530,山西,洪洞,111.4,36.14,462.8
1531,山西,临汾,111.3,36.04,449.5
1532,山西,霍州,111.42,36.35,550
1533,山西,武乡,112.51,36.5,964.1
1534,山西,沁县,112.41,36.46,960.7
1535,山西,长子,112.52,36.06,951.1
1536,山西,古县,111.54,36.15,648.7
1537,山西,沁源,112.21,36.31,1000
1538,山西,安泽,112.15,36.1,860.1
1539,山西,黎城,113.23,36.31,767.9
1540,山西,屯留,112.53,36.19,952.3
1541,山西,潞城,113.14,36.2,947.6
1542,山西,长治,113.02,36.04,991.8
1543,山西,襄垣,113.02,36.31,877.9
1544,山西,壶关,113.12,36.07,1030.2
1545,山西,平顺,113.26,36.12,1089.2
1546,山西,乡宁,110.51,35.58,965.3
1547,山西,稷山,110.58,35.37,433.5
1548,山西,万荣,110.5,35.24,588.4
1549,山西,河津,110.43,35.37,459.2
1550,山西,临猗,110.47,35.1,387.9
1551,山西,运城,111.03,35.03,365
1552,山西,曲沃,111.29,35.39,472.6
1553,山西,翼城,111.42,35.44,584.5
1554,山西,侯马,111.22,35.39,433.8
1555,山西,新绛,111.13,35.37,430.8
1556,山西,绛县,111.34,35.31,761
1557,山西,浮山,111.5,35.59,817.2
1558,山西,闻喜,111.12,35.2,468.3
1559,山西,垣曲,111.4,35.17,505
1560,山西,沁水,112.12,35.42,887.3
1561,山西,高平,112.57,35.46,837.3
1562,山西,阳城,112.24,35.29,659.5
1563,山西,晋城,112.52,35.3,752.6
1564,山西,陵川,113.16,35.47,1311.6
1565,山西,永济,110.27,34.53,354.1
1566,山西,芮城,110.43,34.42,505.7
1567,山西,夏县,111.14,35.1,402.9
1568,山西,平陆,111.12,34.5,410.7
1569,陕西,府谷,111,39.01,981
1570,陕西,榆林,109.47,38.16,1157
1571,陕西,神木,110.28,38.49,941.1
1572,陕西,佳县,110.29,38.02,894.4
1573,陕西,定边,107.35,37.35,1360.3
1574,陕西,靖边,108.48,37.37,1336.7
1575,陕西,吴旗,108.1,36.55,1331.4
1576,陕西,横山,109.14,37.56,1111
1577,陕西,子长,109.42,37.11,1063.3
1578,陕西,米脂,110.11,37.46,931
1579,陕西,子洲,110.03,37.36,894.6
1580,陕西,绥德,110.13,37.3,929.7
1581,陕西,吴堡,110.43,37.31,744
1582,陕西,清涧,110.07,37.07,938
1583,陕西,志丹,108.46,36.46,1218.8
1584,陕西,安塞,109.19,36.53,1068.3
1585,陕西,甘泉,109.21,36.16,1005.5
1586,陕西,延川,110.11,36.53,804.9
1587,陕西,延长,110.04,36.35,804.8
1588,陕西,宜川,110.11,36.04,840.3
1589,陕西,长武,107.48,35.12,1206.5
1590,陕西,富县,109.22,36,984
1591,陕西,旬邑,108.18,35.1,1277
1592,陕西,白水,109.35,35.11,804.4
1593,陕西,洛川,109.25,35.46,1159.8
1594,陕西,黄陵,109.15,35.34,863
1595,陕西,宜君,109.04,35.26,1395.2
1596,陕西,黄龙,109.49,35.36,1091
1597,陕西,铜川,109.04,35.05,978.9
1598,陕西,蒲城,109.35,34.57,499.2
1599,陕西,澄城,109.55,35.11,679.1
1600,陕西,合阳,110.09,35.14,708.8
1601,陕西,陇县,106.5,34.54,924.2
1602,陕西,宝鸡,107.08,34.21,612.4
1603,陕西,宝鸡县,107.24,34.22,563
1604,陕西,千阳,107.08,34.39,751.6
1605,陕西,麟游,107.47,34.41,1026.3
1606,陕西,彬县,108.07,35.01,840.7
1607,陕西,岐山,107.39,34.27,669.6
1608,陕西,凤翔,107.23,34.31,781.1
1609,陕西,扶风,107.53,34.22,585.9
1610,陕西,眉县,107.44,34.16,517.6
1611,陕西,太白,107.19,34.02,1543.6
1612,陕西,礼泉,108.29,34.3,543.2
1613,陕西,永寿,108.09,34.42,994.6
1614,陕西,淳化,108.33,34.49,1012.7
1615,陕西,泾阳,108.49,34.33,428.1
1616,陕西,武功,108.13,34.15,447.8
1617,陕西,乾县,108.14,34.33,636.8
1618,陕西,耀县,108.59,34.56,710
1619,陕西,兴平,108.27,34.17,410.9
1620,陕西,三原,108.55,34.38,424
1621,陕西,富平,109.11,34.47,470.9
1622,陕西,大荔,109.58,34.48,351.4
1623,陕西,渭南,109.29,34.31,349.8
1624,陕西,华山,110.05,34.29,2064.9
1625,陕西,秦都,108.43,34.24,472.8
1626,陕西,潼关,110.14,34.33,556.3
1627,陕西,华阴,110.05,34.33,351.3
1628,陕西,洛南,110.09,34.06,963.4
1629,陕西,略阳,106.09,33.19,794.2
1630,陕西,凤县,106.32,33.54,985.9
1631,陕西,勉县,106.42,33.1,548.1
1632,陕西,杨凌,108.04,34.17,506
1633,陕西,留坝,106.56,33.38,1032.1
1634,陕西,汉中,107.02,33.04,509.5
1635,陕西,城固,107.2,33.1,486.4
1636,陕西,泾河,108.58,34.26,410
1637,陕西,佛坪,107.59,33.31,827.2
1638,陕西,宁陕,108.19,33.19,802.4
1639,陕西,柞水,109.07,33.4,818.2
1640,陕西,商县,109.58,33.52,742.2
1641,陕西,镇安,109.09,33.26,693.7
1642,陕西,丹凤,110.2,33.41,581.7
1643,陕西,商南,110.54,33.32,523
1644,陕西,山阳,109.52,33.33,660.2
1645,陕西,宁强,106.15,32.5,836.1
1646,陕西,南郑,106.56,33,536.5
1647,陕西,紫阳,108.32,32.32,503.8
1648,陕西,石泉,108.16,33.03,484.9
1649,陕西,汉阴,108.3,32.54,413.1
1650,陕西,镇巴,107.54,32.32,693.9
1651,陕西,旬阳,109.22,32.51,285.5
1652,陕西,安康,109.02,32.43,290.8
1653,陕西,岚皋,108.54,32.19,438.5
1654,陕西,平利,109.2,32.24,431
1655,陕西,白河,110.07,32.49,322.5
1656,陕西,镇坪,109.32,31.54,995.8
1657,上海,闵行,121.22,31.06,5.5
1658,上海,宝山,121.27,31.24,5.5
1659,上海,嘉定,121.15,31.22,4.4
1660,上海,崇明,121.3,31.4,4.5
1661,上海,徐家汇,121.26,31.12,4.6
1662,上海,南汇,121.47,31.03,5
1663,上海,浦东,121.32,31.14,4.4
1664,上海,青浦,121.07,31.08,4
1665,上海,松江,121.14,31.02,4.2
1666,四川,石渠,98.06,32.59,4200
1667,四川,若尔盖,102.58,33.35,3441.4
1668,四川,九寨沟,104.15,33.16,1436.5
1669,四川,德格,98.35,31.48,3184
1670,四川,甘孜,100,31.37,3393.5
1671,四川,白玉,98.5,31.13,3260
1672,四川,色达,100.2,32.17,3893.9
1673,四川,炉霍,100.4,31.24,3250
1674,四川,壤塘,100.59,32.16,3284.8
1675,四川,道孚,101.07,30.59,2957.2
1676,四川,金川,102.04,31.29,2168.9
1677,四川,阿坝,101.42,32.54,3275.1
1678,四川,马尔康,102.14,31.54,2664.4
1679,四川,红原,102.33,32.48,3491.6
1680,四川,小金,102.21,31,2438
1681,四川,茂县,103.51,31.41,1590.1
1682,四川,崇州,103.42,30.41,541.7
1683,四川,松潘,103.36,32.4,2850.7
1684,四川,汶川,103.37,31.3,1369
1685,四川,理县,103.1,31.26,1896.7
1686,四川,黑水,102.59,32.05,2400.1
1687,四川,绵竹,104.12,31.2,589
1688,四川,温江,103.52,30.45,547.7
1689,四川,都江堰,103.4,31,698.5
1690,四川,彭州,103.56,30.59,581.7
1691,四川,什邡,104.1,31.09,535.7
1692,四川,德阳,104.3,31.19,525.7
1693,四川,中江,104.41,31.02,423.5
1694,四川,巴塘,99.06,30,2589.2
1695,四川,新龙,100.19,30.56,3000
1696,四川,理塘,100.16,30,3948.9
1697,四川,丹巴,101.53,30.53,1949.7
1698,四川,雅江,101.01,30.02,2600.9
1699,四川,郫县,103.53,30.49,558.5
1700,四川,宝兴,102.49,30.23,1009.7
1701,四川,新津,103.49,30.27,467
1702,四川,天全,102.46,30.04,755.8
1703,四川,芦山,102.56,30.09,682.7
1704,四川,名山,103.07,30.05,691.3
1705,四川,蒲江,103.3,30.11,510.8
1706,四川,邛崃,103.26,30.27,518.5
1707,四川,大邑,103.31,30.36,523.9
1708,四川,龙泉驿,104.15,30.33,515.1
1709,四川,双流,103.55,30.35,494.6
1710,四川,彭山,103.52,30.12,437
1711,四川,新都,104.11,30.47,514.5
1712,四川,金堂,104.26,30.51,448.4
1713,四川,仁寿,104.09,30.01,436.5
1714,四川,资阳,104.36,30.08,417
1715,四川,稻城,100.18,29.03,3727.7
1716,四川,泸定,102.14,29.55,1321.2
1717,四川,荥经,102.51,29.47,763.2
1718,四川,康定,101.58,30.03,2615.7
1719,四川,汉源,102.38,29.21,1098
1720,四川,石棉,102.21,29.14,890.7
1721,四川,洪雅,103.21,29.53,571.2
1722,四川,丹棱,103.3,30.04,496.2
1723,四川,夹江,103.36,29.44,407.1
1724,四川,青神,103.52,29.5,455.2
1725,四川,峨眉,103.29,29.36,446.7
1726,四川,峨眉山,103.2,29.31,3047.4
1727,四川,乐山,103.45,29.34,424.2
1728,四川,峨边,103.16,29.14,642.2
1729,四川,犍为,103.57,29.12,387.6
1730,四川,井研,104.04,29.4,404.4
1731,四川,眉山,103.49,30.05,415.4
1732,四川,资中,104.51,29.46,369.4
1733,四川,荣县,104.26,29.27,384.1
1734,四川,威远,104.4,29.31,351.1
1735,四川,自贡,104.46,29.21,352.6
1736,四川,富顺,104.59,29.11,306.2
1737,四川,得荣,99.17,28.43,2422.9
1738,四川,乡城,99.48,28.56,2842
1739,四川,木里,101.16,27.56,2426.5
1740,四川,九龙,101.3,29,2925
1741,四川,甘洛,102.46,28.57,1060.3
1742,四川,冕宁,102.1,28.33,1774
1743,四川,越西,102.31,28.39,1659.5
1744,四川,喜德,102.26,28.18,1818.1
1745,四川,昭觉,102.51,28,2132.4
1746,四川,马边,103.32,28.49,564.1
1747,四川,雷波,103.35,28.16,1255.8
1748,四川,美姑,103.08,28.2,1943.9
1749,四川,沐川,103.54,28.57,424
1750,四川,宜宾县,104.34,28.42,287
1751,四川,宜宾,104.36,28.48,340.8
1752,四川,南溪,104.58,28.51,292.8
1753,四川,屏山,104.09,28.39,462
1754,四川,兴文,105.14,28.19,358.2
1755,四川,筠连,104.3,28.09,549
1756,四川,珙县,104.47,28.23,368.2
1757,四川,盐源,101.31,27.26,2545
1758,四川,德昌,102.11,27.25,1380
1759,四川,西昌,102.16,27.54,1590.9
1760,四川,普格,102.33,27.22,1428
1761,四川,宁南,102.45,27.04,993.6
1762,四川,布拖,102.48,27.43,2460
1763,四川,金阳,103.15,27.42,1093
1764,四川,高县,104.31,28.26,359.7
1765,四川,长宁,104.55,28.35,279.1
1766,四川,盐边,101.51,26.41,1140.3
1767,四川,攀枝花,101.43,26.35,1190.1
1768,四川,米易,102.07,26.55,1136.9
1769,四川,会理,102.15,26.39,1787.3
1770,四川,仁和,101.44,26.3,1108
1771,四川,会东,102.35,26.39,1694.5
1772,四川,青川,105.13,32.34,782
1773,四川,广元,105.51,32.26,513.8
1774,四川,剑阁,105.31,32.17,544.5
1775,四川,南江,106.5,32.21,579.3
1776,四川,旺苍,106.17,32.14,485.7
1777,四川,万源,108.02,32.04,674
1778,四川,苍溪,105.55,31.44,459.9
1779,四川,阆中,105.58,31.35,382.6
1780,四川,三台,105.05,31.06,404.9
1781,四川,盐亭,105.23,31.13,421.3
1782,四川,西充,105.53,30.59,378.4
1783,四川,巴中,106.46,31.52,417.7
1784,四川,南部,106.04,31.21,405.7
1785,四川,仪陇,106.24,31.32,655.7
1786,四川,蓬安,106.25,31.02,324.9
1787,四川,营山,106.33,31.04,338.5
1788,四川,通江,107.13,31.56,482.4
1789,四川,平昌,107.05,31.35,364.2
1790,四川,宣汉,107.43,31.22,389.4
1791,四川,达县,107.3,31.12,344.9
1792,四川,开江,107.51,31.06,467.5
1793,四川,射洪,105.22,30.52,383.3
1794,四川,蓬溪,105.42,30.46,394.5
1795,四川,遂宁,105.33,30.3,355
1796,四川,乐至,105.02,30.17,462.6
1797,四川,安岳,105.21,30.07,338.4
1798,四川,高坪,106.06,30.47,309.7
1799,四川,渠县,106.58,30.51,295.1
1800,四川,岳池,106.27,30.31,410
1801,四川,广安,106.38,30.32,331.6
1802,四川,邻水,106.56,30.2,391.5
1803,四川,武胜,106.17,30.21,315.9
1804,四川,大竹,107.11,30.45,418
1805,四川,东兴区,105.07,29.37,349.7
1806,四川,隆昌,105.18,29.2,373.4
1807,四川,泸县,105.22,29.09,301
1808,四川,江安,105.04,28.43,263
1809,四川,合江,105.5,28.49,283.4
1810,四川,叙永,105.26,28.1,377.5
1811,天津,蓟县,117.24,40.02,15.7
1812,天津,武清,117.01,39.23,4.5
1813,天津,宝坻,117.17,39.44,5.1
1814,天津,东丽区,117.2,39.05,1.9
1815,天津,天津,117.03,39.05,3.5
1816,天津,北辰区,117.08,39.14,3.4
1817,天津,宁河,117.49,39.21,3.9
1818,天津,汉沽区,117.46,39.14,1.3
1819,天津,静海,116.55,38.55,5.5
1820,天津,津南区,117.22,38.59,3.7
1821,天津,塘沽,117.43,39.03,4.8
1822,天津,大港,117.28,38.51,2.2
1823,西藏,狮泉河,80.05,32.3,4278.6
1824,西藏,改则,84.25,32.09,4414.9
1825,西藏,那曲,92.04,31.29,4507
1826,西藏,普兰,81.15,30.17,3900
1827,西藏,当雄,91.06,30.29,4200
1828,西藏,拉孜,87.36,29.05,4000
1829,西藏,南木林,89.06,29.41,4000
1830,西藏,墨竹工卡,91.44,29.51,3804
1831,西藏,琼结,91.41,29.02,3740
1832,西藏,泽当,91.46,29.16,3560
1833,西藏,聂拉木,85.58,28.11,3810
1834,西藏,定日,87.05,28.38,4300
1835,西藏,江孜,89.36,28.55,4040
1836,西藏,丁青,95.36,31.25,3873.1
1837,西藏,类乌齐,96.36,31.13,3810
1838,西藏,昌都,97.1,31.09,3315
1839,西藏,洛隆,95.5,30.45,3640
1840,西藏,波密,95.46,29.52,2736
1841,西藏,八宿,96.55,30.03,3260
1842,西藏,林芝,94.2,29.4,2991.8
1843,西藏,米林,94.13,29.13,2950
1844,西藏,左贡,97.5,29.4,3780
1845,西藏,察隅,97.28,28.39,2327.6
1846,新疆,哈巴河,86.24,48.03,532.6
1847,新疆,阿克达拉,87.58,47.06,563.3
1848,新疆,布尔津,86.52,47.42,473.9
1849,新疆,福海,87.28,47.07,500.9
1850,新疆,阿勒泰,88.05,47.44,735.3
1851,新疆,富蕴,89.31,46.59,807.5
1852,新疆,塔城,83,46.44,534.9
1853,新疆,裕民,82.56,46.12,715.4
1854,新疆,额敏,83.39,46.33,521.6
1855,新疆,和布克赛尔,85.43,46.47,1291.6
1856,新疆,阿拉山口,82.34,45.11,336.1
1857,新疆,博乐,82.04,44.54,531.9
1858,新疆,托里,83.36,45.56,1077.8
1859,新疆,克拉玛依,84.51,45.37,449.5
1860,新疆,精河,82.49,44.34,318.6
1861,新疆,沙湾,85.37,44.2,522.2
1862,新疆,玛纳斯,86.12,44.19,471.4
1863,新疆,呼图壁,86.51,44.1,522.1
1864,新疆,昌吉,87.19,44.07,515.7
1865,新疆,米泉,87.39,43.58,600.3
1866,新疆,阜康,87.55,44.1,547
1867,新疆,吉木萨尔,89.1,44.01,734.9
1868,新疆,天山大西沟,86.5,43.06,3539
1869,新疆,乌鲁木齐牧试站,87.11,43.27,1930
1870,新疆,天池,88.07,43.53,1942.5
1871,新疆,达坂城,88.19,43.21,1103.5
1872,新疆,木垒,90.17,43.5,1271.5
1873,新疆,库米什,88.13,42.14,922.4
1874,新疆,巴音布鲁克,84.09,43.02,2458
1875,新疆,焉耆,86.34,42.05,1055.3
1876,新疆,托克逊,88.38,42.48,1
1877,新疆,吐鲁番东坎,89.15,42.5,-48.7
1878,新疆,吐鲁番,89.12,42.56,34.5
1879,新疆,乌什,79.14,41.13,1395.8
1880,新疆,阿克苏,80.14,41.1,1103.8
1881,新疆,新和,82.39,41.33,1009.8
1882,新疆,沙雅,82.47,41.14,980.4
1883,新疆,库尔勒,86.08,41.45,931.5
1884,新疆,阿图什,76.1,39.43,1298.7
1885,新疆,乌恰,75.15,39.43,2175.7
1886,新疆,伽师,76.44,39.3,1208.6
1887,新疆,喀什,75.45,39.29,1289.4
1888,新疆,岳普湖,76.47,39.15,1206.3
1889,新疆,柯坪,79.03,40.3,1161.8
1890,新疆,阿瓦提,80.24,40.39,1044.3
1891,新疆,阿拉尔,81.16,40.33,1012.2
1892,新疆,塔中,83.4,39,1099.3
1893,新疆,铁干里克,87.42,40.38,846
1894,新疆,英吉沙,76.1,38.56,1297.5
1895,新疆,麦盖提,77.38,38.55,1178.2
1896,新疆,莎车,77.16,38.26,1231.2
1897,新疆,叶城,77.24,37.55,1360.4
1898,新疆,泽普,77.16,38.12,1274.7
1899,新疆,皮山,78.17,37.37,1375.4
1900,新疆,策勒,80.48,37.01,1336.5
1901,新疆,墨玉,79.38,37.1,1326
1902,新疆,和田,79.56,37.08,1375
1903,新疆,洛浦,80.1,37.05,1347.9
1904,新疆,民丰,82.43,37.04,1409.5
1905,新疆,且末,85.33,38.09,1247.2
1906,新疆,于田,81.39,36.51,1422
1907,新疆,巴里坤,93.03,43.36,1677.2
1908,新疆,淖毛湖,94.59,43.45,479
1909,新疆,伊吾,94.42,43.16,1728.6
1910,新疆,哈密,93.31,42.49,737.2
1911,新疆,红柳河,94.4,41.32,1573.8
1912,云南,德钦,98.55,28.29,3319
1913,云南,绥江,103.57,28.35,496.6
1914,云南,永善,103.38,28.14,877.2
1915,云南,盐津,104.14,28.06,448.8
1916,云南,贡山,98.4,27.45,1583.3
1917,云南,香格里拉,99.42,27.5,3276.7
1918,云南,维西,99.17,27.1,2326.1
1919,云南,宁蒗,100.51,27.18,2240.5
1920,云南,大关,103.54,27.45,1176.2
1921,云南,鲁甸,103.32,27.11,1916
1922,云南,昭通,103.43,27.21,1949.5
1923,云南,彝良,104.03,27.38,880.4
1924,云南,镇雄,104.52,27.25,1645.2
1925,云南,威信,105.03,27.51,1177.2
1926,云南,福贡,98.52,26.54,1189.7
1927,云南,六库,98.51,25.52,949.9
1928,云南,兰坪,99.25,26.25,2344.9
1929,云南,剑川,99.55,26.32,2191.4
1930,云南,洱源,99.58,26.06,2059.9
1931,云南,丽江,100.13,26.51,2380.9
1932,云南,永胜,100.45,26.41,2130.5
1933,云南,鹤庆,100.11,26.35,2195.4
1934,云南,华坪,101.16,26.38,1230.8
1935,云南,永仁,101.4,26.03,1531.3
1936,云南,巧家,102.55,26.55,893.9
1937,云南,会泽,103.15,26.24,2110.5
1938,云南,东川,103.1,26.06,1254.1
1939,云南,宣威,104.05,26.13,1984.2
1940,云南,腾冲,98.3,24.59,1654.6
1941,云南,云龙,99.22,25.54,1658.5
1942,云南,漾濞,99.57,25.41,1626.1
1943,云南,永平,99.31,25.28,1616.7
1944,云南,保山,99.11,25.07,1652.2
1945,云南,大理,100.11,25.42,1990.5
1946,云南,宾川,100.34,25.5,1438.7
1947,云南,弥渡,100.29,25.21,1668.5
1948,云南,巍山,100.17,25.16,1742.1
1949,云南,大姚,101.19,25.43,1878.1
1950,云南,姚安,101.14,25.32,1873.5
1951,云南,牟定,101.31,25.18,1768.8
1952,云南,南华,101.17,25.11,1857.4
1953,云南,富民,102.3,25.14,1692.7
1954,云南,武定,102.25,25.32,1710.7
1955,云南,禄丰,102.04,25.09,1566.1
1956,云南,昆明,102.39,25,1888.1
1957,云南,马龙,103.33,25.25,2067.1
1958,云南,曲靖,103.48,25.3,1906.2
1959,云南,嵩明,103.05,25.21,1919.7
1960,云南,富源,104.15,25.41,1925.8
1961,云南,陇川,97.49,24.04,959.1
1962,云南,盈江,97.57,24.42,826.7
1963,云南,镇康,98.49,23.46,995.3
1964,云南,粱河,98.18,24.49,1012.9
1965,云南,龙陵,98.41,24.36,1528
1966,云南,施甸,99.11,24.44,1471.2
1967,云南,昌宁,99.37,24.5,1650.6
1968,云南,芒市,98.35,24.26,913.8
1969,云南,凤庆,99.56,24.35,1569
1970,云南,永德,99.14,24.02,1606.2
1971,云南,南涧,100.31,25.02,1377.2
1972,云南,云县,100.08,24.27,1108.6
1973,云南,景东,100.52,24.28,1162.3
1974,云南,双柏,101.36,24.41,1968.1
1975,云南,安宁,102.29,24.56,1848
1976,云南,镇沅,101.07,23.59,1105.4
1977,云南,新平,101.58,24.04,1497.5
1978,云南,易门,102.11,24.39,1575.9
1979,云南,晋宁,102.36,24.39,1893.1
1980,云南,澄江,102.55,24.41,1796.3
1981,云南,玉溪,102.33,24.2,1716.9
1982,云南,江川,102.46,24.17,1731.1
1983,云南,通海,102.45,24.08,1801.8
1984,云南,华宁,102.55,24.11,1702.6
1985,云南,宜良,103.1,24.55,1532.5
1986,云南,石林,103.16,24.45,1695.8
1987,云南,呈贡,102.48,24.53,1906.6
1988,云南,师宗,103.59,24.49,1844.2
1989,云南,弥勒,103.27,24.24,1415.5
1990,云南,泸西,103.46,24.32,1704.3
1991,云南,丘北,104.1,24.03,1518.7
1992,云南,罗平,104.19,24.59,1482.7
1993,云南,峨山,102.24,24.11,1538.6
1994,云南,沧源,99.16,23.09,1278.3
1995,云南,耿马,99.24,23.33,1104.9
1996,云南,西盟,99.36,22.38,1155
1997,云南,孟连,99.36,22.19,945
1998,云南,双江,99.48,23.28,1044.1
1999,云南,临沧,100.05,23.53,1502.4
2000,云南,景谷,100.42,23.3,913.2
2001,云南,澜沧,99.56,22.34,1054.8
2002,云南,勐海,100.25,21.55,1176.3
2003,云南,墨江,101.4,23.25,1314.6
2004,云南,思茅,100.58,22.47,1302.1
2005,云南,元江,101.59,23.36,400.9
2006,云南,勐腊,101.35,21.28,633.4
2007,云南,石屏,102.29,23.42,1419.3
2008,云南,红河,102.26,23.22,974.5
2009,云南,元阳,102.5,23.14,232
2010,云南,江城,101.51,22.35,1120.5
2011,云南,绿春,102.25,23,1642.8
2012,云南,开远,103.17,23.42,1051.8
2013,云南,个旧,103.09,23.23,1720.5
2014,云南,金平,103.14,22.47,1260
2015,云南,砚山,104.2,23.37,1561.1
2016,云南,西畴,104.42,23.27,1507.5
2017,云南,文山,104.17,23.2,1293.5
2018,云南,马关,104.25,23.02,1332.9
2019,云南,广南,105.04,24.04,1249.6
2020,云南,富宁,105.38,23.39,685.8
2021,浙江,长兴,119.54,31.01,25
2022,浙江,安吉,119.42,30.38,27.7
2023,浙江,临安,119.42,30.13,117.6
2024,浙江,富阳,119.57,30.03,46.5
2025,浙江,湖州,120.03,30.52,7.4
2026,浙江,嘉善,120.56,30.5,2.6
2027,浙江,嘉兴,120.46,30.44,4.8
2028,浙江,绍兴,120.3,30.04,7.9
2029,浙江,德清,119.59,30.32,7.8
2030,浙江,海宁,120.39,30.31,8.8
2031,浙江,桐乡,120.31,30.38,6
2032,浙江,杭州,120.1,30.14,41.7
2033,浙江,海盐,120.54,30.32,4.8
2034,浙江,萧山,120.17,30.11,44.3
2035,浙江,慈溪,121.16,30.12,4.5
2036,浙江,余姚,121.1,30.03,5.4
2037,浙江,开化,118.24,29.08,153.6
2038,浙江,桐庐,119.41,29.49,46.1
2039,浙江,淳安,119.01,29.37,171.4
2040,浙江,建德,119.16,29.29,88.9
2041,浙江,浦江,119.53,29.28,115.8
2042,浙江,龙游,119.11,29.02,66.2
2043,浙江,兰溪,119.28,29.13,50.2
2044,浙江,金华,119.39,29.07,62.6
2045,浙江,诸暨,120.15,29.42,39.1
2046,浙江,上虞,120.49,30.03,6.4
2047,浙江,新昌,120.53,29.31,113.9
2048,浙江,嵊州,120.49,29.36,104.3
2049,浙江,义乌,120.05,29.2,90
2050,浙江,东阳,120.13,29.16,89.9
2051,浙江,天台,120.59,29.1,58.3
2052,浙江,镇海,121.36,29.59,4
2053,浙江,鄞州,121.33,29.47,5
2054,浙江,北仑,121.5,29.53,5
2055,浙江,奉化,121.23,29.42,19.9
2056,浙江,象山,121.53,29.28,6
2057,浙江,宁海,121.26,29.19,39.3
2058,浙江,三门,121.23,29.07,34.5
2059,浙江,石浦,121.57,29.12,128.4
2060,浙江,常山,118.3,28.54,137
2061,浙江,江山,118.36,28.43,126.3
2062,浙江,武义,119.48,28.53,105.1
2063,浙江,永康,120.02,28.54,102.9
2064,浙江,遂昌,119.17,28.36,237.8
2065,浙江,丽水,119.55,28.27,59.7
2066,浙江,龙泉,119.08,28.05,222.1
2067,浙江,仙居,120.43,28.52,83
2068,浙江,缙云,120.05,28.4,184.7
2069,浙江,乐清,120.58,28.04,60.8
2070,浙江,青田,120.17,28.09,57.8
2071,浙江,永嘉,120.41,28.09,34.3
2072,浙江,温州,120.39,28.02,28.3
2073,浙江,临海,121.12,28.52,6.6
2074,浙江,洪家,121.25,28.37,4.6
2075,浙江,玉环,121.16,28.05,95.9
2076,浙江,云和,119.33,28.07,163
2077,浙江,庆元,119.05,27.37,400.8
2078,浙江,泰顺,119.42,27.33,538.9
2079,浙江,文成,120.05,27.47,105.4
2080,浙江,平阳,120.34,27.4,5.3
2081,浙江,瑞安,120.39,27.47,39.7
2082,重庆,城口,108.4,31.57,798.2
2083,重庆,开县,108.25,31.11,216.5
2084,重庆,云阳,108.41,30.57,297.2
2085,重庆,巫溪,109.37,31.24,337.8
2086,重庆,奉节,109.32,31.01,299.8
2087,重庆,巫山,109.52,31.04,275.7
2088,重庆,潼南,105.48,30.11,297.7
2089,重庆,垫江,107.2,30.2,433.8
2090,重庆,天城,108.21,30.5,257
2091,重庆,万州,108.24,30.46,186.7
2092,重庆,忠县,108.02,30.18,325.6
2093,重庆,石柱,108.07,29.59,632.3
2094,重庆,大足,105.42,29.42,394.7
2095,重庆,荣昌,105.35,29.25,338
2096,重庆,永川,105.54,29.22,353
2097,重庆,万盛,106.56,28.57,325.3
2098,重庆,铜梁,106.04,29.51,282.9
2099,重庆,北碚,106.27,29.51,240.8
2100,重庆,合川,106.17,29.58,230.6
2101,重庆,渝北,106.37,29.44,464.7
2102,重庆,璧山,106.13,29.35,331.5
2103,重庆,沙坪坝,106.28,29.35,259.1
2104,重庆,江津,106.15,29.17,261.4
2105,重庆,巴南,106.3,29.2,506.1
2106,重庆,南川,107.07,29.1,559.5
2107,重庆,长寿,107.04,29.5,377.6
2108,重庆,丰都,107.44,29.51,290.5
2109,重庆,武隆,107.45,29.19,277.9
2110,重庆,黔江,108.47,29.32,607.3
2111,重庆,彭水,108.1,29.18,322.2
2112,重庆,綦江,106.39,29,474.7
2113,重庆,酉阳,108.46,28.49,826.5
2114,重庆,秀山,108.59,28.27,363.7