0,US,CITY,243.83,34.30,625.10
1,US,CITY,292.18,47.15,245.00
2,US,CITY,236.77,48.42,15.00
3,US,CITY,287.83,45.27,209.00
4,US,CITY,287.23,45.37,86.00
5,US,CITY,288.88,48.30,163.00
6,US,CITY,273.66,48.76,315.46
7,US,CITY,284.28,45.38,79.00
8,US,CITY,270.68,48.37,199.00
9,US,CITY,284.27,44.63,120.00
10,US,CITY,263.37,43.73,481.52
11,US,CITY,280.60,43.18,79.00
12,US,CITY,279.97,45.33,176.00
13,US,CITY,286.27,45.47,32.00
14,US,CITY,286.62,45.72,18.00
15,US,CITY,289.47,48.37,7.00
16,US,CITY,289.88,48.27,4.00
17,US,CITY,290.30,48.13,7.00
18,US,CITY,278.62,48.55,294.00
19,US,CITY,282.75,45.87,162.00
20,US,CITY,287.08,46.18,16.00
21,US,CITY,236.68,48.40,70.00
22,US,CITY,288.87,47.32,673.00
23,US,CITY,280.17,47.68,243.40
24,US,CITY,275.49,46.49,192.02
25,US,CITY,278.28,43.77,214.00
26,US,CITY,280.83,43.19,97.84
27,US,CITY,280.07,43.17,237.74
28,US,CITY,280.63,43.86,198.12
29,US,CITY,280.62,43.62,76.50
30,US,CITY,279.78,44.50,180.00
31,US,CITY,280.78,44.53,221.00
32,US,CITY,282.13,45.07,331.00
33,US,CITY,280.22,44.23,251.00
34,US,CITY,280.10,43.28,102.00
35,US,CITY,277.10,42.03,191.00
36,US,CITY,284.37,45.00,99.00
37,US,CITY,280.00,48.15,324.00
38,US,CITY,277.48,41.93,177.00
39,US,CITY,285.03,45.25,85.00
40,US,CITY,278.12,42.45,206.00
41,US,CITY,280.45,44.48,289.00
42,US,CITY,289.37,47.28,723.00
43,US,CITY,289.22,46.20,229.00
44,US,CITY,279.58,43.65,376.00
45,US,CITY,279.62,43.46,321.25
46,US,CITY,287.27,46.55,110.00
47,US,CITY,286.58,45.52,27.43
48,US,CITY,286.67,45.28,44.00
49,US,CITY,287.15,45.05,152.00
50,US,CITY,285.45,46.07,239.00
51,US,CITY,286.08,45.42,39.00
52,US,CITY,287.22,47.40,169.00
53,US,CITY,287.47,48.83,137.00
54,US,CITY,288.30,48.58,113.00
55,US,CITY,288.78,47.55,791.00
56,US,CITY,289.23,47.07,6.00
57,US,CITY,291.12,48.40,7.00
58,US,CITY,292.57,48.47,166.00
59,US,CITY,288.98,48.88,304.00
60,US,CITY,289.08,48.30,152.00
61,US,CITY,288.03,46.68,61.00
62,US,CITY,284.37,45.83,195.00
63,US,CITY,288.72,46.78,91.00
64,US,CITY,290.45,48.07,6.00
65,US,CITY,282.85,43.83,79.00
66,US,CITY,281.83,43.95,78.00
67,US,CITY,280.78,43.25,79.00
68,US,CITY,274.17,47.33,187.00
69,US,CITY,281.64,44.23,191.41
70,US,CITY,280.20,43.30,77.00
71,US,CITY,279.63,45.03,191.00
72,US,CITY,278.27,45.33,181.00
73,US,CITY,278.52,45.97,196.00
74,US,CITY,277.03,45.63,183.00
75,US,CITY,280.75,42.87,184.00
76,US,CITY,279.95,42.55,175.00
77,US,CITY,278.10,42.25,178.00
78,US,CITY,236.97,48.78,24.00
79,US,CITY,236.67,48.42,5.00
80,US,CITY,288.73,46.05,430.00
81,US,CITY,280.60,43.67,113.00
82,US,CITY,286.57,45.80,21.00
83,US,CITY,280.70,44.97,282.00
84,US,CITY,280.08,44.25,223.00
85,US,CITY,277.04,42.28,189.58
86,US,CITY,291.53,48.52,5.00
87,US,CITY,262.77,49.00,242.00
88,US,CITY,279.45,42.87,232.00
89,US,CITY,281.73,45.53,397.00
90,US,CITY,291.68,47.42,154.00
91,US,CITY,292.75,45.22,26.00
92,US,CITY,288.31,45.44,241.40
93,US,CITY,288.18,45.37,181.00
94,US,CITY,286.43,45.50,73.00
95,US,CITY,286.33,45.17,53.00
96,US,CITY,287.95,46.30,97.00
97,US,CITY,288.87,48.42,128.00
98,US,CITY,283.40,44.23,92.96
99,US,CITY,282.47,44.12,86.30
100,US,CITY,278.85,43.03,278.00
101,US,CITY,278.85,43.04,277.97
102,US,CITY,280.37,43.68,173.43
103,US,CITY,282.68,45.95,130.14
104,US,CITY,286.25,45.47,30.20
105,US,CITY,284.44,45.52,64.31
106,US,CITY,284.33,45.32,113.99
107,US,CITY,280.70,44.97,281.94
108,US,CITY,279.25,43.98,415.00
109,US,CITY,278.90,44.75,222.19
110,US,CITY,280.63,43.87,198.00
111,US,CITY,275.18,47.72,400.62
112,US,CITY,276.65,47.82,446.53
113,US,CITY,270.68,48.37,199.00
114,US,CITY,281.70,44.35,216.00
115,US,CITY,280.15,47.70,243.23
116,US,CITY,280.60,45.13,297.00
117,US,CITY,281.11,43.92,139.90
118,US,CITY,277.68,43.00,181.05
119,US,CITY,288.61,46.79,74.37
120,US,CITY,285.72,45.12,49.00
121,US,CITY,289.98,47.35,31.00
122,US,CITY,288.62,46.78,74.00
123,US,CITY,290.47,47.80,147.00
124,US,CITY,288.50,46.90,168.00
125,US,CITY,291.78,48.60,52.42
126,US,CITY,284.00,46.27,200.00
127,US,CITY,287.35,46.22,8.00
128,US,CITY,287.50,46.35,6.00
129,US,CITY,282.22,48.05,337.41
130,US,CITY,281.16,48.21,301.14
131,US,CITY,285.38,47.92,445.00
132,US,CITY,289.00,48.33,159.10
133,US,CITY,287.73,48.52,178.61
134,US,CITY,279.20,46.63,347.77
135,US,CITY,280.58,46.36,370.33
136,US,CITY,280.90,46.72,181.00
137,US,CITY,279.20,46.63,348.00
138,US,CITY,280.97,48.23,318.00
139,US,CITY,285.90,46.82,430.00
140,US,CITY,275.21,47.97,287.12
141,US,CITY,275.22,47.97,287.00
142,US,CITY,278.62,48.57,294.74
143,US,CITY,277.70,43.00,181.00
144,US,CITY,268.38,48.75,389.00
145,US,CITY,270.67,48.37,199.03
146,US,CITY,273.71,48.61,207.90
147,US,CITY,270.88,48.37,211.00
148,US,CITY,280.67,42.97,178.00
149,US,CITY,278.37,45.23,214.00
150,US,CITY,236.48,48.57,366.00
151,US,CITY,236.47,48.30,3.00
152,US,CITY,236.08,48.38,22.00
153,US,CITY,236.70,48.45,60.00
154,US,CITY,236.57,48.43,3.00
155,US,CITY,236.57,48.65,19.20
156,US,CITY,283.40,44.22,93.00
157,US,CITY,279.78,43.55,325.00
158,US,CITY,285.97,45.68,82.29
159,US,CITY,236.88,48.77,178.00
160,US,CITY,236.28,48.82,60.00
161,US,CITY,282.23,48.05,337.00
162,US,CITY,277.43,45.88,188.00
163,US,CITY,266.57,48.65,342.00
164,US,CITY,287.47,45.82,85.00
165,US,CITY,261.34,30.78,335.90
166,US,CITY,276.82,42.54,218.20
167,US,CITY,279.30,32.22,7.30
168,US,CITY,271.58,41.43,178.00
169,US,CITY,256.32,30.38,1375.60
170,US,CITY,269.00,38.58,149.00
171,US,CITY,271.25,37.19,117.00
172,US,CITY,265.80,34.55,328.90
173,US,CITY,268.24,33.64,88.40
174,US,CITY,237.08,40.75,716.30
175,US,CITY,273.35,46.41,186.50
176,US,CITY,236.18,45.42,11.30
177,US,CITY,237.02,46.68,54.30
178,US,CITY,275.10,31.40,65.20
179,US,CITY,266.69,46.62,374.30
180,US,CITY,262.17,33.18,259.40
181,US,CITY,274.04,32.91,209.10
182,US,CITY,274.16,41.27,259.10
183,US,CITY,238.92,38.95,466.60
184,US,CITY,275.37,30.98,43.00
185,US,CITY,261.88,27.21,34.10
186,US,CITY,258.48,32.21,784.30
187,US,CITY,237.58,48.47,42.70
188,US,CITY,264.14,28.97,13.70
189,US,CITY,281.29,34.27,29.90
190,US,CITY,276.34,41.74,203.90
191,US,CITY,261.87,26.44,24.40
192,US,CITY,278.40,35.26,258.20
193,US,CITY,282.52,36.69,38.70
194,US,CITY,281.42,34.60,40.50
195,US,CITY,284.33,36.02,4.00
196,US,CITY,267.82,43.68,388.90
197,US,CITY,275.19,42.57,267.60
198,US,CITY,283.24,37.52,7.30
199,US,CITY,262.18,32.44,237.10
200,US,CITY,263.33,33.71,228.30
201,US,CITY,281.47,36.36,160.60
202,US,CITY,277.48,33.53,151.80
203,US,CITY,263.47,32.75,136.20
204,US,CITY,268.05,42.45,298.10
205,US,CITY,277.18,33.78,196.60
206,US,CITY,262.90,32.08,208.80
207,US,CITY,265.97,30.89,64.90
208,US,CITY,283.28,37.24,14.90
209,US,CITY,264.78,31.87,206.30
210,US,CITY,263.09,32.46,228.30
211,US,CITY,278.40,32.65,57.30
212,US,CITY,263.38,30.87,86.90
213,US,CITY,284.73,40.10,92.00
214,US,CITY,262.42,33.25,319.10
215,US,CITY,265.63,38.96,303.90
216,US,CITY,273.44,34.86,230.10
217,US,CITY,263.89,41.20,319.70
218,US,CITY,268.49,40.95,223.70
219,US,CITY,265.04,33.10,110.60
220,US,CITY,267.05,41.40,269.70
221,US,CITY,259.00,35.61,989.10
222,US,CITY,264.29,31.78,128.90
223,US,CITY,259.25,36.41,889.40
224,US,CITY,262.31,27.78,24.10
225,US,CITY,282.54,38.40,64.60
226,US,CITY,261.44,33.11,342.30
227,US,CITY,272.35,39.02,140.80
228,US,CITY,262.57,32.35,260.30
229,US,CITY,275.48,45.65,193.50
230,US,CITY,243.44,48.30,648.30
231,US,CITY,261.09,30.24,516.60
232,US,CITY,284.62,40.44,160.30
233,US,CITY,267.97,42.22,257.60
234,US,CITY,268.13,44.89,272.80
235,US,CITY,279.73,39.00,498.30
236,US,CITY,272.27,38.61,161.20
237,US,CITY,269.96,36.23,79.85
238,US,CITY,242.40,33.90,162.50
239,US,CITY,282.83,39.17,164.30
240,US,CITY,248.83,32.15,737.00
241,US,CITY,273.80,44.63,192.60
242,US,CITY,261.58,35.86,471.80
243,US,CITY,270.98,44.33,251.80
244,US,CITY,264.44,42.73,373.70
245,US,CITY,250.19,42.80,2159.80
246,US,CITY,267.31,30.75,32.60
247,US,CITY,276.86,33.60,206.30
248,US,CITY,276.76,33.15,117.00
249,US,CITY,267.51,41.23,256.00
250,US,CITY,276.26,36.61,351.70
251,US,CITY,260.66,34.70,436.80
252,US,CITY,281.23,39.60,236.20
253,US,CITY,261.07,35.54,492.60
254,US,CITY,263.23,35.95,279.20
255,US,CITY,261.99,35.47,431.90
256,US,CITY,273.69,31.04,95.70
257,US,CITY,273.39,31.85,137.50
258,US,CITY,274.87,31.95,86.90
259,US,CITY,265.25,45.37,359.70
260,US,CITY,264.22,43.99,494.70
261,US,CITY,248.90,43.74,1898.60
262,US,CITY,274.41,41.96,251.20
263,US,CITY,277.84,28.00,46.90
264,US,CITY,277.55,27.92,2.40
265,US,CITY,276.26,46.01,202.70
266,US,CITY,273.74,34.23,314.60
267,US,CITY,268.83,35.63,72.80
268,US,CITY,279.58,41.03,327.10
269,US,CITY,275.14,36.86,293.50
270,US,CITY,272.33,30.29,4.90
271,US,CITY,272.98,30.70,54.30
272,US,CITY,283.67,38.97,5.20
273,US,CITY,254.23,39.80,4113.30
274,US,CITY,264.87,45.12,344.10
275,US,CITY,237.71,47.10,164.30
276,US,CITY,262.28,28.35,82.30
277,US,CITY,277.23,31.06,57.30
278,US,CITY,257.67,34.85,1153.10
279,US,CITY,266.93,34.10,55.80
280,US,CITY,261.48,28.95,131.10
281,US,CITY,277.77,39.22,233.20
282,US,CITY,267.55,35.60,157.30
283,US,CITY,261.52,33.85,304.20
284,US,CITY,263.89,41.41,395.90
285,US,CITY,237.45,38.15,1.20
286,US,CITY,285.71,39.93,25.00
287,US,CITY,284.13,39.98,201.20
288,US,CITY,276.02,34.85,582.00
289,US,CITY,254.71,36.42,2554.20
290,US,CITY,265.84,41.83,308.80
291,US,CITY,272.40,34.27,284.10
292,US,CITY,277.48,40.33,363.00
293,US,CITY,274.00,43.43,253.30
294,US,CITY,258.95,39.43,971.10
295,US,CITY,258.63,37.16,954.93
296,US,CITY,264.22,37.16,251.20
297,US,CITY,265.27,37.45,290.20
298,US,CITY,258.20,39.77,1040.30
299,US,CITY,271.63,36.66,176.20
300,US,CITY,275.23,37.58,312.10
301,US,CITY,277.26,38.55,166.42
302,US,CITY,276.26,38.54,278.28
303,US,CITY,275.67,37.63,305.10
304,US,CITY,276.02,38.07,311.20
305,US,CITY,277.36,37.75,372.50
306,US,CITY,277.43,37.56,448.97
307,US,CITY,269.92,29.95,15.24
308,US,CITY,270.13,30.82,36.60
309,US,CITY,267.90,30.56,23.20
310,US,CITY,268.56,39.73,234.70
311,US,CITY,265.98,36.90,401.10
312,US,CITY,266.80,39.10,237.43
313,US,CITY,270.44,36.90,96.01
314,US,CITY,262.37,46.22,386.20
315,US,CITY,287.98,44.57,362.10
316,US,CITY,287.77,44.88,278.90
317,US,CITY,286.90,44.93,70.10
318,US,CITY,282.48,37.40,72.20
319,US,CITY,283.55,36.78,7.00
320,US,CITY,283.12,37.85,41.10
321,US,CITY,273.95,33.57,160.93
322,US,CITY,272.69,33.90,147.20
323,US,CITY,273.69,33.17,173.43
324,US,CITY,249.06,42.71,1896.16
325,US,CITY,249.44,41.82,2220.50
326,US,CITY,249.59,41.39,2145.50
327,US,CITY,251.21,44.87,1552.04
328,US,CITY,253.17,41.44,2138.50
329,US,CITY,250.31,43.55,2224.10
330,US,CITY,253.93,38.70,2421.90
331,US,CITY,251.44,38.24,1810.50
332,US,CITY,251.93,38.78,1583.10
333,US,CITY,253.95,38.53,2294.20
334,US,CITY,254.78,40.03,1612.10
335,US,CITY,254.95,40.02,1564.20
336,US,CITY,256.20,40.33,1393.20
337,US,CITY,257.73,40.57,1137.20
338,US,CITY,254.83,40.17,1541.10
339,US,CITY,252.95,37.28,2335.10
340,US,CITY,270.45,34.38,137.80
341,US,CITY,262.03,30.50,375.20
342,US,CITY,274.93,41.30,268.20
343,US,CITY,256.73,40.62,1231.10
344,US,CITY,287.49,41.38,127.10
345,US,CITY,240.27,39.18,1432.30
346,US,CITY,240.25,39.00,1440.48
347,US,CITY,260.60,35.43,610.20
348,US,CITY,264.47,34.03,174.00
349,US,CITY,263.85,36.18,272.20
350,US,CITY,239.83,46.80,928.00
351,US,CITY,247.94,41.55,1288.10
352,US,CITY,247.65,40.61,1316.12
353,US,CITY,273.75,40.03,281.00
354,US,CITY,238.22,38.53,21.00
355,US,CITY,265.15,32.15,135.00
356,US,CITY,261.11,32.72,391.10
357,US,CITY,285.76,40.62,7.01
358,US,CITY,260.75,26.97,129.20
359,US,CITY,269.55,42.68,312.10
360,US,CITY,267.92,29.98,15.20
361,US,CITY,271.45,44.78,248.10
362,US,CITY,272.12,30.46,28.00
363,US,CITY,273.33,41.33,208.20
364,US,CITY,264.62,29.72,69.20
365,US,CITY,278.37,34.30,173.10
366,US,CITY,278.05,34.50,212.10
367,US,CITY,279.97,33.18,22.30
368,US,CITY,278.80,34.78,200.30
369,US,CITY,278.32,33.65,161.20
370,US,CITY,278.62,33.25,75.30
371,US,CITY,279.43,34.28,92.00
372,US,CITY,280.15,33.72,20.10
373,US,CITY,280.05,34.72,73.20
374,US,CITY,280.00,32.70,5.20
375,US,CITY,279.15,34.72,148.10
376,US,CITY,280.67,34.18,28.00
377,US,CITY,279.37,32.92,31.10
378,US,CITY,279.63,34.00,55.20
379,US,CITY,279.37,32.41,38.10
380,US,CITY,280.88,33.83,10.10
381,US,CITY,238.65,38.91,37.20
382,US,CITY,239.58,38.03,646.20
383,US,CITY,266.80,36.53,397.20
384,US,CITY,264.10,29.80,51.20
385,US,CITY,255.13,41.13,1877.56
386,US,CITY,262.91,44.02,523.00
387,US,CITY,262.65,36.75,314.20
388,US,CITY,258.97,35.88,845.20
389,US,CITY,264.90,35.28,183.20
390,US,CITY,262.18,35.48,413.00
391,US,CITY,275.74,43.66,194.20
392,US,CITY,280.27,34.62,45.10
393,US,CITY,279.72,33.06,17.10
394,US,CITY,279.88,34.40,111.30
395,US,CITY,278.89,34.32,176.20
396,US,CITY,247.80,35.30,2035.10
397,US,CITY,266.32,38.35,251.20
398,US,CITY,264.52,29.50,21.00
399,US,CITY,238.80,44.10,1055.20
400,US,CITY,261.63,30.53,333.10
401,US,CITY,255.48,38.80,1899.51
402,US,CITY,255.15,38.75,2114.00
403,US,CITY,266.38,43.23,374.60
404,US,CITY,247.32,33.42,311.20
405,US,CITY,239.25,38.72,787.30
406,US,CITY,237.50,37.51,20.10
407,US,CITY,261.80,31.11,370.00
408,US,CITY,262.43,30.40,188.10
409,US,CITY,282.37,36.33,44.20
410,US,CITY,276.65,40.23,311.20
411,US,CITY,240.48,38.36,2057.10
412,US,CITY,277.43,28.87,3.00
413,US,CITY,258.80,30.74,726.00
414,US,CITY,272.02,28.08,224.00
415,US,CITY,267.80,27.20,224.00
416,US,CITY,268.80,28.60,224.00
417,US,CITY,265.68,27.82,224.00
418,US,CITY,266.47,27.30,224.00
419,US,CITY,278.12,31.55,33.20
420,US,CITY,274.85,33.63,354.20
421,US,CITY,282.99,39.61,240.50
422,US,CITY,266.31,41.05,339.90
423,US,CITY,276.51,31.43,108.20
424,US,CITY,275.47,40.20,307.20
425,US,CITY,275.06,33.91,393.20
426,US,CITY,270.45,29.12,36.30
427,US,CITY,270.21,28.64,224.00
428,US,CITY,267.12,28.43,224.00
429,US,CITY,266.37,29.48,224.00
430,US,CITY,268.13,29.12,224.00
431,US,CITY,264.13,28.06,0.00
432,US,CITY,265.02,28.58,0.30
433,US,CITY,266.33,27.96,0.30
434,US,CITY,264.28,28.50,34.10
435,US,CITY,263.82,27.73,9.00
436,US,CITY,243.48,43.58,773.30
437,US,CITY,274.21,30.35,17.40
438,US,CITY,273.82,41.07,241.10
439,US,CITY,260.85,47.45,490.10
440,US,CITY,276.12,30.90,80.20
441,US,CITY,266.70,32.65,85.00
442,US,CITY,245.14,35.95,671.20
443,US,CITY,259.98,28.21,236.20
444,US,CITY,262.85,26.07,4.30
445,US,CITY,277.30,34.82,309.10
446,US,CITY,265.37,27.35,101.20
447,US,CITY,253.53,41.73,2225.00
448,US,CITY,237.33,48.35,14.30
449,US,CITY,276.78,36.65,430.10
450,US,CITY,271.15,33.43,101.20
451,US,CITY,260.60,31.84,517.20
452,US,CITY,270.83,31.67,72.54
453,US,CITY,282.21,36.77,100.27
454,US,CITY,263.49,31.64,166.10
455,US,CITY,269.59,32.30,75.30
456,US,CITY,273.19,39.63,256.64
457,US,CITY,240.12,39.67,1540.20
458,US,CITY,255.43,38.95,2095.20
459,US,CITY,260.38,48.88,555.00
460,US,CITY,256.02,46.93,840.00
461,US,CITY,262.37,48.78,272.20
462,US,CITY,273.99,34.69,198.10
463,US,CITY,260.76,48.48,450.20
464,US,CITY,269.15,44.25,255.10
465,US,CITY,256.70,48.93,594.10
466,US,CITY,257.10,48.38,691.00
467,US,CITY,282.45,35.94,16.20
468,US,CITY,262.63,48.41,251.20
469,US,CITY,258.42,47.29,553.20
470,US,CITY,259.98,48.39,472.10
471,US,CITY,256.75,47.80,643.10
472,US,CITY,267.32,38.95,218.20
473,US,CITY,259.11,46.77,593.10
474,US,CITY,270.12,46.12,491.00
475,US,CITY,258.14,46.81,636.72
476,US,CITY,276.73,43.07,254.20
477,US,CITY,272.87,38.70,143.30
478,US,CITY,278.72,29.07,24.10
479,US,CITY,275.84,36.33,359.66
480,US,CITY,257.59,48.30,684.30
481,US,CITY,261.98,46.94,427.00
482,US,CITY,272.22,29.23,53.00
483,US,CITY,268.02,27.83,30.20
484,US,CITY,268.52,28.63,28.00
485,US,CITY,269.55,27.63,58.20
486,US,CITY,265.48,29.18,75.30
487,US,CITY,271.16,29.30,25.00
488,US,CITY,266.70,28.92,34.10
489,US,CITY,243.71,48.73,711.10
490,US,CITY,271.40,34.92,130.10
491,US,CITY,269.97,27.20,50.30
492,US,CITY,265.78,30.07,10.10
493,US,CITY,269.49,34.30,53.00
494,US,CITY,276.89,40.28,288.00
495,US,CITY,268.02,45.51,378.30
496,US,CITY,269.59,31.61,149.00
497,US,CITY,259.76,46.22,542.20
498,US,CITY,263.40,41.23,373.10
499,US,CITY,265.69,32.52,108.80
500,US,CITY,276.18,40.37,342.30
501,US,CITY,278.53,30.62,5.20
502,US,CITY,275.81,32.11,142.60
503,US,CITY,267.31,37.97,324.00
504,US,CITY,277.63,32.61,100.30
505,US,CITY,242.33,34.56,920.49
506,US,CITY,271.56,29.25,115.20
507,US,CITY,265.32,26.93,25.30
508,US,CITY,267.74,28.27,90.20
509,US,CITY,269.80,29.12,30.20
510,US,CITY,273.63,40.71,225.20
511,US,CITY,276.87,32.21,93.30
512,US,CITY,253.85,32.08,1246.00
513,US,CITY,274.47,30.03,5.20
514,US,CITY,260.15,32.43,545.00
515,US,CITY,275.73,33.23,292.30
516,US,CITY,268.52,30.72,12.20
517,US,CITY,280.50,35.70,187.10
518,US,CITY,251.22,42.52,2588.10
519,US,CITY,267.52,44.02,355.00
520,US,CITY,273.93,35.18,298.10
521,US,CITY,251.31,32.33,1304.20
522,US,CITY,255.73,41.33,1667.26
523,US,CITY,256.00,41.52,1607.21
524,US,CITY,256.33,41.58,1370.99
525,US,CITY,256.20,41.37,1545.95
526,US,CITY,256.02,41.12,1609.34
527,US,CITY,256.52,41.37,1452.98
528,US,CITY,256.90,41.22,1333.50
529,US,CITY,257.17,41.32,1262.79
530,US,CITY,257.13,41.05,1292.96
531,US,CITY,256.80,40.97,1380.13
532,US,CITY,256.52,41.13,1439.27
533,US,CITY,256.30,40.92,1518.82
534,US,CITY,256.52,40.70,1336.24
535,US,CITY,256.17,40.63,1459.08
536,US,CITY,256.00,40.88,1648.97
537,US,CITY,249.20,47.28,1219.20
538,US,CITY,249.63,47.28,1234.44
539,US,CITY,249.83,47.10,1336.55
540,US,CITY,250.18,47.38,1093.32
541,US,CITY,250.58,47.45,1116.48
542,US,CITY,247.68,47.60,1343.25
543,US,CITY,247.90,47.33,1310.64
544,US,CITY,248.05,47.70,1178.66
545,US,CITY,248.53,47.32,1107.95
546,US,CITY,248.45,47.75,1152.14
547,US,CITY,250.20,46.45,1329.84
548,US,CITY,250.27,46.70,1414.27
549,US,CITY,250.37,47.02,1256.08
550,US,CITY,250.97,47.07,1161.29
551,US,CITY,251.07,47.33,1086.00
552,US,CITY,259.42,47.97,482.80
553,US,CITY,259.07,47.91,588.57
554,US,CITY,258.99,47.71,598.63
555,US,CITY,258.70,47.80,631.55
556,US,CITY,258.33,47.75,640.69
557,US,CITY,258.33,47.90,619.35
558,US,CITY,258.04,48.12,643.74
559,US,CITY,257.78,47.97,578.21
560,US,CITY,257.70,48.34,678.18
561,US,CITY,258.11,48.41,670.26
562,US,CITY,257.88,48.55,693.42
563,US,CITY,257.73,48.79,601.07
564,US,CITY,258.12,48.67,569.37
565,US,CITY,258.41,48.76,516.03
566,US,CITY,258.72,48.82,466.34
567,US,CITY,286.90,43.99,149.35
568,US,CITY,273.27,41.57,247.20
569,US,CITY,273.75,35.38,330.10
570,US,CITY,276.73,31.68,111.30
571,US,CITY,263.03,30.88,123.10
572,US,CITY,277.35,31.89,78.00
573,US,CITY,251.61,43.47,2225.00
574,US,CITY,278.33,26.00,1.52
575,US,CITY,277.84,28.23,27.40
576,US,CITY,264.17,32.16,135.33
577,US,CITY,263.56,32.93,175.30
578,US,CITY,265.69,39.33,237.10
579,US,CITY,269.07,30.17,4.27
580,US,CITY,255.64,29.63,896.10
581,US,CITY,266.98,44.48,280.40
582,US,CITY,263.39,46.24,295.00
583,US,CITY,263.78,43.62,436.20
584,US,CITY,276.55,43.46,213.70
585,US,CITY,262.91,27.81,1.50
586,US,CITY,278.56,28.29,25.00
587,US,CITY,278.03,28.95,27.10
588,US,CITY,277.55,28.47,23.50
589,US,CITY,279.68,25.79,8.80
590,US,CITY,277.65,28.01,6.70
591,US,CITY,279.89,26.38,4.00
592,US,CITY,279.72,25.91,3.00
593,US,CITY,279.62,25.48,1.50
594,US,CITY,279.57,25.65,3.00
595,US,CITY,279.90,26.68,5.80
596,US,CITY,273.14,34.27,293.50
597,US,CITY,266.45,44.07,343.20
598,US,CITY,264.44,44.75,319.10
599,US,CITY,278.01,26.92,7.60
600,US,CITY,279.76,26.00,2.70
601,US,CITY,278.22,26.16,2.70
602,US,CITY,279.83,26.20,4.30
603,US,CITY,279.36,28.10,8.20
604,US,CITY,269.74,29.44,0.30
605,US,CITY,264.50,32.74,132.30
606,US,CITY,263.33,34.80,309.70
607,US,CITY,279.20,28.52,10.70
608,US,CITY,279.89,26.25,6.40
609,US,CITY,278.68,28.43,27.40
610,US,CITY,263.85,34.40,179.80
611,US,CITY,261.33,36.77,449.30
612,US,CITY,278.67,28.55,32.90
613,US,CITY,269.77,35.14,65.20
614,US,CITY,277.77,29.17,26.50
615,US,CITY,278.76,28.78,16.80
616,US,CITY,271.70,42.69,237.40
617,US,CITY,278.31,30.50,7.90
618,US,CITY,253.85,39.47,3680.20
619,US,CITY,277.14,31.48,78.30
620,US,CITY,278.33,30.23,6.10
621,US,CITY,278.58,30.40,4.90
622,US,CITY,278.12,30.22,24.70
623,US,CITY,273.53,30.40,6.70
624,US,CITY,278.80,32.13,14.00
625,US,CITY,262.03,35.10,350.50
626,US,CITY,281.64,34.98,45.10
627,US,CITY,271.88,38.09,118.30
628,US,CITY,271.29,41.93,278.90
629,US,CITY,272.40,40.20,202.40
630,US,CITY,262.05,34.47,339.20
631,US,CITY,279.70,35.78,223.40
632,US,CITY,279.96,32.90,12.20
633,US,CITY,282.62,39.42,93.90
634,US,CITY,270.42,42.25,261.80
635,US,CITY,279.28,32.48,11.30
636,US,CITY,269.57,40.93,232.90
637,US,CITY,278.43,31.88,13.70
638,US,CITY,264.52,36.29,221.00
639,US,CITY,265.26,36.61,253.90
640,US,CITY,275.27,44.68,350.20
641,US,CITY,262.95,32.70,179.50
642,US,CITY,258.49,36.68,951.90
643,US,CITY,244.87,35.98,749.20
644,US,CITY,264.66,41.58,375.20
645,US,CITY,287.75,40.96,17.10
646,US,CITY,263.18,35.72,299.90
647,US,CITY,253.20,37.45,3593.90
648,US,CITY,279.62,27.50,7.30
649,US,CITY,277.37,27.76,2.40
650,US,CITY,278.14,26.59,4.60
651,US,CITY,257.35,32.68,1010.40
652,US,CITY,278.25,26.54,9.40
653,US,CITY,275.58,34.32,372.20
654,US,CITY,277.46,27.96,5.80
655,US,CITY,265.05,32.70,126.50
656,US,CITY,263.02,30.17,147.80
657,US,CITY,266.16,45.16,294.70
658,US,CITY,277.44,27.40,8.50
659,US,CITY,277.31,27.91,3.40
660,US,CITY,277.56,27.07,5.80
661,US,CITY,277.95,28.00,45.10
662,US,CITY,276.89,29.63,11.60
663,US,CITY,259.05,32.69,740.70
664,US,CITY,278.22,27.95,38.10
665,US,CITY,262.41,40.15,449.00
666,US,CITY,276.13,43.43,182.90
667,US,CITY,272.47,41.54,187.80
668,US,CITY,272.15,41.07,191.70
669,US,CITY,278.84,35.48,266.70
670,US,CITY,263.34,46.84,279.50
671,US,CITY,277.60,31.25,43.30
672,US,CITY,281.61,35.54,50.30
673,US,CITY,279.29,35.39,214.90
674,US,CITY,265.20,35.44,160.90
675,US,CITY,277.63,32.19,83.50
676,US,CITY,278.53,31.26,7.90
677,US,CITY,278.61,31.15,4.90
678,US,CITY,270.55,30.37,7.00
679,US,CITY,275.65,30.39,16.80
680,US,CITY,281.67,36.02,112.50
681,US,CITY,245.79,44.52,1545.90
682,US,CITY,263.28,32.58,152.70
683,US,CITY,266.01,45.24,313.30
684,US,CITY,275.09,45.43,206.30
685,US,CITY,276.20,31.08,86.30
686,US,CITY,279.85,35.42,185.60
687,US,CITY,270.85,41.35,199.30
688,US,CITY,288.20,41.35,24.70
689,US,CITY,260.48,36.44,666.90
690,US,CITY,275.13,34.72,216.40
691,US,CITY,255.37,39.22,2151.90
692,US,CITY,275.15,34.12,232.60
693,US,CITY,269.35,40.52,215.50
694,US,CITY,283.52,38.99,2.00
695,US,CITY,262.03,26.18,21.30
696,US,CITY,275.81,31.54,57.90
697,US,CITY,264.05,35.67,219.50
698,US,CITY,270.21,34.98,122.50
699,US,CITY,276.72,30.78,60.40
700,US,CITY,281.95,38.25,143.00
701,US,CITY,264.97,44.78,328.00
702,US,CITY,256.49,31.38,796.40
703,US,CITY,276.35,32.68,104.50
704,US,CITY,271.38,40.92,200.90
705,US,CITY,272.33,39.70,199.30
706,US,CITY,262.78,34.71,295.00
707,US,CITY,258.28,34.17,1028.40
708,US,CITY,276.40,32.63,89.60
709,US,CITY,275.23,33.31,295.70
710,US,CITY,276.13,35.20,516.90
711,US,CITY,265.38,35.02,137.50
712,US,CITY,267.47,45.15,304.20
713,US,CITY,278.04,33.36,40.20
714,US,CITY,277.96,33.47,128.90
715,US,CITY,270.92,41.89,238.00
716,US,CITY,267.63,45.82,301.40
717,US,CITY,276.17,34.27,388.60
718,US,CITY,274.43,45.69,203.00
719,US,CITY,263.06,35.36,327.10
720,US,CITY,268.26,35.21,80.50
721,US,CITY,279.78,27.18,5.50
722,US,CITY,275.56,33.63,307.80
723,US,CITY,281.93,33.93,7.60
724,US,CITY,259.53,32.47,725.40
725,US,CITY,281.02,36.28,185.60
726,US,CITY,271.86,40.29,224.60
727,US,CITY,275.48,33.78,256.00
728,US,CITY,275.70,33.88,305.30
729,US,CITY,275.43,33.36,243.20
730,US,CITY,278.35,36.20,910.40
731,US,CITY,265.00,35.93,266.10
732,US,CITY,274.97,29.73,5.80
733,US,CITY,280.90,35.58,75.30
734,US,CITY,260.26,29.21,287.10
735,US,CITY,253.68,38.48,3667.00
736,US,CITY,269.89,42.05,187.80
737,US,CITY,237.09,48.71,9.40
738,US,CITY,263.32,28.65,9.10
739,US,CITY,273.48,30.48,20.10
740,US,CITY,259.43,41.96,888.20
741,US,CITY,278.66,29.96,3.00
742,US,CITY,278.19,28.82,23.50
743,US,CITY,257.99,35.86,1129.30
744,US,CITY,273.48,30.78,57.90
745,US,CITY,278.92,33.62,97.84
746,US,CITY,277.01,32.56,94.20
747,US,CITY,283.97,38.53,6.10
748,US,CITY,274.15,31.36,121.92
749,US,CITY,272.82,30.48,38.00
750,US,CITY,252.51,41.04,1996.10
751,US,CITY,272.81,30.48,34.10
752,US,CITY,272.68,30.35,8.50
753,US,CITY,272.98,30.72,60.70
754,US,CITY,271.75,30.69,65.50
755,US,CITY,261.85,31.67,396.20
756,US,CITY,271.93,30.63,7.90
757,US,CITY,274.33,31.35,96.60
758,US,CITY,274.25,31.36,74.40
759,US,CITY,263.02,42.24,434.00
760,US,CITY,280.24,34.89,109.10
761,US,CITY,283.08,38.98,15.20
762,US,CITY,273.48,30.65,58.00
763,US,CITY,285.33,40.62,32.00
764,US,CITY,266.62,30.13,3.00
765,US,CITY,275.60,39.53,198.10
766,US,CITY,275.00,32.35,70.70
767,US,CITY,267.41,32.51,94.80
768,US,CITY,263.73,44.73,363.60
769,US,CITY,268.12,32.76,50.90
770,US,CITY,275.06,32.52,119.50
771,US,CITY,289.33,42.10,3.40
772,US,CITY,273.59,32.30,61.60
773,US,CITY,279.15,27.27,10.10
774,US,CITY,273.65,32.38,53.00
775,US,CITY,273.01,32.34,50.59
776,US,CITY,273.99,31.86,121.00
777,US,CITY,274.55,31.32,114.00
778,US,CITY,274.28,31.27,91.70
779,US,CITY,275.48,33.92,325.50
780,US,CITY,267.10,40.68,311.80
781,US,CITY,273.61,31.31,94.50
782,US,CITY,272.96,31.42,78.60
783,US,CITY,273.05,34.65,180.40
784,US,CITY,273.26,33.57,187.50
785,US,CITY,274.57,32.62,236.50
786,US,CITY,273.92,33.97,173.40
787,US,CITY,272.38,33.21,45.70
788,US,CITY,274.14,33.59,181.10
789,US,CITY,264.08,40.95,367.30
790,US,CITY,266.70,29.78,5.00
791,US,CITY,273.22,33.18,172.20
792,US,CITY,269.80,29.10,2.00
793,US,CITY,270.03,29.25,2.10
794,US,CITY,269.72,30.00,1.20
795,US,CITY,269.58,30.52,13.40
796,US,CITY,268.12,30.04,7.30
797,US,CITY,269.97,30.05,2.70
798,US,CITY,269.98,29.82,1.50
799,US,CITY,266.90,31.74,36.90
800,US,CITY,268.85,30.54,19.50
801,US,CITY,274.05,37.03,218.20
802,US,CITY,262.20,31.42,276.10
803,US,CITY,257.90,32.04,854.40
804,US,CITY,268.90,29.70,2.00
805,US,CITY,268.67,29.72,2.70
806,US,CITY,270.18,30.34,8.20
807,US,CITY,266.79,42.47,346.60
808,US,CITY,270.19,45.47,452.90
809,US,CITY,253.83,38.10,2385.40
810,US,CITY,266.67,30.83,62.20
811,US,CITY,270.60,29.33,1.00
812,US,CITY,261.26,27.35,202.10
813,US,CITY,271.26,32.33,89.60
814,US,CITY,278.89,29.30,8.80
815,US,CITY,264.39,44.25,408.40
816,US,CITY,273.74,42.35,203.00
817,US,CITY,271.43,32.55,82.60
818,US,CITY,275.86,42.99,224.30
819,US,CITY,270.67,31.47,89.30
820,US,CITY,269.92,32.32,100.60
821,US,CITY,263.99,29.27,30.50
822,US,CITY,269.78,32.34,104.20
823,US,CITY,269.07,32.23,31.40
824,US,CITY,268.72,31.62,82.90
825,US,CITY,269.53,31.18,125.90
826,US,CITY,279.05,29.05,3.00
827,US,CITY,264.38,33.17,149.00
828,US,CITY,259.83,29.95,723.00
829,US,CITY,269.65,34.68,59.10
830,US,CITY,266.20,38.78,243.20
831,US,CITY,261.33,35.55,489.20
832,US,CITY,262.80,27.92,5.20
833,US,CITY,266.82,31.05,100.60
834,US,CITY,266.77,30.12,2.70
835,US,CITY,268.47,29.56,1.20
836,US,CITY,266.86,30.21,5.20
837,US,CITY,268.01,30.21,11.60
838,US,CITY,269.34,29.57,4.00
839,US,CITY,265.98,29.95,4.90
840,US,CITY,261.95,29.71,196.60
841,US,CITY,265.14,29.27,1.50
842,US,CITY,264.76,29.52,13.40
843,US,CITY,264.44,30.07,46.30
844,US,CITY,264.64,29.98,29.00
845,US,CITY,264.83,29.62,9.80
846,US,CITY,264.72,29.64,13.40
847,US,CITY,264.59,30.36,74.70
848,US,CITY,265.25,31.24,87.80
849,US,CITY,264.41,30.74,111.60
850,US,CITY,264.60,32.35,165.80
851,US,CITY,263.60,32.03,136.60
852,US,CITY,265.29,32.38,111.30
853,US,CITY,262.91,32.66,192.00
854,US,CITY,266.18,32.45,77.40
855,US,CITY,266.26,32.54,54.60
856,US,CITY,266.33,32.50,50.60
857,US,CITY,267.96,32.52,24.10
858,US,CITY,267.71,31.40,36.00
859,US,CITY,268.97,32.35,26.20
860,US,CITY,263.73,32.71,144.80
861,US,CITY,265.29,31.58,108.20
862,US,CITY,262.58,25.91,7.30
863,US,CITY,262.35,26.23,10.40
864,US,CITY,261.75,26.18,30.50
865,US,CITY,262.65,26.17,5.80
866,US,CITY,262.49,27.77,13.40
867,US,CITY,262.72,27.68,5.50
868,US,CITY,262.18,27.50,17.10
869,US,CITY,261.98,27.74,52.70
870,US,CITY,261.95,27.90,78.30
871,US,CITY,260.53,27.53,150.60
872,US,CITY,261.53,29.34,174.00
873,US,CITY,262.95,28.08,6.70
874,US,CITY,260.78,28.46,145.10
875,US,CITY,264.54,29.11,7.60
876,US,CITY,261.52,29.54,240.50
877,US,CITY,260.83,29.36,280.40
878,US,CITY,261.42,29.38,207.90
879,US,CITY,261.74,29.53,221.90
880,US,CITY,260.92,29.98,492.90
881,US,CITY,262.14,29.89,182.00
882,US,CITY,262.32,30.18,146.30
883,US,CITY,263.41,33.19,178.60
884,US,CITY,261.76,30.74,392.60
885,US,CITY,264.34,29.62,25.60
886,US,CITY,262.24,30.32,204.20
887,US,CITY,262.32,30.68,239.90
888,US,CITY,263.07,28.86,35.10
889,US,CITY,262.80,33.65,255.70
890,US,CITY,263.75,28.72,3.70
891,US,CITY,262.77,31.62,152.40
892,US,CITY,262.93,31.64,143.25
893,US,CITY,262.68,31.48,180.40
894,US,CITY,262.28,31.13,281.60
895,US,CITY,262.32,31.08,256.30
896,US,CITY,262.17,31.07,309.40
897,US,CITY,262.58,31.15,207.90
898,US,CITY,263.14,32.85,134.10
899,US,CITY,264.55,33.63,166.70
900,US,CITY,263.93,33.07,163.10
901,US,CITY,262.80,33.21,195.70
902,US,CITY,262.98,32.90,170.70
903,US,CITY,262.69,32.57,213.40
904,US,CITY,262.68,32.97,208.80
905,US,CITY,262.55,32.77,185.30
906,US,CITY,261.94,32.78,283.50
907,US,CITY,263.16,32.97,196.30
908,US,CITY,263.13,32.68,200.60
909,US,CITY,261.82,32.22,402.60
910,US,CITY,259.07,29.38,304.50
911,US,CITY,259.22,29.37,329.80
912,US,CITY,257.79,30.05,707.70
913,US,CITY,257.08,30.91,917.40
914,US,CITY,255.19,31.83,1663.00
915,US,CITY,259.51,31.35,584.00
916,US,CITY,259.60,35.90,730.30
917,US,CITY,255.98,30.37,1478.00
918,US,CITY,257.61,31.92,914.70
919,US,CITY,257.79,31.95,872.30
920,US,CITY,256.80,31.78,855.60
921,US,CITY,260.32,32.41,545.60
922,US,CITY,261.05,31.80,419.70
923,US,CITY,258.18,33.67,991.80
924,US,CITY,255.53,32.85,1079.30
925,US,CITY,254.34,35.00,2159.80
926,US,CITY,255.50,36.74,1935.20
927,US,CITY,255.49,33.31,1112.20
928,US,CITY,254.48,33.45,2075.70
929,US,CITY,256.68,34.38,1309.10
930,US,CITY,255.74,32.33,985.10
931,US,CITY,256.79,32.69,1114.00
932,US,CITY,256.92,34.43,1285.00
933,US,CITY,278.13,32.20,34.10
934,US,CITY,282.29,38.59,103.00
935,US,CITY,254.01,32.84,1280.20
936,US,CITY,253.08,32.28,1357.60
937,US,CITY,253.62,31.81,1194.20
938,US,CITY,253.62,31.85,1203.35
939,US,CITY,252.73,33.24,1478.30
940,US,CITY,250.39,31.46,1251.20
941,US,CITY,251.83,32.63,1637.70
942,US,CITY,252.28,32.26,1310.90
943,US,CITY,249.15,31.42,1198.50
944,US,CITY,249.66,31.59,1438.40
945,US,CITY,249.04,32.13,776.90
946,US,CITY,249.12,32.17,824.20
947,US,CITY,250.36,32.85,968.00
948,US,CITY,248.23,32.95,445.60
949,US,CITY,248.19,33.27,378.90
950,US,CITY,250.94,35.66,2054.00
951,US,CITY,248.00,33.43,337.40
952,US,CITY,271.62,36.34,176.78
953,US,CITY,248.27,33.47,420.60
954,US,CITY,247.92,33.69,443.50
955,US,CITY,247.63,33.55,330.70
956,US,CITY,248.33,33.30,421.20
957,US,CITY,247.71,33.53,324.90
958,US,CITY,247.62,33.42,295.00
959,US,CITY,248.09,33.62,449.00
960,US,CITY,244.32,32.82,-12.80
961,US,CITY,249.57,31.61,1453.30
962,US,CITY,255.70,38.77,1837.90
963,US,CITY,266.72,31.40,111.30
964,US,CITY,267.09,31.02,94.50
965,US,CITY,282.53,39.65,563.00
966,US,CITY,243.74,37.62,1755.60
967,US,CITY,282.57,39.73,249.30
968,US,CITY,262.10,48.94,290.20
969,US,CITY,242.75,33.90,468.20
970,US,CITY,242.77,34.10,353.26
971,US,CITY,243.50,33.82,124.70
972,US,CITY,242.56,33.95,245.20
973,US,CITY,241.71,34.02,54.60
974,US,CITY,241.64,34.20,225.90
975,US,CITY,241.55,34.02,53.00
976,US,CITY,241.51,34.21,234.70
977,US,CITY,242.22,34.10,308.20
978,US,CITY,241.93,34.23,1739.20
979,US,CITY,239.53,34.67,26.80
980,US,CITY,239.36,35.24,61.00
981,US,CITY,242.36,33.98,198.10
982,US,CITY,242.82,32.73,4.60
983,US,CITY,242.86,32.82,127.10
984,US,CITY,243.02,32.57,157.00
985,US,CITY,242.80,32.70,7.90
986,US,CITY,243.03,32.83,118.00
987,US,CITY,242.88,32.57,7.30
988,US,CITY,240.54,33.24,153.00
989,US,CITY,241.58,33.41,488.30
990,US,CITY,241.41,33.02,55.50
991,US,CITY,242.65,33.30,22.90
992,US,CITY,242.72,33.13,100.00
993,US,CITY,242.54,33.29,27.10
994,US,CITY,242.87,32.87,145.40
995,US,CITY,242.65,33.22,8.50
996,US,CITY,241.61,33.94,29.60
997,US,CITY,241.85,35.07,849.50
998,US,CITY,241.66,33.80,29.60
999,US,CITY,241.67,33.92,19.20
1000,US,CITY,241.85,33.81,9.40
1001,US,CITY,270.33,39.16,210.30
1002,US,CITY,241.95,33.79,10.70
1003,US,CITY,242.02,33.87,29.30
1004,US,CITY,242.13,33.68,16.50
1005,US,CITY,278.62,35.74,358.10
1006,US,CITY,282.10,34.27,10.10
1007,US,CITY,280.99,35.17,66.40
1008,US,CITY,280.50,35.03,114.60
1009,US,CITY,281.12,34.99,56.70
1010,US,CITY,283.34,34.73,2.40
1011,US,CITY,284.30,35.92,4.00
1012,US,CITY,279.04,35.77,294.10
1013,US,CITY,281.22,35.89,126.80
1014,US,CITY,283.53,35.02,5.18
1015,US,CITY,282.62,35.63,7.60
1016,US,CITY,282.04,35.34,33.20
1017,US,CITY,282.37,35.32,28.70
1018,US,CITY,282.11,35.86,48.80
1019,US,CITY,282.38,34.83,29.30
1020,US,CITY,283.83,36.26,4.00
1021,US,CITY,283.43,36.03,6.10
1022,US,CITY,283.97,36.82,7.00
1023,US,CITY,282.83,36.30,20.70
1024,US,CITY,283.81,36.90,9.10
1025,US,CITY,283.10,36.70,12.50
1026,US,CITY,282.57,37.71,62.50
1027,US,CITY,283.71,36.94,5.20
1028,US,CITY,283.51,37.13,12.80
1029,US,CITY,283.40,37.13,3.70
1030,US,CITY,283.12,34.90,8.80
1031,US,CITY,282.95,35.07,5.80
1032,US,CITY,282.56,34.71,7.90
1033,US,CITY,282.97,34.68,6.40
1034,US,CITY,282.14,38.53,96.30
1035,US,CITY,278.88,33.94,68.60
1036,US,CITY,279.00,33.97,64.60
1037,US,CITY,279.20,33.97,77.40
1038,US,CITY,280.27,34.19,44.50
1039,US,CITY,279.79,33.59,31.10
1040,US,CITY,280.94,34.61,36.90
1041,US,CITY,280.63,34.79,67.10
1042,US,CITY,276.67,33.95,239.30
1043,US,CITY,282.03,38.01,150.30
1044,US,CITY,279.14,33.46,60.00
1045,US,CITY,280.11,34.47,58.50
1046,US,CITY,278.94,34.99,203.90
1047,US,CITY,277.11,34.67,271.60
1048,US,CITY,277.65,34.85,319.40
1049,US,CITY,277.79,34.91,291.10
1050,US,CITY,277.62,34.76,291.10
1051,US,CITY,270.78,46.15,519.40
1052,US,CITY,277.84,34.25,192.30
1053,US,CITY,278.04,34.92,244.14
1054,US,CITY,284.38,35.23,3.40
1055,US,CITY,279.04,35.22,221.90
1056,US,CITY,280.61,35.24,140.50
1057,US,CITY,278.07,35.43,328.60
1058,US,CITY,278.58,36.43,969.30
1059,US,CITY,278.84,35.20,242.90
1060,US,CITY,278.39,35.82,387.10
1061,US,CITY,277.46,35.43,645.30
1062,US,CITY,279.48,35.65,235.60
1063,US,CITY,277.49,31.54,58.80
1064,US,CITY,278.90,36.22,396.20
1065,US,CITY,280.06,36.10,271.30
1066,US,CITY,242.14,34.99,695.90
1067,US,CITY,280.52,36.05,188.10
1068,US,CITY,279.45,36.46,380.10
1069,US,CITY,277.29,34.50,231.60
1070,US,CITY,279.78,36.13,295.70
1071,US,CITY,279.38,35.02,207.00
1072,US,CITY,274.84,34.35,194.80
1073,US,CITY,273.21,34.64,190.20
1074,US,CITY,273.32,34.68,208.80
1075,US,CITY,272.40,34.74,164.60
1076,US,CITY,274.80,35.03,204.20
1077,US,CITY,272.82,35.55,207.90
1078,US,CITY,274.92,35.95,569.10
1079,US,CITY,276.01,35.82,293.20
1080,US,CITY,273.31,36.12,182.90
1081,US,CITY,273.11,36.18,150.87
1082,US,CITY,273.48,36.01,165.50
1083,US,CITY,274.47,36.06,312.10
1084,US,CITY,272.58,36.62,170.70
1085,US,CITY,270.13,35.35,97.50
1086,US,CITY,270.43,37.23,102.40
1087,US,CITY,269.68,36.77,99.70
1088,US,CITY,271.55,33.65,66.80
1089,US,CITY,271.42,33.45,80.50
1090,US,CITY,271.23,34.26,110.00
1091,US,CITY,270.01,35.06,77.40
1092,US,CITY,271.08,35.59,132.00
1093,US,CITY,270.59,36.00,91.40
1094,US,CITY,277.60,36.48,456.30
1095,US,CITY,267.76,34.73,78.60
1096,US,CITY,267.85,34.92,94.80
1097,US,CITY,269.08,36.13,83.20
1098,US,CITY,269.35,35.83,79.90
1099,US,CITY,270.05,35.97,77.40
1100,US,CITY,270.17,35.94,77.70
1101,US,CITY,266.94,34.29,163.10
1102,US,CITY,268.43,34.60,68.30
1103,US,CITY,268.07,34.18,63.10
1104,US,CITY,266.01,33.46,110.00
1105,US,CITY,267.19,33.22,76.80
1106,US,CITY,267.23,33.62,40.20
1107,US,CITY,266.91,35.26,122.80
1108,US,CITY,265.88,36.18,412.40
1109,US,CITY,266.42,34.55,214.00
1110,US,CITY,265.70,36.28,392.30
1111,US,CITY,267.53,36.37,282.90
1112,US,CITY,265.64,35.33,136.90
1113,US,CITY,261.95,41.73,548.30
1114,US,CITY,265.51,36.19,363.60
1115,US,CITY,265.78,36.35,395.00
1116,US,CITY,265.83,36.01,381.30
1117,US,CITY,267.41,36.29,219.20
1118,US,CITY,268.35,35.73,141.10
1119,US,CITY,265.89,36.37,412.40
1120,US,CITY,266.84,36.27,418.80
1121,US,CITY,268.10,36.88,372.80
1122,US,CITY,265.50,37.15,296.30
1123,US,CITY,261.51,33.98,310.00
1124,US,CITY,260.73,34.65,421.20
1125,US,CITY,260.95,34.99,474.30
1126,US,CITY,260.80,35.36,585.80
1127,US,CITY,261.02,34.34,382.50
1128,US,CITY,262.40,35.39,391.70
1129,US,CITY,262.08,36.33,398.10
1130,US,CITY,262.20,36.38,355.70
1131,US,CITY,262.59,35.85,325.50
1132,US,CITY,262.62,35.42,393.50
1133,US,CITY,262.35,35.53,395.30
1134,US,CITY,262.91,36.16,299.90
1135,US,CITY,261.60,34.65,362.40
1136,US,CITY,262.98,34.30,221.00
1137,US,CITY,264.64,35.66,185.90
1138,US,CITY,264.11,36.20,198.10
1139,US,CITY,264.02,36.04,194.50
1140,US,CITY,263.97,36.77,217.90
1141,US,CITY,264.22,34.88,234.70
1142,US,CITY,262.53,35.25,360.30
1143,US,CITY,261.58,34.56,325.80
1144,US,CITY,256.85,36.45,1511.80
1145,US,CITY,253.10,34.07,1485.90
1146,US,CITY,252.10,35.17,1987.30
1147,US,CITY,283.98,36.40,4.90
1148,US,CITY,251.21,35.51,1972.40
1149,US,CITY,260.68,31.18,556.90
1150,US,CITY,266.20,30.07,4.00
1151,US,CITY,258.30,35.23,1098.50
1152,US,CITY,258.61,35.70,930.90
1153,US,CITY,253.21,35.15,1779.10
1154,US,CITY,253.38,35.04,1618.50
1155,US,CITY,253.72,35.88,2185.70
1156,US,CITY,253.91,35.62,1933.70
1157,US,CITY,251.77,36.74,1674.90
1158,US,CITY,259.72,34.43,594.70
1159,US,CITY,254.33,36.45,2161.30
1160,US,CITY,256.40,35.18,1239.00
1161,US,CITY,254.86,35.65,2095.20
1162,US,CITY,246.07,35.26,1042.40
1163,US,CITY,248.55,36.93,1313.70
1164,US,CITY,247.58,34.65,1536.80
1165,US,CITY,249.28,35.03,1489.30
1166,US,CITY,248.66,34.26,1572.20
1167,US,CITY,249.99,34.26,1954.10
1168,US,CITY,248.33,35.14,2134.50
1169,US,CITY,250.62,34.52,1747.40
1170,US,CITY,248.22,34.85,1471.30
1171,US,CITY,269.00,45.50,377.30
1172,US,CITY,265.14,33.91,143.90
1173,US,CITY,248.18,35.22,2181.60
1174,US,CITY,263.30,30.52,119.20
1175,US,CITY,239.92,34.61,204.50
1176,US,CITY,247.85,35.95,2013.50
1177,US,CITY,245.44,35.16,211.80
1178,US,CITY,245.38,34.77,271.30
1179,US,CITY,242.13,34.90,704.40
1180,US,CITY,243.21,34.85,584.30
1181,US,CITY,241.79,34.74,712.60
1182,US,CITY,241.92,34.63,769.20
1183,US,CITY,242.62,34.58,879.30
1184,US,CITY,241.28,34.74,1374.60
1185,US,CITY,240.95,35.43,149.00
1186,US,CITY,244.84,36.07,664.50
1187,US,CITY,243.97,36.62,984.50
1188,US,CITY,240.28,36.78,101.50
1189,US,CITY,241.15,37.63,2172.60
1190,US,CITY,240.94,36.03,134.70
1191,US,CITY,240.60,36.32,89.90
1192,US,CITY,240.18,36.73,84.73
1193,US,CITY,240.37,36.32,75.90
1194,US,CITY,240.88,34.12,4.00
1195,US,CITY,240.16,34.43,2.70
1196,US,CITY,240.92,34.22,23.50
1197,US,CITY,240.79,34.20,11.00
1198,US,CITY,239.43,34.72,112.50
1199,US,CITY,239.55,34.90,73.80
1200,US,CITY,239.37,35.67,246.90
1201,US,CITY,284.49,38.34,14.30
1202,US,CITY,283.23,40.20,95.10
1203,US,CITY,283.68,36.67,6.10
1204,US,CITY,283.40,36.68,21.90
1205,US,CITY,282.68,37.51,50.00
1206,US,CITY,282.50,37.18,58.80
1207,US,CITY,282.04,37.07,133.80
1208,US,CITY,281.54,38.14,195.10
1209,US,CITY,281.56,37.36,127.10
1210,US,CITY,283.00,36.98,33.80
1211,US,CITY,284.53,37.94,14.00
1212,US,CITY,284.24,37.65,14.30
1213,US,CITY,282.55,38.93,88.40
1214,US,CITY,282.55,38.27,25.90
1215,US,CITY,282.69,38.50,3.00
1216,US,CITY,282.48,38.72,58.50
1217,US,CITY,282.82,38.72,22.30
1218,US,CITY,283.58,38.30,11.90
1219,US,CITY,283.93,38.80,21.90
1220,US,CITY,282.97,38.85,3.00
1221,US,CITY,281.86,39.14,221.60
1222,US,CITY,282.44,39.08,118.60
1223,US,CITY,278.65,36.89,780.00
1224,US,CITY,283.83,39.47,17.40
1225,US,CITY,277.97,36.68,630.90
1226,US,CITY,283.32,39.17,47.50
1227,US,CITY,283.24,39.09,45.72
1228,US,CITY,282.27,39.71,214.90
1229,US,CITY,283.58,39.33,6.40
1230,US,CITY,285.43,39.45,18.30
1231,US,CITY,285.16,39.94,14.90
1232,US,CITY,284.92,39.37,18.30
1233,US,CITY,285.26,41.01,176.80
1234,US,CITY,284.77,39.87,3.00
1235,US,CITY,285.87,40.18,48.50
1236,US,CITY,284.99,40.08,32.00
1237,US,CITY,284.53,39.13,8.50
1238,US,CITY,285.65,40.03,34.10
1239,US,CITY,284.64,38.69,14.00
1240,US,CITY,285.72,40.88,52.70
1241,US,CITY,285.18,40.28,57.90
1242,US,CITY,285.40,40.02,39.90
1243,US,CITY,285.58,40.80,57.00
1244,US,CITY,280.79,37.32,286.50
1245,US,CITY,281.10,38.26,366.10
1246,US,CITY,280.66,36.57,174.00
1247,US,CITY,279.18,36.77,820.80
1248,US,CITY,280.03,37.32,358.10
1249,US,CITY,279.59,37.21,649.80
1250,US,CITY,280.18,37.95,1156.10
1251,US,CITY,279.32,37.13,641.60
1252,US,CITY,277.47,36.99,818.10
1253,US,CITY,281.95,36.69,134.70
1254,US,CITY,278.88,37.78,766.30
1255,US,CITY,278.80,37.30,870.50
1256,US,CITY,279.60,37.87,701.60
1257,US,CITY,278.41,38.38,277.40
1258,US,CITY,280.14,38.89,597.70
1259,US,CITY,279.77,39.30,366.70
1260,US,CITY,280.08,39.65,378.00
1261,US,CITY,282.06,39.40,162.80
1262,US,CITY,284.39,39.67,24.10
1263,US,CITY,276.69,37.59,416.10
1264,US,CITY,277.48,40.82,393.20
1265,US,CITY,275.33,39.04,269.10
1266,US,CITY,275.39,38.04,298.70
1267,US,CITY,274.26,38.18,148.70
1268,US,CITY,275.10,38.18,245.10
1269,US,CITY,274.34,38.23,164.60
1270,US,CITY,272.83,37.75,122.80
1271,US,CITY,272.32,37.80,118.00
1272,US,CITY,274.03,37.90,239.00
1273,US,CITY,275.92,37.09,362.10
1274,US,CITY,277.45,38.37,251.20
1275,US,CITY,275.77,36.02,274.30
1276,US,CITY,278.56,39.34,253.30
1277,US,CITY,279.35,40.18,359.40
1278,US,CITY,275.77,39.59,293.20
1279,US,CITY,277.12,39.99,248.70
1280,US,CITY,276.87,39.90,275.80
1281,US,CITY,277.07,39.82,226.80
1282,US,CITY,278.11,39.94,268.20
1283,US,CITY,276.52,41.56,189.60
1284,US,CITY,276.92,40.08,275.80
1285,US,CITY,275.78,39.91,305.70
1286,US,CITY,277.34,39.76,264.90
1287,US,CITY,276.16,39.84,320.30
1288,US,CITY,276.22,39.43,325.20
1289,US,CITY,275.58,39.10,149.40
1290,US,CITY,275.97,40.71,297.20
1291,US,CITY,278.54,41.04,318.20
1292,US,CITY,272.48,38.04,121.90
1293,US,CITY,271.03,38.65,173.70
1294,US,CITY,271.14,38.32,146.30
1295,US,CITY,270.75,37.78,123.70
1296,US,CITY,270.15,38.55,135.00
1297,US,CITY,271.00,37.75,140.20
1298,US,CITY,269.63,38.75,161.80
1299,US,CITY,269.34,38.66,140.80
1300,US,CITY,269.57,38.93,132.90
1301,US,CITY,271.23,37.06,125.90
1302,US,CITY,275.39,37.05,282.50
1303,US,CITY,274.20,39.58,245.10
1304,US,CITY,274.10,39.27,199.90
1305,US,CITY,273.05,38.25,161.20
1306,US,CITY,272.69,39.45,175.30
1307,US,CITY,273.38,39.13,257.30
1308,US,CITY,273.72,39.73,241.10
1309,US,CITY,273.70,39.83,250.90
1310,US,CITY,274.38,40.12,274.30
1311,US,CITY,273.06,40.41,182.60
1312,US,CITY,273.94,40.53,253.00
1313,US,CITY,274.22,41.53,253.00
1314,US,CITY,270.32,39.84,181.10
1315,US,CITY,269.95,38.88,165.50
1316,US,CITY,271.05,40.48,263.70
1317,US,CITY,266.61,37.24,384.70
1318,US,CITY,268.24,38.13,338.30
1319,US,CITY,268.81,39.94,234.40
1320,US,CITY,267.78,38.82,272.20
1321,US,CITY,266.82,38.70,274.30
1322,US,CITY,269.57,37.76,288.60
1323,US,CITY,267.46,40.10,294.40
1324,US,CITY,267.85,37.75,353.30
1325,US,CITY,267.84,38.59,174.70
1326,US,CITY,267.45,38.10,264.90
1327,US,CITY,265.27,39.30,306.30
1328,US,CITY,264.60,31.31,106.10
1329,US,CITY,265.40,39.12,226.20
1330,US,CITY,266.42,39.82,234.40
1331,US,CITY,266.45,38.72,265.20
1332,US,CITY,265.26,38.85,326.10
1333,US,CITY,265.11,38.83,331.30
1334,US,CITY,265.08,39.77,249.30
1335,US,CITY,262.57,37.65,402.60
1336,US,CITY,262.96,37.17,350.50
1337,US,CITY,262.78,37.75,433.10
1338,US,CITY,262.73,37.62,417.90
1339,US,CITY,262.14,38.07,470.30
1340,US,CITY,264.52,37.67,300.20
1341,US,CITY,264.79,39.01,253.60
1342,US,CITY,262.73,38.07,467.00
1343,US,CITY,260.03,37.77,787.00
1344,US,CITY,259.28,37.93,878.40
1345,US,CITY,259.03,37.05,875.70
1346,US,CITY,261.13,38.35,573.00
1347,US,CITY,260.73,38.85,609.00
1348,US,CITY,264.43,37.09,229.20
1349,US,CITY,261.45,37.28,467.90
1350,US,CITY,262.90,36.74,304.80
1351,US,CITY,263.23,39.05,324.60
1352,US,CITY,263.32,39.13,321.90
1353,US,CITY,263.81,38.33,364.50
1354,US,CITY,264.37,39.07,267.00
1355,US,CITY,264.34,38.95,325.20
1356,US,CITY,262.35,39.55,447.80
1357,US,CITY,261.19,38.88,568.10
1358,US,CITY,262.35,38.80,386.80
1359,US,CITY,258.12,37.00,1105.80
1360,US,CITY,254.14,37.44,2296.10
1361,US,CITY,252.24,37.14,2033.00
1362,US,CITY,252.10,37.95,2770.90
1363,US,CITY,256.49,38.05,1278.30
1364,US,CITY,257.31,38.07,1124.10
1365,US,CITY,255.49,38.29,1441.40
1366,US,CITY,255.66,37.26,1749.90
1367,US,CITY,257.39,37.28,1335.90
1368,US,CITY,258.31,39.37,1114.30
1369,US,CITY,260.17,39.38,666.90
1370,US,CITY,255.31,38.81,1884.00
1371,US,CITY,256.33,39.28,1638.00
1372,US,CITY,255.15,39.57,1793.10
1373,US,CITY,253.68,39.23,3027.30
1374,US,CITY,252.11,40.04,1940.40
1375,US,CITY,253.08,39.65,1980.30
1376,US,CITY,253.13,39.23,2353.10
1377,US,CITY,253.07,38.53,2336.60
1378,US,CITY,253.13,40.52,2096.70
1379,US,CITY,255.24,38.68,1779.40
1380,US,CITY,257.72,39.24,1277.70
1381,US,CITY,255.46,39.78,1680.40
1382,US,CITY,255.25,39.72,1726.10
1383,US,CITY,256.78,40.17,1421.30
1384,US,CITY,254.88,39.90,1705.40
1385,US,CITY,249.25,39.61,1804.70
1386,US,CITY,249.30,38.42,1355.10
1387,US,CITY,277.68,28.82,15.20
1388,US,CITY,246.98,38.42,1536.20
1389,US,CITY,246.40,37.10,894.90
1390,US,CITY,246.91,37.71,1702.60
1391,US,CITY,247.85,37.71,2312.20
1392,US,CITY,251.46,39.13,1480.70
1393,US,CITY,252.10,38.51,1743.50
1394,US,CITY,251.37,37.31,1801.40
1395,US,CITY,255.37,40.44,1431.60
1396,US,CITY,254.98,40.45,1526.70
1397,US,CITY,243.99,39.60,1809.30
1398,US,CITY,250.24,38.75,1389.90
1399,US,CITY,248.15,41.79,1357.60
1400,US,CITY,246.98,38.42,1536.20
1401,US,CITY,241.64,37.37,1250.30
1402,US,CITY,239.43,37.38,58.20
1403,US,CITY,239.49,37.28,46.30
1404,US,CITY,238.04,38.38,33.20
1405,US,CITY,238.51,38.51,4.60
1406,US,CITY,238.70,38.57,30.20
1407,US,CITY,238.60,38.67,23.50
1408,US,CITY,238.57,39.13,38.10
1409,US,CITY,238.43,39.10,18.90
1410,US,CITY,238.41,38.70,7.00
1411,US,CITY,244.80,36.21,671.50
1412,US,CITY,242.91,38.05,1644.40
1413,US,CITY,245.15,39.30,1908.70
1414,US,CITY,240.23,39.48,1344.20
1415,US,CITY,241.28,39.42,1199.10
1416,US,CITY,238.15,36.59,50.30
1417,US,CITY,238.77,37.89,7.90
1418,US,CITY,239.05,37.62,22.30
1419,US,CITY,238.19,37.69,119.80
1420,US,CITY,237.78,37.72,1.80
1421,US,CITY,237.88,37.47,2.10
1422,US,CITY,237.75,37.52,1.50
1423,US,CITY,237.64,37.62,2.40
1424,US,CITY,238.08,37.36,15.50
1425,US,CITY,238.18,37.33,40.50
1426,US,CITY,237.95,37.99,5.50
1427,US,CITY,237.72,38.21,4.30
1428,US,CITY,237.19,38.50,34.70
1429,US,CITY,238.15,39.80,82.90
1430,US,CITY,270.78,37.06,97.80
1431,US,CITY,282.29,42.57,208.80
1432,US,CITY,288.08,41.07,2.10
1433,US,CITY,285.74,41.51,111.30
1434,US,CITY,287.13,40.82,25.00
1435,US,CITY,285.83,40.68,2.10
1436,US,CITY,269.24,33.86,42.70
1437,US,CITY,285.94,40.85,2.70
1438,US,CITY,287.17,41.51,31.40
1439,US,CITY,286.87,41.48,221.30
1440,US,CITY,286.12,40.78,3.40
1441,US,CITY,286.12,41.63,50.60
1442,US,CITY,286.30,41.06,111.90
1443,US,CITY,285.90,41.50,177.10
1444,US,CITY,286.87,41.16,1.50
1445,US,CITY,287.11,41.26,0.90
1446,US,CITY,287.95,41.33,3.00
1447,US,CITY,286.90,40.79,25.60
1448,US,CITY,286.03,40.78,42.70
1449,US,CITY,288.51,41.92,134.40
1450,US,CITY,288.42,41.17,32.00
1451,US,CITY,288.71,42.47,40.50
1452,US,CITY,289.94,41.25,13.70
1453,US,CITY,289.48,41.65,39.60
1454,US,CITY,289.27,41.91,45.40
1455,US,CITY,289.04,41.68,24.40
1456,US,CITY,289.39,41.39,20.70
1457,US,CITY,289.72,41.67,16.80
1458,US,CITY,288.98,41.88,13.10
1459,US,CITY,290.01,41.69,20.70
1460,US,CITY,288.57,41.72,16.80
1461,US,CITY,289.78,42.07,2.40
1462,US,CITY,288.59,41.60,5.80
1463,US,CITY,286.83,42.70,195.10
1464,US,CITY,288.72,41.53,52.40
1465,US,CITY,287.32,41.94,53.30
1466,US,CITY,287.82,41.74,75.30
1467,US,CITY,287.71,42.57,169.20
1468,US,CITY,286.52,41.37,139.30
1469,US,CITY,287.35,41.74,5.80
1470,US,CITY,289.08,42.58,32.90
1471,US,CITY,288.99,42.36,3.70
1472,US,CITY,288.83,42.19,15.20
1473,US,CITY,288.13,42.27,304.80
1474,US,CITY,284.04,40.37,104.90
1475,US,CITY,279.79,41.63,426.70
1476,US,CITY,283.14,40.82,135.30
1477,US,CITY,288.24,42.55,106.10
1478,US,CITY,284.45,40.24,87.80
1479,US,CITY,284.88,40.33,120.10
1480,US,CITY,283.13,39.92,148.10
1481,US,CITY,283.71,40.12,122.80
1482,US,CITY,279.72,40.13,361.20
1483,US,CITY,283.15,40.22,103.60
1484,US,CITY,281.59,41.05,462.10
1485,US,CITY,280.05,40.78,380.10
1486,US,CITY,281.11,41.18,550.20
1487,US,CITY,281.68,40.30,451.10
1488,US,CITY,281.17,40.32,696.20
1489,US,CITY,282.15,40.85,377.60
1490,US,CITY,284.27,41.33,283.50
1491,US,CITY,283.08,41.24,158.50
1492,US,CITY,283.43,40.43,148.70
1493,US,CITY,285.21,41.70,427.60
1494,US,CITY,283.62,43.35,144.80
1495,US,CITY,284.02,42.21,486.20
1496,US,CITY,283.53,42.48,335.00
1497,US,CITY,283.11,42.16,291.10
1498,US,CITY,282.01,42.11,647.40
1499,US,CITY,287.05,43.53,239.00
1500,US,CITY,284.55,40.65,118.90
1501,US,CITY,283.86,36.70,4.90
1502,US,CITY,280.90,40.63,428.20
1503,US,CITY,286.20,42.75,85.30
1504,US,CITY,283.90,43.11,125.90
1505,US,CITY,282.94,42.64,275.20
1506,US,CITY,284.59,43.23,158.20
1507,US,CITY,279.79,40.48,366.70
1508,US,CITY,279.60,40.77,390.80
1509,US,CITY,280.08,40.35,380.40
1510,US,CITY,280.60,40.28,365.50
1511,US,CITY,276.94,40.62,303.00
1512,US,CITY,278.56,40.92,369.70
1513,US,CITY,277.82,41.35,242.00
1514,US,CITY,278.11,40.87,346.60
1515,US,CITY,275.48,39.36,193.20
1516,US,CITY,286.39,43.34,97.80
1517,US,CITY,278.58,40.47,272.80
1518,US,CITY,277.54,40.02,269.40
1519,US,CITY,280.75,42.15,525.20
1520,US,CITY,278.15,41.41,238.00
1521,US,CITY,278.61,41.68,190.80
1522,US,CITY,278.32,41.52,178.00
1523,US,CITY,278.52,41.57,267.90
1524,US,CITY,279.33,41.25,355.70
1525,US,CITY,278.75,41.22,365.20
1526,US,CITY,275.57,41.34,215.50
1527,US,CITY,279.30,41.78,281.60
1528,US,CITY,276.70,34.59,303.30
1529,US,CITY,279.82,42.08,222.20
1530,US,CITY,281.36,41.80,652.90
1531,US,CITY,280.13,41.38,469.40
1532,US,CITY,281.26,42.94,218.20
1533,US,CITY,281.63,42.24,651.10
1534,US,CITY,281.06,43.11,178.30
1535,US,CITY,282.32,43.12,164.30
1536,US,CITY,267.30,41.72,307.20
1537,US,CITY,279.92,35.02,91.10
1538,US,CITY,272.07,41.96,201.80
1539,US,CITY,271.75,41.91,229.80
1540,US,CITY,269.84,38.57,125.90
1541,US,CITY,271.72,40.04,229.80
1542,US,CITY,271.13,39.83,205.70
1543,US,CITY,271.72,39.48,219.80
1544,US,CITY,270.32,40.67,198.10
1545,US,CITY,270.32,41.74,197.20
1546,US,CITY,272.99,41.45,234.70
1547,US,CITY,274.79,40.97,241.10
1548,US,CITY,273.85,40.65,247.50
1549,US,CITY,274.61,40.23,285.60
1550,US,CITY,272.58,41.62,180.10
1551,US,CITY,272.25,41.79,186.50
1552,US,CITY,272.39,38.76,130.80
1553,US,CITY,271.83,41.50,181.10
1554,US,CITY,272.13,42.42,221.60
1555,US,CITY,271.92,41.60,201.20
1556,US,CITY,273.68,41.71,235.60
1557,US,CITY,274.02,41.72,237.10
1558,US,CITY,276.19,41.59,205.40
1559,US,CITY,276.33,41.01,243.80
1560,US,CITY,276.67,42.23,192.30
1561,US,CITY,276.84,42.10,178.90
1562,US,CITY,276.26,42.22,255.70
1563,US,CITY,276.99,42.41,190.80
1564,US,CITY,276.47,42.23,236.80
1565,US,CITY,277.18,42.61,176.80
1566,US,CITY,276.02,42.63,287.70
1567,US,CITY,274.57,41.82,281.90
1568,US,CITY,277.47,42.91,195.10
1569,US,CITY,277.21,44.02,179.80
1570,US,CITY,272.12,47.47,190.80
1571,US,CITY,275.40,42.78,261.80
1572,US,CITY,273.90,42.75,210.00
1573,US,CITY,275.53,42.27,304.20
1574,US,CITY,274.75,42.31,282.90
1575,US,CITY,275.92,41.87,242.60
1576,US,CITY,275.31,43.32,227.70
1577,US,CITY,277.01,43.78,233.50
1578,US,CITY,275.30,45.01,406.90
1579,US,CITY,273.82,45.98,209.10
1580,US,CITY,275.41,41.92,360.30
1581,US,CITY,274.95,41.93,292.30
1582,US,CITY,275.04,42.25,286.80
1583,US,CITY,274.50,43.72,282.90
1584,US,CITY,275.57,42.57,281.00
1585,US,CITY,276.57,41.94,186.50
1586,US,CITY,268.87,40.78,210.90
1587,US,CITY,275.26,43.62,230.10
1588,US,CITY,270.91,42.19,222.50
1589,US,CITY,284.62,41.14,584.00
1590,US,CITY,269.48,41.47,180.40
1591,US,CITY,268.28,41.88,264.60
1592,US,CITY,264.95,41.41,360.30
1593,US,CITY,268.33,41.28,229.80
1594,US,CITY,268.57,40.46,204.50
1595,US,CITY,265.73,43.08,371.60
1596,US,CITY,266.24,42.74,354.20
1597,US,CITY,266.35,41.53,291.70
1598,US,CITY,267.08,42.11,296.90
1599,US,CITY,268.46,41.63,198.10
1600,US,CITY,267.39,43.07,342.90
1601,US,CITY,266.98,41.67,290.50
1602,US,CITY,267.55,41.11,256.60
1603,US,CITY,266.43,41.69,277.40
1604,US,CITY,264.59,40.75,296.00
1605,US,CITY,265.21,42.05,367.00
1606,US,CITY,266.64,41.02,320.00
1607,US,CITY,269.30,42.40,321.90
1608,US,CITY,266.38,41.99,291.10
1609,US,CITY,269.67,41.83,213.40
1610,US,CITY,265.64,41.01,394.40
1611,US,CITY,268.83,42.22,258.80
1612,US,CITY,268.26,43.28,352.70
1613,US,CITY,264.62,41.99,388.90
1614,US,CITY,266.13,42.44,341.70
1615,US,CITY,264.97,40.72,302.40
1616,US,CITY,267.60,42.55,264.60
1617,US,CITY,268.67,40.66,220.70
1618,US,CITY,263.81,42.78,364.50
1619,US,CITY,266.67,43.15,373.40
1620,US,CITY,266.15,42.05,353.60
1621,US,CITY,268.85,41.37,166.70
1622,US,CITY,268.03,42.68,328.00
1623,US,CITY,263.94,42.99,431.00
1624,US,CITY,265.82,42.55,352.30
1625,US,CITY,266.89,41.30,282.20
1626,US,CITY,264.74,41.01,318.20
1627,US,CITY,264.17,43.21,432.50
1628,US,CITY,264.76,42.60,453.50
1629,US,CITY,264.24,41.26,381.90
1630,US,CITY,265.08,41.70,393.80
1631,US,CITY,266.10,40.63,345.90
1632,US,CITY,264.10,41.31,299.30
1633,US,CITY,263.25,40.85,362.70
1634,US,CITY,262.37,40.89,507.20
1635,US,CITY,262.00,40.89,548.30
1636,US,CITY,283.57,38.14,6.40
1637,US,CITY,263.25,40.30,403.60
1638,US,CITY,261.69,40.96,560.80
1639,US,CITY,261.05,41.62,629.10
1640,US,CITY,261.57,40.60,597.70
1641,US,CITY,261.00,40.73,649.20
1642,US,CITY,263.82,41.76,313.30
1643,US,CITY,264.41,40.08,298.70
1644,US,CITY,264.08,41.12,319.10
1645,US,CITY,264.14,40.61,351.40
1646,US,CITY,260.37,41.43,771.10
1647,US,CITY,260.00,42.58,787.60
1648,US,CITY,262.56,41.99,472.70
1649,US,CITY,263.48,41.45,366.70
1650,US,CITY,262.66,41.45,441.00
1651,US,CITY,261.31,42.47,619.00
1652,US,CITY,263.62,42.39,333.80
1653,US,CITY,257.01,41.10,1309.40
1654,US,CITY,259.33,41.12,846.70
1655,US,CITY,258.23,41.12,990.60
1656,US,CITY,260.23,40.79,733.00
1657,US,CITY,259.41,40.21,771.10
1658,US,CITY,258.38,40.51,996.10
1659,US,CITY,260.66,40.45,702.30
1660,US,CITY,257.20,42.06,1197.60
1661,US,CITY,256.90,42.84,1004.00
1662,US,CITY,255.19,41.16,1863.20
1663,US,CITY,254.32,41.32,2214.70
1664,US,CITY,255.34,39.83,1650.20
1665,US,CITY,256.41,41.87,1202.40
1666,US,CITY,256.33,41.19,1491.70
1667,US,CITY,259.45,42.88,789.40
1668,US,CITY,254.62,42.80,1504.50
1669,US,CITY,253.53,42.90,1620.90
1670,US,CITY,252.48,40.49,1886.70
1671,US,CITY,250.49,40.44,1606.30
1672,US,CITY,252.78,40.48,2011.70
1673,US,CITY,252.28,39.53,1683.10
1674,US,CITY,248.03,40.78,1287.80
1675,US,CITY,248.28,40.22,1370.70
1676,US,CITY,250.95,41.59,2055.00
1677,US,CITY,247.99,41.20,1362.50
1678,US,CITY,246.93,41.05,1292.00
1679,US,CITY,248.03,41.12,1459.70
1680,US,CITY,251.27,42.82,1704.40
1681,US,CITY,255.84,42.06,1279.90
1682,US,CITY,248.97,41.27,2183.30
1683,US,CITY,249.27,43.60,1956.50
1684,US,CITY,247.43,42.92,1357.00
1685,US,CITY,244.40,46.14,451.10
1686,US,CITY,247.94,43.52,1442.60
1687,US,CITY,241.43,40.07,1189.30
1688,US,CITY,245.96,40.72,1291.40
1689,US,CITY,244.21,40.83,1533.10
1690,US,CITY,242.19,40.90,1309.40
1691,US,CITY,239.29,39.28,1608.10
1692,US,CITY,239.86,39.32,1798.30
1693,US,CITY,240.01,38.90,1924.50
1694,US,CITY,237.89,37.65,13.10
1695,US,CITY,243.90,44.89,1528.00
1696,US,CITY,245.70,43.50,1617.30
1697,US,CITY,245.51,42.48,1265.20
1698,US,CITY,246.23,42.54,1266.10
1699,US,CITY,238.28,42.15,1244.80
1700,US,CITY,236.80,39.13,183.20
1701,US,CITY,237.75,40.15,107.60
1702,US,CITY,237.70,40.52,151.50
1703,US,CITY,238.39,36.66,22.60
1704,US,CITY,237.53,41.78,808.00
1705,US,CITY,237.67,41.33,1077.50
1706,US,CITY,239.44,41.49,1333.50
1707,US,CITY,237.12,42.38,400.20
1708,US,CITY,236.64,42.60,1168.00
1709,US,CITY,239.60,42.17,1441.10
1710,US,CITY,288.50,43.20,104.50
1711,US,CITY,289.18,43.08,30.50
1712,US,CITY,289.08,43.28,98.50
1713,US,CITY,289.70,43.64,13.70
1714,US,CITY,289.29,43.39,74.40
1715,US,CITY,291.18,44.80,45.10
1716,US,CITY,290.33,44.53,94.50
1717,US,CITY,291.63,44.45,26.80
1718,US,CITY,290.90,44.07,14.30
1719,US,CITY,291.69,47.29,301.10
1720,US,CITY,287.39,44.53,223.10
1721,US,CITY,287.48,43.34,176.20
1722,US,CITY,287.70,43.63,182.30
1723,US,CITY,288.70,44.27,1911.70
1724,US,CITY,287.98,44.42,212.40
1725,US,CITY,287.44,44.20,343.20
1726,US,CITY,288.57,43.57,166.10
1727,US,CITY,288.82,44.58,353.00
1728,US,CITY,288.00,42.81,317.00
1729,US,CITY,288.46,44.37,327.40
1730,US,CITY,287.73,42.90,146.60
1731,US,CITY,286.75,42.89,240.80
1732,US,CITY,286.85,44.47,100.60
1733,US,CITY,289.05,43.99,135.60
1734,US,CITY,289.72,44.05,87.80
1735,US,CITY,290.20,44.32,107.00
1736,US,CITY,290.40,45.46,316.10
1737,US,CITY,291.31,45.65,123.70
1738,US,CITY,285.15,44.94,65.20
1739,US,CITY,286.53,44.65,71.30
1740,US,CITY,283.97,43.99,96.90
1741,US,CITY,285.79,44.39,506.90
1742,US,CITY,272.60,46.35,372.20
1743,US,CITY,274.48,42.88,244.80
1744,US,CITY,273.57,42.13,196.00
1745,US,CITY,274.45,42.23,264.60
1746,US,CITY,273.18,41.70,200.30
1747,US,CITY,273.76,43.17,190.50
1748,US,CITY,273.59,43.96,195.10
1749,US,CITY,276.25,42.97,234.70
1750,US,CITY,276.58,42.67,297.50
1751,US,CITY,275.92,43.53,201.20
1752,US,CITY,275.33,44.36,350.80
1753,US,CITY,274.58,44.28,397.80
1754,US,CITY,273.75,44.27,189.30
1755,US,CITY,274.42,44.74,188.40
1756,US,CITY,276.44,45.07,208.50
1757,US,CITY,253.78,38.78,2995.30
1758,US,CITY,252.62,39.43,3232.10
1759,US,CITY,274.54,46.31,281.30
1760,US,CITY,276.60,44.45,192.90
1761,US,CITY,254.48,39.05,3438.10
1762,US,CITY,272.10,42.95,203.30
1763,US,CITY,270.27,45.93,496.80
1764,US,CITY,271.97,43.11,223.70
1765,US,CITY,271.76,43.04,277.70
1766,US,CITY,270.65,43.14,264.00
1767,US,CITY,271.87,43.42,269.40
1768,US,CITY,270.41,42.61,330.70
1769,US,CITY,270.97,42.62,246.30
1770,US,CITY,269.82,43.21,218.50
1771,US,CITY,269.70,45.10,448.10
1772,US,CITY,267.31,45.31,275.20
1773,US,CITY,269.08,46.55,251.80
1774,US,CITY,272.19,42.76,205.40
1775,US,CITY,272.15,43.77,227.40
1776,US,CITY,270.47,44.55,338.30
1777,US,CITY,267.91,46.69,205.40
1778,US,CITY,268.75,43.88,198.70
1779,US,CITY,268.51,44.87,269.70
1780,US,CITY,269.73,43.93,278.00
1781,US,CITY,269.27,43.97,252.70
1782,US,CITY,269.32,43.16,204.80
1783,US,CITY,267.51,43.90,397.50
1784,US,CITY,268.88,43.02,201.50
1785,US,CITY,270.29,45.20,401.40
1786,US,CITY,271.86,44.48,209.40
1787,US,CITY,270.16,44.36,310.60
1788,US,CITY,272.33,44.13,198.40
1789,US,CITY,271.44,43.98,238.40
1790,US,CITY,271.48,44.27,279.50
1791,US,CITY,272.58,44.85,220.70
1792,US,CITY,270.37,44.93,365.80
1793,US,CITY,271.28,43.17,249.90
1794,US,CITY,270.33,44.78,389.20
1795,US,CITY,263.99,45.23,310.90
1796,US,CITY,268.23,45.42,336.80
1797,US,CITY,269.60,45.71,456.30
1798,US,CITY,272.92,45.73,181.10
1799,US,CITY,272.37,45.12,190.50
1800,US,CITY,268.02,41.05,243.50
1801,US,CITY,265.25,43.40,401.40
1802,US,CITY,264.80,43.16,407.80
1803,US,CITY,271.27,44.61,250.50
1804,US,CITY,270.23,43.52,297.50
1805,US,CITY,270.73,45.93,500.50
1806,US,CITY,272.06,42.60,226.50
1807,US,CITY,271.51,43.77,246.00
1808,US,CITY,269.76,42.89,356.90
1809,US,CITY,268.56,46.03,367.00
1810,US,CITY,271.30,43.43,285.30
1811,US,CITY,263.25,43.58,435.30
1812,US,CITY,256.39,43.73,1690.10
1813,US,CITY,263.20,44.30,502.30
1814,US,CITY,258.40,44.05,672.40
1815,US,CITY,257.48,43.02,999.10
1816,US,CITY,260.16,43.39,619.40
1817,US,CITY,263.01,45.67,353.90
1818,US,CITY,262.64,42.88,357.20
1819,US,CITY,260.68,43.77,519.10
1820,US,CITY,257.98,45.03,786.40
1821,US,CITY,261.78,44.40,390.10
1822,US,CITY,267.14,48.02,399.60
1823,US,CITY,261.96,43.77,396.20
1824,US,CITY,262.85,44.90,532.80
1825,US,CITY,264.68,45.64,424.60
1826,US,CITY,264.65,48.94,327.40
1827,US,CITY,267.31,47.82,404.50
1828,US,CITY,265.95,45.54,310.30
1829,US,CITY,264.29,44.97,315.20
1830,US,CITY,265.44,43.99,325.20
1831,US,CITY,265.87,46.40,372.20
1832,US,CITY,264.92,44.55,311.20
1833,US,CITY,264.61,45.87,431.60
1834,US,CITY,267.50,46.70,389.80
1835,US,CITY,264.18,44.45,360.90
1836,US,CITY,259.71,44.38,531.00
1837,US,CITY,264.79,46.45,417.60
1838,US,CITY,266.77,44.63,292.60
1839,US,CITY,266.68,44.33,323.10
1840,US,CITY,267.52,44.59,237.70
1841,US,CITY,264.03,45.57,344.40
1842,US,CITY,263.70,43.98,529.10
1843,US,CITY,265.50,44.32,308.20
1844,US,CITY,266.74,44.12,349.30
1845,US,CITY,265.62,44.86,323.10
1846,US,CITY,263.85,46.28,360.60
1847,US,CITY,269.81,44.64,382.50
1848,US,CITY,266.65,45.06,262.40
1849,US,CITY,266.78,45.15,278.00
1850,US,CITY,265.65,45.95,342.00
1851,US,CITY,266.53,44.83,276.50
1852,US,CITY,266.77,44.88,265.80
1853,US,CITY,265.49,45.15,347.50
1854,US,CITY,266.94,44.93,213.40
1855,US,CITY,266.08,44.22,311.20
1856,US,CITY,265.58,43.65,353.90
1857,US,CITY,264.42,43.64,478.50
1858,US,CITY,268.29,44.08,199.90
1859,US,CITY,266.63,43.68,383.70
1860,US,CITY,261.59,45.44,395.30
1861,US,CITY,265.01,43.65,440.70
1862,US,CITY,267.17,44.02,397.80
1863,US,CITY,266.97,44.86,249.90
1864,US,CITY,256.22,44.48,1198.20
1865,US,CITY,256.95,44.05,963.20
1866,US,CITY,256.90,44.15,999.10
1867,US,CITY,270.89,45.15,463.90
1868,US,CITY,256.45,45.60,915.60
1869,US,CITY,254.46,44.34,1327.10
1870,US,CITY,253.28,44.38,1513.90
1871,US,CITY,253.03,44.77,1202.40
1872,US,CITY,249.58,44.54,2388.10
1873,US,CITY,252.05,43.97,1271.60
1874,US,CITY,251.92,44.52,1198.80
1875,US,CITY,255.20,47.13,748.90
1876,US,CITY,267.05,45.70,281.30
1877,US,CITY,266.39,45.56,298.40
1878,US,CITY,259.59,45.55,522.70
1879,US,CITY,252.80,41.80,2053.10
1880,US,CITY,250.98,44.52,1552.00
1881,US,CITY,249.89,42.58,2124.50
1882,US,CITY,251.54,43.06,1659.60
1883,US,CITY,248.88,44.68,2026.60
1884,US,CITY,251.46,45.81,1091.50
1885,US,CITY,250.54,47.05,1263.40
1886,US,CITY,255.75,46.36,905.60
1887,US,CITY,248.84,45.79,1349.30
1888,US,CITY,249.56,45.70,1415.20
1889,US,CITY,243.76,43.57,857.70
1890,US,CITY,243.37,43.65,740.40
1891,US,CITY,244.13,43.05,913.20
1892,US,CITY,245.54,42.73,1233.80
1893,US,CITY,244.36,47.46,1837.30
1894,US,CITY,248.19,43.83,1481.90
1895,US,CITY,245.07,44.17,1979.70
1896,US,CITY,241.04,43.60,1261.90
1897,US,CITY,237.14,45.77,16.80
1898,US,CITY,242.99,44.02,668.40
1899,US,CITY,246.12,45.12,1232.60
1900,US,CITY,243.88,45.94,1010.10
1901,US,CITY,242.14,42.59,1234.40
1902,US,CITY,241.03,44.40,1127.20
1903,US,CITY,241.15,45.70,452.90
1904,US,CITY,236.87,45.19,48.50
1905,US,CITY,240.74,45.83,195.40
1906,US,CITY,242.00,45.28,826.90
1907,US,CITY,241.58,45.51,1134.80
1908,US,CITY,242.19,44.84,1024.40
1909,US,CITY,236.65,43.24,160.00
1910,US,CITY,238.86,44.26,927.50
1911,US,CITY,236.78,44.13,107.60
1912,US,CITY,237.00,44.91,62.50
1913,US,CITY,236.72,44.50,76.20
1914,US,CITY,237.23,45.25,59.70
1915,US,CITY,237.39,45.60,5.80
1916,US,CITY,237.59,45.55,8.80
1917,US,CITY,237.05,45.54,62.20
1918,US,CITY,238.83,45.62,71.60
1919,US,CITY,292.21,46.12,145.10
1920,US,CITY,290.47,46.62,304.80
1921,US,CITY,291.98,46.87,190.20
1922,US,CITY,291.95,46.68,163.10
1923,US,CITY,290.29,43.96,20.70
1924,US,CITY,275.64,46.48,220.10
1925,US,CITY,275.53,46.25,243.50
1926,US,CITY,275.21,45.56,214.90
1927,US,CITY,270.52,45.63,495.00
1928,US,CITY,276.19,45.41,204.20
1929,US,CITY,274.73,45.30,196.90
1930,US,CITY,275.36,45.87,225.60
1931,US,CITY,274.80,44.99,189.00
1932,US,CITY,271.89,45.82,350.20
1933,US,CITY,271.51,47.17,333.80
1934,US,CITY,268.26,47.05,329.20
1935,US,CITY,269.87,46.53,374.90
1936,US,CITY,267.20,46.42,328.00
1937,US,CITY,267.82,46.84,436.80
1938,US,CITY,263.38,47.84,274.00
1939,US,CITY,264.93,46.90,437.10
1940,US,CITY,269.62,47.84,548.00
1941,US,CITY,267.16,47.39,412.10
1942,US,CITY,267.96,46.72,185.90
1943,US,CITY,264.12,46.83,425.80
1944,US,CITY,266.49,47.21,413.00
1945,US,CITY,268.17,47.82,443.80
1946,US,CITY,263.96,44.99,329.80
1947,US,CITY,266.35,47.78,411.20
1948,US,CITY,269.66,47.75,185.90
1949,US,CITY,266.60,48.56,360.60
1950,US,CITY,267.52,48.27,341.10
1951,US,CITY,267.50,47.42,420.30
1952,US,CITY,266.73,45.89,308.50
1953,US,CITY,265.40,48.72,329.80
1954,US,CITY,264.30,48.86,322.80
1955,US,CITY,263.06,48.75,249.60
1956,US,CITY,265.48,48.15,360.00
1957,US,CITY,265.80,46.99,406.60
1958,US,CITY,266.74,45.56,288.00
1959,US,CITY,266.32,46.55,367.00
1960,US,CITY,264.22,47.59,389.20
1961,US,CITY,264.89,43.91,429.80
1962,US,CITY,264.35,45.33,316.70
1963,US,CITY,265.62,46.72,394.70
1964,US,CITY,265.19,46.38,392.30
1965,US,CITY,263.58,45.31,335.30
1966,US,CITY,265.92,44.76,302.40
1967,US,CITY,263.19,46.93,274.30
1968,US,CITY,263.46,45.78,312.40
1969,US,CITY,261.33,46.93,455.40
1970,US,CITY,265.07,47.50,424.30
1971,US,CITY,263.82,48.07,339.90
1972,US,CITY,268.58,47.25,331.90
1973,US,CITY,267.07,43.66,375.80
1974,US,CITY,262.82,47.94,256.60
1975,US,CITY,261.10,48.12,439.20
1976,US,CITY,262.60,47.97,278.30
1977,US,CITY,257.35,46.01,824.50
1978,US,CITY,257.20,46.80,786.40
1979,US,CITY,259.24,46.78,503.20
1980,US,CITY,256.36,48.17,579.70
1981,US,CITY,258.65,48.42,508.10
1982,US,CITY,258.73,48.26,507.50
1983,US,CITY,258.56,47.65,582.20
1984,US,CITY,253.38,48.21,696.50
1985,US,CITY,253.05,47.33,811.40
1986,US,CITY,254.43,48.09,605.30
1987,US,CITY,255.82,47.72,603.50
1988,US,CITY,247.62,48.60,1169.80
1989,US,CITY,247.45,45.26,1585.00
1990,US,CITY,248.04,46.61,1166.80
1991,US,CITY,245.91,46.92,972.90
1992,US,CITY,247.50,45.96,1678.20
1993,US,CITY,248.62,47.47,1116.80
1994,US,CITY,248.82,47.52,1058.30
1995,US,CITY,248.62,47.45,1130.50
1996,US,CITY,250.24,48.54,787.90
1997,US,CITY,245.74,48.30,901.30
1998,US,CITY,239.46,46.57,324.30
1999,US,CITY,238.66,47.28,1206.70
2000,US,CITY,239.80,47.40,374.60
2001,US,CITY,240.68,47.21,364.50
2002,US,CITY,242.98,46.37,439.50
2003,US,CITY,243.18,47.77,703.20
2004,US,CITY,240.88,46.27,124.10
2005,US,CITY,241.71,46.09,355.40
2006,US,CITY,242.47,47.62,717.20
2007,US,CITY,242.35,47.63,750.10
2008,US,CITY,242.68,47.68,595.30
2009,US,CITY,242.89,46.74,777.50
2010,US,CITY,242.57,47.97,667.80
2011,US,CITY,239.47,47.03,538.30
2012,US,CITY,240.70,46.31,120.09
2013,US,CITY,236.50,48.12,87.80
2014,US,CITY,240.48,48.46,396.20
2015,US,CITY,240.48,47.31,381.60
2016,US,CITY,236.12,46.16,2.70
2017,US,CITY,237.34,45.62,9.10
2018,US,CITY,237.10,46.97,57.30
2019,US,CITY,236.07,46.97,3.70
2020,US,CITY,237.11,46.12,6.10
2021,US,CITY,236.86,47.24,82.60
2022,US,CITY,237.23,47.48,135.30
2023,US,CITY,237.69,47.44,112.80
2024,US,CITY,237.79,47.49,8.80
2025,US,CITY,237.70,47.53,6.10
2026,US,CITY,237.72,47.91,184.70
2027,US,CITY,237.42,47.27,89.00
2028,US,CITY,237.84,48.16,41.80
2029,US,CITY,237.46,48.79,45.40
2030,US,CITY,236.98,48.52,33.20
2031,US,CITY,285.37,41.20,125.00
2032,US,CITY,254.83,37.50,3114.10
2033,US,CITY,247.07,40.18,1325.60
2034,US,CITY,245.38,32.65,64.90
2035,US,CITY,236.59,48.14,3.96
2036,US,CITY,237.52,47.15,98.10
2037,US,CITY,237.42,47.08,91.40
2038,US,CITY,280.15,36.44,211.20
2039,US,CITY,288.25,43.78,153.90
2040,US,CITY,277.90,38.91,196.00
2041,US,CITY,254.12,46.43,799.80
2042,US,CITY,263.61,33.94,212.80
2043,US,CITY,265.60,34.05,108.20
2044,US,CITY,284.27,44.05,209.70
2045,US,CITY,288.56,42.93,67.40
2046,US,CITY,288.48,42.78,61.00
2047,US,CITY,286.71,42.43,363.90
2048,US,CITY,274.32,40.48,263.00
2049,US,CITY,269.41,41.61,228.60
2050,US,CITY,271.45,37.81,120.70
2051,US,CITY,270.30,38.15,164.00
2052,US,CITY,271.52,41.77,216.40
2053,US,CITY,271.59,38.38,132.90
2054,US,CITY,270.91,38.51,162.80
2055,US,CITY,271.55,38.66,143.90
2056,US,CITY,271.82,38.72,146.90
2057,US,CITY,272.82,40.95,212.10
2058,US,CITY,270.67,39.53,189.60
2059,US,CITY,269.22,39.64,216.40
2060,US,CITY,272.10,42.12,193.90
2061,US,CITY,269.76,39.78,190.20
2062,US,CITY,265.64,46.09,350.52
2063,US,CITY,270.67,40.16,182.00
2064,US,CITY,286.24,40.64,3.40
2065,US,CITY,286.58,40.73,24.70
2066,US,CITY,287.37,40.84,20.40
2067,US,CITY,288.88,42.72,45.40
2068,US,CITY,288.89,42.21,190.50
2069,US,CITY,287.47,42.20,75.00
2070,US,CITY,287.28,42.16,82.60
2071,US,CITY,280.73,42.49,203.00
2072,US,CITY,286.05,42.85,115.20
2073,US,CITY,239.89,36.99,77.10
2074,US,CITY,238.38,39.49,57.90
2075,US,CITY,243.08,33.04,424.60
2076,US,CITY,241.59,34.26,305.70
2077,US,CITY,238.21,36.94,48.80
2078,US,CITY,237.95,37.41,11.90
2079,US,CITY,238.07,38.27,18.00
2080,US,CITY,255.18,38.97,2003.10
2081,US,CITY,261.25,37.70,595.00
2082,US,CITY,264.50,37.33,264.90
2083,US,CITY,275.95,39.83,249.90
2084,US,CITY,283.13,38.82,86.00
2085,US,CITY,283.39,39.28,6.10
2086,US,CITY,284.88,38.31,3.70
2087,US,CITY,285.09,39.01,7.00
2088,US,CITY,283.64,37.08,3.00
2089,US,CITY,279.98,36.63,286.80
2090,US,CITY,243.37,35.28,716.30
2091,US,CITY,242.31,35.69,679.70
2092,US,CITY,244.97,36.25,570.00
2093,US,CITY,244.32,36.58,951.90
2094,US,CITY,256.21,34.30,1326.00
2095,US,CITY,260.23,36.30,667.80
2096,US,CITY,272.52,36.67,174.70
2097,US,CITY,273.58,36.96,160.90
2098,US,CITY,282.95,35.57,11.60
2099,US,CITY,282.02,35.00,41.80
2100,US,CITY,281.07,35.13,74.40
2101,US,CITY,280.11,35.65,205.10
2102,US,CITY,281.27,35.38,60.40
2103,US,CITY,280.94,35.93,156.10
2104,US,CITY,282.04,35.46,40.80
2105,US,CITY,271.51,33.87,69.20
2106,US,CITY,240.05,36.33,70.70
2107,US,CITY,242.40,34.06,289.30
2108,US,CITY,241.97,34.08,90.20
2109,US,CITY,244.42,32.83,-17.70
2110,US,CITY,243.53,32.63,805.00
2111,US,CITY,243.84,33.63,-36.00
2112,US,CITY,245.29,33.62,120.40
2113,US,CITY,253.90,32.85,1267.40
2114,US,CITY,259.35,30.59,652.30
2115,US,CITY,261.40,31.92,423.10
2116,US,CITY,257.45,36.02,1216.20
2117,US,CITY,262.64,32.82,209.40
2118,US,CITY,260.23,30.51,533.10
2119,US,CITY,263.64,30.59,93.00
2120,US,CITY,267.44,31.33,25.60
2121,US,CITY,277.72,29.69,37.50
2122,US,CITY,270.92,30.41,12.80
2123,US,CITY,269.91,33.50,40.50
2124,US,CITY,270.75,31.28,46.00
2125,US,CITY,269.01,33.48,39.00
2126,US,CITY,271.08,30.42,10.10
2127,US,CITY,271.47,30.46,5.50
2128,US,CITY,274.42,30.07,5.20
2129,US,CITY,274.82,30.84,34.40
2130,US,CITY,274.40,30.85,25.90
2131,US,CITY,273.32,30.42,11.60
2132,US,CITY,278.87,32.02,17.10
2133,US,CITY,278.26,32.48,57.00
2134,US,CITY,275.74,32.96,242.60
2135,US,CITY,274.93,33.02,207.90
2136,US,CITY,276.04,33.98,323.40
2137,US,CITY,276.33,33.98,287.40
2138,US,CITY,276.80,30.97,71.00
2139,US,CITY,275.40,34.01,317.00
2140,US,CITY,278.49,30.34,12.50
2141,US,CITY,279.84,26.08,3.40
2142,US,CITY,278.95,29.18,9.40
2143,US,CITY,277.48,27.85,4.30
2144,US,CITY,279.53,33.97,73.50
2145,US,CITY,281.07,33.68,7.60
2146,US,CITY,281.28,33.82,9.80
2147,US,CITY,280.22,32.90,4.30
2148,US,CITY,280.68,33.32,12.20
2149,US,CITY,279.58,27.65,8.50
2150,US,CITY,278.25,28.06,44.50
2151,US,CITY,279.43,28.48,3.00
2152,US,CITY,279.32,28.62,3.00
2153,US,CITY,279.40,28.23,2.40
2154,US,CITY,277.95,29.84,60.00
2155,US,CITY,241.56,35.13,1219.50
2156,US,CITY,248.57,32.94,479.75
2157,US,CITY,238.58,36.90,72.20
2158,US,CITY,276.44,34.15,290.20
2159,US,CITY,238.40,37.08,86.30
2160,US,CITY,239.00,39.22,961.00
2161,US,CITY,243.03,32.54,149.04
2162,US,CITY,244.76,32.63,22.55
2163,US,CITY,244.82,32.40,11.00
2164,US,CITY,245.15,31.03,15.00
2165,US,CITY,246.45,31.30,62.00
2166,US,CITY,253.57,31.64,1189.93
2167,US,CITY,248.17,30.72,398.00
2168,US,CITY,252.05,30.37,1487.00
2169,US,CITY,248.95,29.10,191.10
2170,US,CITY,252.18,28.95,1932.00
2171,US,CITY,253.92,28.63,1433.00
2172,US,CITY,254.04,28.70,1360.01
2173,US,CITY,259.46,28.63,274.62
2174,US,CITY,250.17,27.39,62.48
2175,US,CITY,249.07,27.97,17.98
2176,US,CITY,249.23,27.95,12.00
2177,US,CITY,250.08,27.48,38.00
2178,US,CITY,260.43,27.44,147.52
2179,US,CITY,248.65,25.99,10.36
2180,US,CITY,251.72,26.73,238.00
2181,US,CITY,254.33,26.93,1661.00
2182,US,CITY,258.53,26.96,568.14
2183,US,CITY,261.77,26.01,42.36
2184,US,CITY,250.92,25.69,4.87
2185,US,CITY,254.25,25.35,1967.00
2186,US,CITY,256.59,25.57,1124.10
2187,US,CITY,258.98,25.37,1790.00
2188,US,CITY,259.70,25.73,515.00
2189,US,CITY,259.76,25.87,449.88
2190,US,CITY,259.89,25.78,389.53
2191,US,CITY,262.47,25.77,7.62
2192,US,CITY,248.37,25.00,48.00
2193,US,CITY,281.30,26.56,2.13
2194,US,CITY,282.53,25.04,4.87
2195,US,CITY,278.12,26.40,3.00
2196,US,CITY,277.20,28.12,6.00
2197,US,CITY,270.57,28.90,0.00
2198,US,CITY,236.23,46.21,2.00
2199,US,CITY,237.24,48.86,5.00
2200,US,CITY,237.66,47.61,2.00
2201,US,CITY,236.99,48.55,2.00
2202,US,CITY,237.54,37.81,2.00
2203,US,CITY,242.74,32.87,2.00
2204,US,CITY,238.11,36.61,2.00
2205,US,CITY,284.29,36.91,0.00
2206,US,CITY,237.03,37.99,2.00
2207,US,CITY,239.24,35.18,2.00
2208,US,CITY,236.56,48.13,5.00
2209,US,CITY,237.24,48.11,5.00
2210,US,CITY,241.50,34.01,2.00
2211,US,CITY,236.04,46.71,5.00
2212,US,CITY,237.70,37.77,2.00
2213,US,CITY,237.96,38.06,2.00
2214,US,CITY,237.60,37.93,5.60
2215,US,CITY,237.80,37.51,6.00
2216,US,CITY,236.30,38.92,2.00
2217,US,CITY,275.02,29.73,2.00
2218,US,CITY,289.90,41.28,0.00
2219,US,CITY,272.78,30.40,3.00
2220,US,CITY,237.59,47.27,5.00
2221,US,CITY,279.97,26.61,0.00
2222,US,CITY,291.87,43.97,9.10
2223,US,CITY,276.56,44.26,171.60
2224,US,CITY,275.03,46.76,185.90
2225,US,CITY,277.34,28.43,0.00
2226,US,CITY,278.91,25.08,0.00
2227,US,CITY,275.71,30.06,0.00
2228,US,CITY,271.63,48.22,195.40
2229,US,CITY,262.95,27.83,0.00
2230,US,CITY,270.69,47.87,183.50
2231,US,CITY,283.48,34.62,4.60
2232,US,CITY,237.16,48.32,15.20
2233,US,CITY,269.27,47.08,191.70
2234,US,CITY,272.78,47.18,182.90
2235,US,CITY,239.35,34.58,32.30
2236,US,CITY,277.55,27.07,0.00
2237,US,CITY,280.11,32.68,3.00
2238,US,CITY,280.65,42.49,182.90
2239,US,CITY,265.95,29.67,0.90
2240,US,CITY,289.38,42.97,13.10
2241,US,CITY,272.31,43.75,175.90
2242,US,CITY,277.16,41.63,176.80
2243,US,CITY,237.56,47.66,3.00
2244,US,CITY,291.14,43.78,16.20
2245,US,CITY,281.00,26.70,1.50
2246,US,CITY,283.56,38.90,0.00
2247,US,CITY,278.74,29.86,0.00
2248,US,CITY,271.93,30.25,0.00
2249,US,CITY,279.62,25.01,0.00
2250,US,CITY,279.90,25.59,0.00
2251,US,CITY,276.97,29.14,1.80
2252,US,CITY,276.41,29.82,1.80
2253,US,CITY,262.58,27.30,0.00
2254,US,CITY,287.92,41.31,20.00
2255,US,CITY,275.14,29.41,0.00
2256,US,CITY,279.56,27.86,10.00
2257,US,CITY,288.95,42.35,0.00
2258,US,CITY,273.02,45.28,188.00
2259,US,CITY,272.88,45.20,181.00
2260,US,CITY,283.33,34.20,10.00
2261,US,CITY,270.05,29.27,10.00
2262,US,CITY,276.47,44.02,204.00
2263,US,CITY,276.81,45.04,175.90
2264,US,CITY,280.08,32.78,6.00
2265,US,CITY,267.94,29.44,0.00
2266,US,CITY,269.52,28.87,0.00
2267,US,CITY,281.11,42.88,178.30
2268,US,CITY,272.46,41.73,179.40
2269,US,CITY,276.10,45.99,179.60
2270,US,CITY,277.58,43.01,180.10
2271,US,CITY,269.66,47.75,186.20
2272,US,CITY,277.36,43.85,179.20
2273,US,CITY,273.56,43.95,179.40
2274,US,CITY,272.62,46.55,187.50
2275,US,CITY,283.49,43.46,78.00
2276,US,CITY,275.37,46.49,186.10
2277,US,CITY,275.63,46.50,185.70
2278,US,CITY,285.58,39.35,10.00
2279,US,CITY,285.99,40.70,10.00
2280,US,CITY,285.85,40.64,10.00
2281,US,CITY,288.83,41.70,10.00
2282,US,CITY,289.33,41.52,10.00
2283,US,CITY,289.75,43.65,10.00
2284,US,CITY,288.67,41.72,10.00
2285,US,CITY,288.60,41.80,10.00
2286,US,CITY,289.00,41.70,10.00
2287,US,CITY,286.23,40.80,10.00
2288,US,CITY,284.88,38.78,10.00
2289,US,CITY,288.03,41.05,10.00
2290,US,CITY,287.92,41.35,8.50
2291,US,CITY,287.12,41.28,10.00
2292,US,CITY,288.68,41.50,10.00
2293,US,CITY,285.00,39.93,20.00
2294,US,CITY,288.60,41.58,10.00
2295,US,CITY,286.00,40.47,10.00
2296,US,CITY,286.82,41.17,10.00
2297,US,CITY,277.10,41.55,190.00
2298,US,CITY,288.66,41.64,3.00
2299,US,CITY,276.60,41.68,184.00
2300,US,CITY,283.43,39.27,10.00
2301,US,CITY,283.93,38.57,6.00
2302,US,CITY,283.88,36.97,16.00
2303,US,CITY,284.20,39.52,10.00
2304,US,CITY,279.10,32.03,6.00
2305,US,CITY,283.48,39.22,10.00
2306,US,CITY,283.53,37.98,10.00
2307,US,CITY,283.70,36.77,10.00
2308,US,CITY,281.08,33.65,10.00
2309,US,CITY,284.47,35.80,10.00
2310,US,CITY,283.55,38.32,10.00
2311,US,CITY,283.77,39.20,10.00
2312,US,CITY,284.32,37.60,10.00
2313,US,CITY,282.98,38.87,10.00
2314,US,CITY,283.52,37.22,10.00
2315,US,CITY,266.66,29.77,3.00
2316,US,CITY,272.50,42.00,202.00
2317,US,CITY,273.07,41.73,197.00
2318,US,CITY,272.20,42.58,196.00
2319,US,CITY,273.67,43.23,185.00
2320,US,CITY,272.12,43.05,188.00
2321,US,CITY,273.72,42.40,193.00
2322,US,CITY,276.82,41.82,188.00
2323,US,CITY,277.17,27.97,10.00
2324,US,CITY,278.13,26.65,6.00
2325,US,CITY,278.53,30.67,7.00
2326,US,CITY,278.20,26.12,10.00
2327,US,CITY,274.12,30.22,10.00
2328,US,CITY,277.38,27.75,10.00
2329,US,CITY,279.42,28.42,10.00
2330,US,CITY,279.85,25.73,10.00
2331,US,CITY,278.57,30.40,2.00
2332,US,CITY,276.58,45.07,179.00
2333,US,CITY,269.58,29.77,10.00
2334,US,CITY,265.08,29.48,10.00
2335,US,CITY,265.22,29.30,0.00
2336,US,CITY,262.78,27.58,10.00
2337,US,CITY,266.13,29.73,3.00
2338,US,CITY,262.78,26.05,10.00
2339,US,CITY,265.02,29.68,10.00
2340,US,CITY,284.43,39.90,0.00
2341,US,CITY,242.65,28.20,4.00
2342,US,CITY,285.12,40.08,9.00
2343,US,CITY,283.97,38.22,3.00
2344,US,CITY,284.90,38.98,3.00
2345,US,CITY,283.98,36.93,3.00
2346,US,CITY,278.37,41.53,210.00
2347,US,CITY,284.42,39.58,8.00
2348,US,CITY,282.17,34.20,3.00
2349,US,CITY,275.70,46.48,185.00
2350,US,CITY,285.25,40.80,18.00
2351,US,CITY,277.43,27.63,3.00
2352,US,CITY,270.60,28.92,3.00
2353,US,CITY,277.45,27.85,9.00
2354,US,CITY,236.10,45.55,3.00
2355,US,CITY,289.45,43.32,6.00
2356,US,CITY,283.67,37.25,10.00
2357,US,CITY,265.28,29.35,3.00
2358,US,CITY,274.45,45.20,184.00
2359,US,CITY,271.47,47.27,198.00
2360,US,CITY,272.18,42.35,188.00
2361,US,CITY,272.13,43.38,180.00
2362,US,CITY,268.92,47.27,198.00
2363,US,CITY,269.57,46.57,186.00
2364,US,CITY,274.03,46.67,191.00
2365,US,CITY,272.52,44.45,178.00
2366,US,CITY,272.00,30.43,14.00
2367,US,CITY,285.93,40.65,72.00
2368,US,CITY,284.63,39.30,3.00
2369,US,CITY,283.35,38.72,2.00
2370,US,CITY,283.58,36.97,2.00
2371,US,CITY,272.07,30.65,10.00
2372,US,CITY,272.42,45.10,178.00
2373,US,CITY,272.85,41.65,182.00
2374,US,CITY,273.35,45.62,186.00
2375,US,CITY,274.57,46.08,180.00
2376,US,CITY,281.85,33.90,12.00
2377,US,CITY,237.05,46.10,3.00
2378,US,CITY,273.48,44.05,186.00
2379,US,CITY,268.62,46.78,186.00
2380,US,CITY,274.13,45.97,180.00
2381,US,CITY,272.28,46.82,185.00
2382,US,CITY,281.28,43.33,83.00
2383,US,CITY,279.55,32.55,5.00
2384,US,CITY,286.08,42.02,12.00
2385,US,CITY,275.12,29.78,5.00
2386,US,CITY,289.17,43.05,3.00
2387,US,CITY,283.30,38.77,3.00
2388,US,CITY,277.13,42.47,180.00
2389,US,CITY,238.27,36.82,3.00
2390,US,CITY,279.03,41.85,186.00
2391,US,CITY,278.78,29.65,4.00
2392,US,CITY,277.45,41.40,184.00
2393,US,CITY,285.55,39.53,12.00
2394,US,CITY,288.67,41.63,13.00
2395,US,CITY,280.82,33.35,4.00
2396,US,CITY,282.15,34.15,5.00
2397,US,CITY,237.53,48.47,3.00
2398,US,CITY,278.30,26.03,20.00
2399,US,CITY,282.42,43.25,83.00
2400,US,CITY,278.72,31.42,5.00
2401,US,CITY,237.98,38.22,3.00
2402,US,CITY,273.52,42.10,184.00
2403,US,CITY,242.87,32.57,4.00
2404,US,CITY,289.48,41.58,10.00
2405,US,CITY,289.45,43.33,19.00
2406,US,CITY,272.17,30.42,0.00
2407,US,CITY,283.28,37.42,11.00
2408,US,CITY,262.97,28.13,5.00
2409,US,CITY,279.45,41.98,189.00
2410,US,CITY,280.93,43.27,243.00
2411,US,CITY,284.57,39.08,5.00
2412,US,CITY,271.58,30.35,5.00
2413,US,CITY,239.27,35.17,16.00
2414,US,CITY,271.77,47.18,191.00
2415,US,CITY,278.73,34.10,109.00
2416,US,CITY,277.50,41.38,182.00
2417,US,CITY,277.47,43.42,191.00
2418,US,CITY,265.50,29.52,10.00
2419,US,CITY,262.93,27.83,10.00
2420,US,CITY,263.28,28.40,10.00
2421,US,CITY,264.70,28.93,4.00
2422,US,CITY,271.95,30.65,10.00
2423,US,CITY,269.88,30.02,4.00
2424,US,CITY,271.97,30.70,0.00
2425,US,CITY,274.33,30.15,5.00
2426,US,CITY,275.80,46.28,177.00
2427,US,CITY,277.80,33.67,89.00
2428,US,CITY,270.45,28.65,41.00
2429,US,CITY,279.30,34.33,87.00
2430,US,CITY,284.25,36.18,7.00
2431,US,CITY,284.92,38.32,0.00
2432,US,CITY,277.42,27.65,10.00
2433,US,CITY,272.65,45.20,181.00
2434,US,CITY,268.67,29.45,5.00
2435,US,CITY,270.33,29.87,5.00
2436,US,CITY,270.68,30.32,5.00
2437,US,CITY,262.95,28.02,4.00
2438,US,CITY,271.43,30.35,3.00
2439,US,CITY,280.98,43.07,179.00
2440,US,CITY,262.77,27.63,11.00
2441,US,CITY,271.50,30.22,6.00
2442,US,CITY,271.48,30.33,5.00
2443,US,CITY,276.28,43.80,188.00
2444,US,CITY,283.68,36.98,3.00
2445,US,CITY,291.80,44.40,3.40
2446,US,CITY,275.28,45.78,178.50
2447,US,CITY,266.78,30.22,8.10
2448,US,CITY,284.58,39.82,3.00
2449,US,CITY,280.95,42.68,4.20
2450,US,CITY,282.38,43.27,3.00
2451,US,CITY,278.72,41.77,176.00
2452,US,CITY,267.70,29.55,10.00
2453,US,CITY,279.89,26.09,3.50
2454,US,CITY,277.58,42.98,180.00
2455,US,CITY,240.34,34.41,6.00
2456,US,CITY,284.96,40.01,20.00
2457,US,CITY,273.65,44.25,179.50
2458,US,CITY,273.80,42.77,178.00
2459,US,CITY,242.83,32.71,35.00
2460,US,CITY,283.52,38.98,0.00
2461,US,CITY,284.30,35.21,5.60
2462,US,CITY,284.51,44.70,10.00
2463,US,CITY,280.40,42.35,174.00
2464,US,CITY,268.77,29.67,3.00
2465,US,CITY,271.86,30.31,4.00
2466,US,CITY,271.79,30.26,3.53
2467,US,CITY,292.79,44.66,10.00
2468,US,CITY,269.98,28.89,40.50
2469,US,CITY,237.74,38.06,10.00
2470,US,CITY,237.88,38.03,10.00
2471,US,CITY,237.67,37.81,10.00
2472,US,CITY,237.64,37.91,10.00
2473,US,CITY,238.11,38.04,10.00
2474,US,CITY,237.61,37.80,10.00
2475,US,CITY,264.73,29.73,10.00
2476,US,CITY,262.61,27.81,8.00
2477,US,CITY,262.82,26.08,10.00
2478,US,CITY,262.98,28.12,10.00
2479,US,CITY,272.17,30.33,3.00
2480,US,CITY,270.74,29.18,10.00
2481,US,CITY,263.41,28.64,10.00
2482,US,CITY,266.16,29.69,11.40
2483,US,CITY,272.44,30.28,2.36
2484,US,CITY,277.47,42.62,174.35
2485,US,CITY,237.71,37.80,4.00
2486,US,CITY,272.35,41.98,177.00
2487,US,CITY,272.39,41.86,190.00
2488,US,CITY,285.75,40.62,7.00
2489,US,CITY,263.82,27.73,0.30
2490,US,CITY,267.52,44.02,355.10
2491,US,CITY,283.54,35.02,5.20
2492,US,CITY,272.60,37.35,124.40
2493,US,CITY,266.53,30.44,25.60
2494,US,CITY,286.90,43.99,149.00
2495,US,CITY,274.14,34.27,295.70
2496,US,CITY,264.17,32.16,135.30
2497,US,CITY,275.79,39.08,256.90
2498,US,CITY,269.06,30.17,4.60
2499,US,CITY,262.54,29.53,108.20
2500,US,CITY,246.94,41.05,1292.00
2501,US,CITY,247.64,38.96,1519.40
2502,US,CITY,269.92,29.95,9.10
2503,US,CITY,255.43,44.66,1300.00
2504,US,CITY,254.00,34.98,1889.50
2505,US,CITY,257.19,31.62,830.30
2506,US,CITY,253.11,34.36,1477.40
2507,US,CITY,257.23,33.96,1140.60
2508,US,CITY,258.41,36.60,995.50
2509,US,CITY,252.31,38.54,2560.90
2510,US,CITY,251.50,37.26,2448.80
2511,US,CITY,253.48,35.86,2656.60
2512,US,CITY,256.18,37.86,1336.90
2513,US,CITY,259.04,38.87,874.80
2514,US,CITY,259.75,32.04,608.70
2515,US,CITY,253.26,32.61,1318.90
2516,US,CITY,280.64,33.15,2.70
2517,US,CITY,280.53,39.01,1033.30
2518,US,CITY,284.07,37.29,8.80
2519,US,CITY,280.66,39.58,894.00
2520,US,CITY,280.91,35.97,171.30
2521,US,CITY,281.53,38.00,358.70
2522,US,CITY,284.21,39.86,121.90
2523,US,CITY,240.35,44.56,684.30
2524,US,CITY,246.44,43.46,1804.40
2525,US,CITY,243.25,43.20,1204.00
2526,US,CITY,240.31,43.47,1396.90
2527,US,CITY,246.57,48.74,1388.40
2528,US,CITY,249.29,43.66,1970.80
2529,US,CITY,248.57,40.48,1718.20
2530,US,CITY,242.47,47.42,691.00
2531,US,CITY,246.99,45.16,1820.00
2532,US,CITY,247.46,41.62,1509.10
2533,US,CITY,240.36,41.85,1981.20
2534,US,CITY,249.71,46.88,1545.30
2535,US,CITY,237.39,40.65,432.20
2536,US,CITY,238.55,48.54,124.10
2537,US,CITY,236.67,44.42,95.10
2538,US,CITY,236.19,47.51,87.20
2539,US,CITY,263.38,43.73,485.90
2540,US,CITY,264.13,48.31,350.50
2541,US,CITY,270.59,29.33,0.90
2542,US,CITY,262.57,27.70,9.10
2543,US,CITY,261.94,26.53,19.50
2544,US,CITY,268.90,29.69,1.50
2545,US,CITY,266.85,39.87,253.90
2546,US,CITY,283.51,38.99,1.80
2547,US,CITY,256.79,29.35,1065.00
2548,US,CITY,242.77,34.10,353.30
2549,US,CITY,274.00,31.79,143.90
2550,US,CITY,272.26,31.88,106.70
2551,US,CITY,270.57,34.82,147.50
2552,US,CITY,268.22,35.82,138.70
2553,US,CITY,263.18,28.30,4.60
2554,US,CITY,261.92,30.62,414.80
2555,US,CITY,265.42,37.43,290.20
2556,US,CITY,268.28,37.63,365.20
2557,US,CITY,248.83,32.24,833.00
2558,US,CITY,249.49,31.59,1466.40
2559,US,CITY,243.98,36.62,1001.00
2560,US,CITY,245.79,39.01,2016.90
2561,US,CITY,242.86,36.60,25.60
2562,US,CITY,248.71,38.30,1891.00
2563,US,CITY,240.18,37.76,2017.80
2564,US,CITY,242.81,33.44,347.50
2565,US,CITY,240.12,34.41,5.50
2566,US,CITY,245.81,32.84,189.00
2567,US,CITY,247.66,35.76,1825.80
2568,US,CITY,277.39,35.49,655.60
2569,US,CITY,277.44,35.42,641.00
2570,US,CITY,262.91,36.12,271.30
2571,US,CITY,262.89,36.13,270.70
2572,US,CITY,268.13,30.09,10.70
2573,US,CITY,267.88,32.88,26.80
2574,US,CITY,264.28,31.78,116.70
2575,US,CITY,263.39,39.10,346.60
2576,US,CITY,289.07,43.17,36.30
2577,US,CITY,289.05,43.11,19.20
2578,US,CITY,288.46,41.49,35.10
2579,US,CITY,288.46,41.48,32.30
2580,US,CITY,271.63,40.05,213.40
2581,US,CITY,273.08,46.33,266.70
2582,US,CITY,271.15,41.84,262.40
2583,US,CITY,278.22,40.37,341.40
2584,US,CITY,275.28,44.91,445.30
2585,US,CITY,266.71,41.56,280.70
2586,US,CITY,269.83,44.06,284.40
2587,US,CITY,267.01,46.11,344.40
2588,US,CITY,260.87,45.71,596.50
2589,US,CITY,260.52,46.77,585.20
2590,US,CITY,278.67,33.36,96.60
2591,US,CITY,275.53,31.31,53.60
2592,US,CITY,275.55,31.19,47.50
2593,US,CITY,270.93,32.34,114.00
2594,US,CITY,275.25,38.09,271.60
2595,US,CITY,273.77,37.25,240.80
2596,US,CITY,276.61,33.78,225.90
2597,US,CITY,274.87,36.01,583.10
2598,US,CITY,278.54,30.81,7.60
2599,US,CITY,274.04,34.29,351.10
2600,US,CITY,272.76,32.46,58.80
2601,US,CITY,274.38,34.57,310.90
2602,US,CITY,273.20,34.20,243.80
2603,US,CITY,272.65,34.66,175.30
2604,US,CITY,272.12,30.55,29.00
2605,US,CITY,274.40,30.85,25.90
2606,US,CITY,273.39,32.85,178.00
2607,US,CITY,271.86,32.84,32.60
2608,US,CITY,272.38,32.72,85.30
2609,US,CITY,272.36,34.77,161.50
2610,US,CITY,272.29,34.45,219.50
2611,US,CITY,274.00,34.69,193.90
2612,US,CITY,273.02,32.33,47.90
2613,US,CITY,273.43,38.89,231.60
2614,US,CITY,272.95,31.14,51.80
2615,US,CITY,286.26,41.79,125.90
2616,US,CITY,280.22,44.23,246.00
2617,US,CITY,283.75,42.44,374.30
2618,US,CITY,272.41,33.21,45.70
2619,US,CITY,273.69,31.92,187.10
2620,US,CITY,273.94,33.57,160.00
2621,US,CITY,279.31,28.62,0.90
2622,US,CITY,278.68,25.90,1.20
2623,US,CITY,278.63,27.15,45.70
2624,US,CITY,239.12,37.24,23.80
2625,US,CITY,236.93,38.32,19.20
2626,US,CITY,283.13,34.88,9.10
2627,US,CITY,278.05,34.92,244.10
2628,US,CITY,271.47,39.07,178.90
2629,US,CITY,254.79,48.49,805.60
2630,US,CITY,254.90,48.31,635.50
2631,US,CITY,255.24,40.81,1642.90
2632,US,CITY,254.46,40.04,2995.60
2633,US,CITY,256.26,42.42,1342.90
2634,US,CITY,251.33,42.68,1759.60
2635,US,CITY,258.56,42.07,1140.00
2636,US,CITY,256.62,46.89,844.60
2637,US,CITY,256.70,45.52,878.70
2638,US,CITY,251.03,40.24,1847.70
2639,US,CITY,257.83,48.97,561.40
2640,US,CITY,259.65,44.02,647.40
2641,US,CITY,255.56,44.52,1765.40
2642,US,CITY,291.30,44.93,38.70
2643,US,CITY,292.12,46.96,224.60
2644,US,CITY,263.43,40.85,362.40
2645,US,CITY,263.15,40.70,418.20
2646,US,CITY,263.63,30.22,93.90
2647,US,CITY,276.58,35.22,615.70
2648,US,CITY,262.88,34.15,257.30
2649,US,CITY,253.63,40.05,2258.90
2650,US,CITY,263.05,29.91,98.80
2651,US,CITY,276.43,30.07,13.70
2652,US,CITY,274.28,34.47,267.30
2653,US,CITY,246.99,36.96,1485.60
2654,US,CITY,250.52,37.58,1787.70
2655,US,CITY,270.61,41.02,173.10
2656,US,CITY,247.48,39.38,1450.50
2657,US,CITY,260.72,34.23,385.60
2658,US,CITY,278.44,37.60,543.50
2659,US,CITY,278.12,30.35,30.20
2660,US,CITY,273.04,30.51,31.10
2661,US,CITY,237.37,48.22,60.70
2662,US,CITY,271.01,36.38,103.90
2663,US,CITY,280.86,38.99,292.60
2664,US,CITY,276.64,36.86,473.00
2665,US,CITY,243.15,34.26,2057.10
2666,US,CITY,281.50,38.67,275.20
2667,US,CITY,237.40,38.25,27.10
2668,US,CITY,237.31,40.98,728.20
2669,US,CITY,272.09,44.87,184.40
2670,US,CITY,277.13,41.52,179.80
2671,US,CITY,261.89,47.42,434.00
2672,US,CITY,270.70,44.03,262.10
2673,US,CITY,269.09,43.58,394.10
2674,US,CITY,264.01,45.99,367.30
2675,US,CITY,274.94,42.94,249.00
2676,US,CITY,272.05,32.46,34.10
2677,US,CITY,266.60,36.70,411.20
